ts,o,h,l,close,vol,dt
1682467200000,1.49,1.5042,1.3247,1.4086,119188.8,2023-04-26 00:00:00+00:00
1682553600000,1.3829,1.4482,1.3829,1.4305,47229.3,2023-04-27 00:00:00+00:00
1682640000000,1.4223,1.4461,1.3596,1.3843,20975.2,2023-04-28 00:00:00+00:00
1682726400000,1.3764,1.3894,1.3371,1.3685,27206.9,2023-04-29 00:00:00+00:00
1682812800000,1.3631,1.4224,1.35,1.379,7581.6,2023-04-30 00:00:00+00:00
1682899200000,1.3832,1.3908,1.2903,1.3206,59072.0,2023-05-01 00:00:00+00:00
1682985600000,1.3156,1.3629,1.3111,1.349,3261.0,2023-05-02 00:00:00+00:00
1683072000000,1.3448,1.3595,1.3032,1.3466,23517.0,2023-05-03 00:00:00+00:00
1683158400000,1.3378,1.359,1.3124,1.3156,13893.7,2023-05-04 00:00:00+00:00
1683244800000,1.3197,1.3641,1.3,1.3458,8183.0,2023-05-05 00:00:00+00:00
1683331200000,1.3569,1.368,1.2198,1.2454,80160.4,2023-05-06 00:00:00+00:00
1683417600000,1.2432,1.2567,1.2268,1.2378,16911.4,2023-05-07 00:00:00+00:00
1683504000000,1.2226,1.2291,1.0139,1.0956,145945.7,2023-05-08 00:00:00+00:00
1683590400000,1.0911,1.1115,1.0855,1.1031,29817.2,2023-05-09 00:00:00+00:00
1683676800000,1.1125,1.2043,1.0949,1.1695,53695.4,2023-05-10 00:00:00+00:00
1683763200000,1.1647,1.1647,1.0607,1.0841,38640.4,2023-05-11 00:00:00+00:00
1683849600000,1.0886,1.1697,1.0665,1.1691,30546.4,2023-05-12 00:00:00+00:00
1683936000000,1.1666,1.1906,1.148,1.1749,10520.5,2023-05-13 00:00:00+00:00
1684022400000,1.1654,1.2045,1.151,1.1702,4304.8,2023-05-14 00:00:00+00:00
1684108800000,1.1749,1.2296,1.1498,1.195,15834.1,2023-05-15 00:00:00+00:00
1684195200000,1.1945,1.201,1.1688,1.1811,8751.5,2023-05-16 00:00:00+00:00
1684281600000,1.1765,1.209,1.1329,1.1976,9620.1,2023-05-17 00:00:00+00:00
1684368000000,1.2103,1.2104,1.1408,1.1504,19903.5,2023-05-18 00:00:00+00:00
1684454400000,1.1504,1.1707,1.1455,1.1612,17726.4,2023-05-19 00:00:00+00:00
1684540800000,1.1578,1.1678,1.1505,1.1612,4971.3,2023-05-20 00:00:00+00:00
1684627200000,1.1639,1.1639,1.1204,1.1265,25178.9,2023-05-21 00:00:00+00:00
1684713600000,1.1234,1.1368,1.1098,1.1248,16850.6,2023-05-22 00:00:00+00:00
1684800000000,1.1241,1.1762,1.1207,1.17,8040.5,2023-05-23 00:00:00+00:00
1684886400000,1.1635,1.1635,1.0852,1.1139,20675.8,2023-05-24 00:00:00+00:00
1684972800000,1.1038,1.1136,1.075,1.1136,8215.5,2023-05-25 00:00:00+00:00
1685059200000,1.1138,1.179,1.11,1.1686,26977.7,2023-05-26 00:00:00+00:00
1685145600000,1.158,1.1768,1.1532,1.1768,6267.2,2023-05-27 00:00:00+00:00
1685232000000,1.1716,1.2558,1.1653,1.244,22050.2,2023-05-28 00:00:00+00:00
1685318400000,1.2533,1.2776,1.2163,1.2274,22772.5,2023-05-29 00:00:00+00:00
1685404800000,1.2181,1.2407,1.2119,1.2359,7225.0,2023-05-30 00:00:00+00:00
1685491200000,1.2175,1.2175,1.142,1.1598,16194.6,2023-05-31 00:00:00+00:00
1685577600000,1.159,1.1625,1.1298,1.1506,7179.6,2023-06-01 00:00:00+00:00
1685664000000,1.1482,1.2551,1.1482,1.237,39859.1,2023-06-02 00:00:00+00:00
1685750400000,1.2431,1.2565,1.2111,1.2134,9780.9,2023-06-03 00:00:00+00:00
1685836800000,1.21,1.2326,1.2028,1.2068,8982.5,2023-06-04 00:00:00+00:00
1685923200000,1.2048,1.2048,1.0644,1.1384,56355.7,2023-06-05 00:00:00+00:00
1686009600000,1.1412,1.1975,1.1129,1.1764,39518.5,2023-06-06 00:00:00+00:00
1686096000000,1.1819,1.2308,1.02,1.1291,31618.9,2023-06-07 00:00:00+00:00
1686182400000,1.1291,1.1929,1.02,1.1353,2581.5,2023-06-08 00:00:00+00:00
1686268800000,1.1132,1.2308,0.95,1.0971,19923.3,2023-06-09 00:00:00+00:00
1686355200000,1.097,1.1031,0.95,0.9675,1507.8,2023-06-10 00:00:00+00:00
1686441600000,1.0763,1.1025,0.9501,0.9502,1889.7,2023-06-11 00:00:00+00:00
1686528000000,1.0382,4.0,0.62,0.9962,11411.1,2023-06-12 00:00:00+00:00
1686614400000,0.9965,1.0224,0.9965,1.0048,1045.7,2023-06-13 00:00:00+00:00
1686700800000,1.0223,1.0223,0.8949,0.9256,1032.0,2023-06-14 00:00:00+00:00
1686787200000,0.9965,1.1209,0.935,0.9357,2319.9,2023-06-15 00:00:00+00:00
1686873600000,0.9651,1.0409,0.9563,1.0206,5418.9,2023-06-16 00:00:00+00:00
1686960000000,1.0206,1.1035,0.9709,1.0099,2038.6,2023-06-17 00:00:00+00:00
1687046400000,1.0294,1.0519,1.0069,1.0069,196.6,2023-06-18 00:00:00+00:00
1687132800000,0.9976,1.0834,0.9976,1.0834,432.7,2023-06-19 00:00:00+00:00
1687219200000,1.0,1.1,1.0,1.0555,1790.4,2023-06-20 00:00:00+00:00
1687305600000,1.0864,1.2501,1.0555,1.1563,5647.6,2023-06-21 00:00:00+00:00
1687392000000,1.1563,1.1745,1.0555,1.0787,4220.5,2023-06-22 00:00:00+00:00
1687478400000,1.1081,1.2307,1.0788,1.1929,4981.5,2023-06-23 00:00:00+00:00
1687564800000,1.1758,1.35,1.145,1.1842,2900.3,2023-06-24 00:00:00+00:00
1687651200000,1.1842,1.192,1.1,1.1535,5964.9,2023-06-25 00:00:00+00:00
1687737600000,1.14,1.2,1.1,1.1384,8694.0,2023-06-26 00:00:00+00:00
1687824000000,1.1383,1.2855,1.1383,1.2341,29934.9,2023-06-27 00:00:00+00:00
1687910400000,1.2155,1.2638,1.1,1.1153,7368.5,2023-06-28 00:00:00+00:00
1687996800000,1.1153,1.1929,1.1153,1.1248,5013.7,2023-06-29 00:00:00+00:00
1688083200000,1.1288,1.1963,1.1249,1.1597,7293.7,2023-06-30 00:00:00+00:00
1688169600000,1.1665,1.177,1.1354,1.17,6655.3,2023-07-01 00:00:00+00:00
1688256000000,1.17,1.183,1.1353,1.1771,2638.1,2023-07-02 00:00:00+00:00
1688342400000,1.1702,1.2158,1.16,1.2158,5400.2,2023-07-03 00:00:00+00:00
1688428800000,1.2158,1.2249,1.1712,1.1773,1419.4,2023-07-04 00:00:00+00:00
1688515200000,1.1773,1.2,1.1218,1.1712,3664.6,2023-07-05 00:00:00+00:00
1688601600000,1.1773,1.2014,1.0889,1.122,5562.2,2023-07-06 00:00:00+00:00
1688688000000,1.122,1.2027,1.0953,1.1187,14397.3,2023-07-07 00:00:00+00:00
1688774400000,1.1377,1.1511,1.113,1.1239,8013.2,2023-07-08 00:00:00+00:00
1688860800000,1.1244,1.2521,1.113,1.141,13828.4,2023-07-09 00:00:00+00:00
1688947200000,1.1364,1.1421,1.1035,1.12,7044.4,2023-07-10 00:00:00+00:00
1689033600000,1.1419,1.1421,1.1101,1.1279,2574.0,2023-07-11 00:00:00+00:00
1689120000000,1.128,1.1383,1.1101,1.1101,1576.6,2023-07-12 00:00:00+00:00
1689206400000,1.1279,1.2417,1.1139,1.23,13340.4,2023-07-13 00:00:00+00:00
1689292800000,1.2338,1.33,1.1639,1.2116,18067.1,2023-07-14 00:00:00+00:00
1689379200000,1.2116,1.324,1.2116,1.2701,8230.4,2023-07-15 00:00:00+00:00
1689465600000,1.255,1.3062,1.2395,1.2999,4635.7,2023-07-16 00:00:00+00:00
1689552000000,1.2999,1.3542,1.2413,1.3164,11765.5,2023-07-17 00:00:00+00:00
1689638400000,1.3164,1.3272,1.2234,1.2498,31712.5,2023-07-18 00:00:00+00:00
1689724800000,1.2342,1.2973,1.2342,1.2972,6826.5,2023-07-19 00:00:00+00:00
1689811200000,1.2635,1.3067,1.2413,1.2451,15198.2,2023-07-20 00:00:00+00:00
1689897600000,1.2669,1.2896,1.2301,1.2352,5417.3,2023-07-21 00:00:00+00:00
1689984000000,1.2511,1.2696,1.2147,1.2511,6112.7,2023-07-22 00:00:00+00:00
1690070400000,1.2351,1.2696,1.2106,1.2696,2299.5,2023-07-23 00:00:00+00:00
1690156800000,1.2511,1.2696,1.1731,1.1967,8443.5,2023-07-24 00:00:00+00:00
1690243200000,1.1967,1.1967,1.156,1.1929,1147.6,2023-07-25 00:00:00+00:00
1690329600000,1.1929,1.2049,1.1522,1.2049,3861.9,2023-07-26 00:00:00+00:00
1690416000000,1.203,1.2115,1.1744,1.19,1956.0,2023-07-27 00:00:00+00:00
1690502400000,1.2036,1.2049,1.1586,1.2048,1334.4,2023-07-28 00:00:00+00:00
1690588800000,1.2041,1.205,1.172,1.2002,1591.7,2023-07-29 00:00:00+00:00
1690675200000,1.2002,1.2004,1.1521,1.175,3184.5,2023-07-30 00:00:00+00:00
1690761600000,1.1799,1.199,1.15,1.1501,2231.5,2023-07-31 00:00:00+00:00
1690848000000,1.1719,1.1719,1.1306,1.1641,2728.9,2023-08-01 00:00:00+00:00
1690934400000,1.1641,1.2,1.06,1.14,7215.4,2023-08-02 00:00:00+00:00
1691020800000,1.14,1.1533,1.1082,1.1533,3309.0,2023-08-03 00:00:00+00:00
1691107200000,1.1254,1.1669,1.1181,1.1402,1875.2,2023-08-04 00:00:00+00:00
1691193600000,1.1629,1.1668,1.1301,1.1662,976.2,2023-08-05 00:00:00+00:00
1691280000000,1.1501,1.1661,1.1301,1.156,1641.8,2023-08-06 00:00:00+00:00
1691366400000,1.1301,1.166,1.1082,1.1342,2243.3,2023-08-07 00:00:00+00:00
1691452800000,1.1273,1.1767,1.1,1.1508,2289.3,2023-08-08 00:00:00+00:00
1691539200000,1.1719,1.1892,1.1574,1.1606,2815.9,2023-08-09 00:00:00+00:00
1691625600000,1.1838,1.2322,1.1602,1.1852,3762.8,2023-08-10 00:00:00+00:00
1691712000000,1.185,1.185,1.1513,1.1513,135.7,2023-08-11 00:00:00+00:00
1691798400000,1.1715,1.1812,1.1509,1.1509,926.5,2023-08-12 00:00:00+00:00
1691884800000,1.1509,1.1751,1.1445,1.1601,481.1,2023-08-13 00:00:00+00:00
1691971200000,1.1445,1.1602,1.1335,1.1335,659.5,2023-08-14 00:00:00+00:00
1692057600000,1.1562,1.1701,1.1264,1.1264,1272.0,2023-08-15 00:00:00+00:00
1692144000000,1.1264,1.1451,1.0354,1.0698,17919.9,2023-08-16 00:00:00+00:00
1692230400000,1.0355,1.1306,0.9681,0.9715,20091.7,2023-08-17 00:00:00+00:00
1692316800000,1.0,1.0434,0.996,1.0339,3181.7,2023-08-18 00:00:00+00:00
1692403200000,1.0143,1.0351,1.013,1.0286,1307.0,2023-08-19 00:00:00+00:00
1692489600000,1.0286,1.0406,0.9715,1.0143,3194.2,2023-08-20 00:00:00+00:00
1692576000000,1.0142,1.0764,0.9716,1.0222,6475.2,2023-08-21 00:00:00+00:00
1692662400000,1.0285,1.0331,0.9496,0.9659,3133.6,2023-08-22 00:00:00+00:00
1692748800000,0.9852,1.0279,0.9845,1.0089,876.9,2023-08-23 00:00:00+00:00
1692835200000,1.025,1.0763,0.938,0.9935,2353.7,2023-08-24 00:00:00+00:00
1692921600000,0.9715,0.9908,0.9621,0.9621,304.0,2023-08-25 00:00:00+00:00
1693008000000,0.9526,1.0003,0.9403,0.9754,1968.0,2023-08-26 00:00:00+00:00
1693094400000,0.9754,0.9845,0.9499,0.9575,1254.3,2023-08-27 00:00:00+00:00
1693180800000,0.975,0.9804,0.9181,0.9631,2165.5,2023-08-28 00:00:00+00:00
1693267200000,0.966,0.99,0.9112,0.99,3875.3,2023-08-29 00:00:00+00:00
1693353600000,0.9899,0.9899,0.9509,0.9509,1637.2,2023-08-30 00:00:00+00:00
1693440000000,0.95,0.9699,0.91,0.9317,2101.3,2023-08-31 00:00:00+00:00
1693526400000,0.932,0.9322,0.8705,0.8949,2265.6,2023-09-01 00:00:00+00:00
1693612800000,0.8911,0.9308,0.8706,0.8959,2447.7,2023-09-02 00:00:00+00:00
1693699200000,0.9096,0.9096,0.8732,0.9027,627.1,2023-09-03 00:00:00+00:00
1693785600000,0.888,0.9437,0.8704,0.9033,6847.9,2023-09-04 00:00:00+00:00
1693872000000,0.9177,0.9489,0.8701,0.9,2154.9,2023-09-05 00:00:00+00:00
1693958400000,0.9,0.9385,0.8721,0.9024,9347.0,2023-09-06 00:00:00+00:00
1694044800000,0.9024,0.9249,0.9024,0.9053,1824.1,2023-09-07 00:00:00+00:00
1694131200000,0.9155,0.9248,0.895,0.8987,3091.8,2023-09-08 00:00:00+00:00
1694217600000,0.9018,0.907,0.8967,0.9,1042.8,2023-09-09 00:00:00+00:00
1694304000000,0.8913,0.9004,0.8303,0.8497,9056.5,2023-09-10 00:00:00+00:00
1694390400000,0.8488,0.8488,0.75,0.7626,10997.9,2023-09-11 00:00:00+00:00
1694476800000,0.76,0.8087,0.75,0.7726,3147.7,2023-09-12 00:00:00+00:00
1694563200000,0.7881,0.8145,0.7855,0.7855,1659.2,2023-09-13 00:00:00+00:00
1694649600000,0.7854,0.8106,0.7805,0.8029,1301.6,2023-09-14 00:00:00+00:00
1694736000000,0.8013,0.8169,0.7665,0.8084,1721.4,2023-09-15 00:00:00+00:00
1694822400000,0.82,0.8378,0.82,0.8259,930.6,2023-09-16 00:00:00+00:00
1694908800000,0.8214,0.8219,0.7556,0.7945,2583.1,2023-09-17 00:00:00+00:00
1694995200000,0.7945,0.8734,0.76,0.8241,10146.2,2023-09-18 00:00:00+00:00
1695081600000,0.8254,0.8634,0.8254,0.8438,1761.4,2023-09-19 00:00:00+00:00
1695168000000,0.861,0.89,0.8393,0.8413,3298.1,2023-09-20 00:00:00+00:00
1695254400000,0.8596,0.8899,0.76,0.8274,3957.7,2023-09-21 00:00:00+00:00
1695340800000,0.8413,0.8413,0.8389,0.8389,68.5,2023-09-22 00:00:00+00:00
1695427200000,0.8458,0.8464,0.7484,0.8188,2988.9,2023-09-23 00:00:00+00:00
1695513600000,0.8186,0.8285,0.8164,0.8164,1331.0,2023-09-24 00:00:00+00:00
1695600000000,0.8075,0.8164,0.8039,0.8039,2582.2,2023-09-25 00:00:00+00:00
1695686400000,0.8168,0.8239,0.755,0.8239,6323.0,2023-09-26 00:00:00+00:00
1695772800000,0.8234,0.8424,0.8101,0.8101,677.7,2023-09-27 00:00:00+00:00
1695859200000,0.8351,0.91,0.8101,0.8845,8897.4,2023-09-28 00:00:00+00:00
1695945600000,0.893,0.9082,0.8902,0.8911,1759.2,2023-09-29 00:00:00+00:00
1696032000000,0.9108,0.9208,0.8951,0.9191,716.4,2023-09-30 00:00:00+00:00
1696118400000,0.9095,0.9823,0.85,0.9641,3320.1,2023-10-01 00:00:00+00:00
1696204800000,0.9686,1.15,0.915,0.9263,7283.4,2023-10-02 00:00:00+00:00
1696291200000,0.9317,0.9644,0.9042,0.9068,9272.0,2023-10-03 00:00:00+00:00
1696377600000,0.8989,0.9095,0.8593,0.8845,14026.1,2023-10-04 00:00:00+00:00
1696464000000,0.882,0.8836,0.8596,0.8596,9283.0,2023-10-05 00:00:00+00:00
1696550400000,0.8584,0.8935,0.8584,0.886,6482.8,2023-10-06 00:00:00+00:00
1696636800000,0.8951,0.8951,0.85,0.8729,1774.9,2023-10-07 00:00:00+00:00
1696723200000,0.8705,0.8705,0.8455,0.8497,528.2,2023-10-08 00:00:00+00:00
1696809600000,0.8468,0.8477,0.79,0.8162,6437.2,2023-10-09 00:00:00+00:00
1696896000000,0.8164,0.8512,0.8137,0.8137,1340.8,2023-10-10 00:00:00+00:00
1696982400000,0.8238,0.8238,0.8,0.8152,2053.0,2023-10-11 00:00:00+00:00
1697068800000,0.8101,0.8129,0.79,0.79,1064.0,2023-10-12 00:00:00+00:00
1697155200000,0.8017,0.8117,0.7999,0.8117,519.4,2023-10-13 00:00:00+00:00
1697241600000,0.8049,0.8049,0.8044,0.8045,568.8,2023-10-14 00:00:00+00:00
1697328000000,0.8044,0.808,0.7975,0.8025,1012.8,2023-10-15 00:00:00+00:00
1697414400000,0.8142,0.8743,0.8,0.8255,5283.7,2023-10-16 00:00:00+00:00
1697500800000,0.8184,0.8585,0.7777,0.787,2895.2,2023-10-17 00:00:00+00:00
1697587200000,0.7843,0.795,0.76,0.7673,2218.9,2023-10-18 00:00:00+00:00
1697673600000,0.7706,0.8169,0.75,0.7751,3273.0,2023-10-19 00:00:00+00:00
1697760000000,0.7542,0.8176,0.7542,0.7902,569.5,2023-10-20 00:00:00+00:00
1697846400000,0.8213,0.8407,0.788,0.8406,1935.1,2023-10-21 00:00:00+00:00
1697932800000,0.8406,0.8509,0.8165,0.8486,2065.1,2023-10-22 00:00:00+00:00
1698019200000,0.854,0.8933,0.76,0.8743,9445.4,2023-10-23 00:00:00+00:00
1698105600000,0.8918,0.9473,0.76,0.894,5278.6,2023-10-24 00:00:00+00:00
1698192000000,0.91,0.9279,0.88,0.9279,2991.9,2023-10-25 00:00:00+00:00
1698278400000,0.9279,0.9843,0.9147,0.9457,5060.4,2023-10-26 00:00:00+00:00
1698364800000,0.9308,0.9521,0.8873,0.9153,2573.0,2023-10-27 00:00:00+00:00
1698451200000,0.9209,0.9388,0.8937,0.9299,392.0,2023-10-28 00:00:00+00:00
1698537600000,0.9298,0.9526,0.929,0.95,9513.0,2023-10-29 00:00:00+00:00
1698624000000,0.9406,0.9662,0.9311,0.9662,6551.8,2023-10-30 00:00:00+00:00
1698710400000,0.9662,0.9832,0.9133,0.9559,6817.4,2023-10-31 00:00:00+00:00
1698796800000,0.9356,1.0999,0.891,1.0492,17181.9,2023-11-01 00:00:00+00:00
1698883200000,1.036,1.0492,0.95,1.0064,12891.6,2023-11-02 00:00:00+00:00
1698969600000,0.977,1.0695,0.9351,1.0695,24979.4,2023-11-03 00:00:00+00:00
1699056000000,1.0598,1.1199,1.03,1.099,18597.8,2023-11-04 00:00:00+00:00
1699142400000,1.0835,1.1163,1.066,1.1086,14540.6,2023-11-05 00:00:00+00:00
1699228800000,1.076,1.1402,1.0666,1.1269,14001.4,2023-11-06 00:00:00+00:00
1699315200000,1.105,1.1358,1.01,1.0971,15709.4,2023-11-07 00:00:00+00:00
1699401600000,1.0971,1.0988,1.0642,1.0988,7138.5,2023-11-08 00:00:00+00:00
1699488000000,1.0843,1.2,1.01,1.2,24037.2,2023-11-09 00:00:00+00:00
1699574400000,1.2,1.222,1.1,1.18,8825.7,2023-11-10 00:00:00+00:00
1699660800000,1.169,1.1923,1.1204,1.13,11353.7,2023-11-11 00:00:00+00:00
1699747200000,1.1339,1.2079,1.0975,1.155,19010.5,2023-11-12 00:00:00+00:00
1699833600000,1.155,1.1975,1.1091,1.1534,14110.8,2023-11-13 00:00:00+00:00
1699920000000,1.1264,1.1523,1.0346,1.0707,5720.1,2023-11-14 00:00:00+00:00
1700006400000,1.0707,1.1588,1.0707,1.1496,7241.4,2023-11-15 00:00:00+00:00
1700092800000,1.1488,1.176,1.0688,1.0713,74875.0,2023-11-16 00:00:00+00:00
1700179200000,1.0839,1.1089,1.0,1.039,10158.9,2023-11-17 00:00:00+00:00
1700265600000,1.0353,1.0457,0.9849,1.0343,11169.8,2023-11-18 00:00:00+00:00
1700352000000,1.0343,1.0448,0.98,1.039,5719.3,2023-11-19 00:00:00+00:00
1700438400000,1.0394,1.0778,1.003,1.0358,13807.2,2023-11-20 00:00:00+00:00
1700524800000,1.0262,1.0475,0.95,0.96,31443.9,2023-11-21 00:00:00+00:00
1700611200000,0.9536,1.0329,0.9536,1.0177,12055.7,2023-11-22 00:00:00+00:00
1700697600000,1.0162,1.0417,1.0077,1.02,5851.5,2023-11-23 00:00:00+00:00
1700784000000,1.02,1.1139,1.02,1.0528,19752.6,2023-11-24 00:00:00+00:00
1700870400000,1.0534,1.0802,1.0509,1.0585,3389.2,2023-11-25 00:00:00+00:00
1700956800000,1.0675,1.0712,1.0106,1.043,9481.9,2023-11-26 00:00:00+00:00
1701043200000,1.0446,1.046,0.9938,1.0157,8084.4,2023-11-27 00:00:00+00:00
1701129600000,1.0157,1.0298,0.9924,1.0177,4826.7,2023-11-28 00:00:00+00:00
1701216000000,1.0177,1.0209,0.9965,1.0108,7333.8,2023-11-29 00:00:00+00:00
1701302400000,1.0129,1.0171,1.0007,1.0105,6793.3,2023-11-30 00:00:00+00:00
1701388800000,1.0026,1.0446,1.0026,1.036,3103.5,2023-12-01 00:00:00+00:00
1701475200000,1.0389,1.33,1.0377,1.1159,63112.1,2023-12-02 00:00:00+00:00
1701561600000,1.1166,1.1375,1.0837,1.1046,19809.4,2023-12-03 00:00:00+00:00
1701648000000,1.0993,1.1463,1.07,1.0938,14867.1,2023-12-04 00:00:00+00:00
1701734400000,1.0884,1.1312,1.0553,1.1014,21317.1,2023-12-05 00:00:00+00:00
1701820800000,1.1015,1.1545,1.0613,1.0627,8124.1,2023-12-06 00:00:00+00:00
1701907200000,1.0726,1.1974,1.0436,1.169,71259.0,2023-12-07 00:00:00+00:00
1701993600000,1.1708,1.197,1.1514,1.1673,32059.1,2023-12-08 00:00:00+00:00
1702080000000,1.1725,1.2498,1.1253,1.1359,62492.2,2023-12-09 00:00:00+00:00
1702166400000,1.1408,1.1699,1.1165,1.1587,13234.1,2023-12-10 00:00:00+00:00
1702252800000,1.1587,1.1587,1.061,1.0938,61347.9,2023-12-11 00:00:00+00:00
1702339200000,1.0955,1.2565,1.0955,1.252,39238.0,2023-12-12 00:00:00+00:00
1702425600000,1.2516,1.2516,1.1051,1.185,42224.1,2023-12-13 00:00:00+00:00
1702512000000,1.182,1.1999,1.1415,1.1845,20162.7,2023-12-14 00:00:00+00:00
1702598400000,1.1735,1.1735,1.1067,1.1067,8203.5,2023-12-15 00:00:00+00:00
1702684800000,1.1067,1.1639,1.0944,1.1239,16379.3,2023-12-16 00:00:00+00:00
1702771200000,1.1239,1.1462,1.0973,1.1083,38518.2,2023-12-17 00:00:00+00:00
1702857600000,1.1083,1.1121,1.0361,1.1026,24696.5,2023-12-18 00:00:00+00:00
1702944000000,1.1031,1.1202,1.0746,1.0796,12358.4,2023-12-19 00:00:00+00:00
1703030400000,1.0866,1.1935,1.0737,1.0944,46479.7,2023-12-20 00:00:00+00:00
1703116800000,1.0977,1.1828,1.095,1.1605,67921.1,2023-12-21 00:00:00+00:00
1703203200000,1.1497,1.4483,1.1279,1.4243,128422.7,2023-12-22 00:00:00+00:00
1703289600000,1.4243,1.4533,1.3058,1.4,69275.8,2023-12-23 00:00:00+00:00
1703376000000,1.3883,1.4738,1.3241,1.3672,31798.4,2023-12-24 00:00:00+00:00
1703462400000,1.3526,1.4086,1.3431,1.3912,20843.6,2023-12-25 00:00:00+00:00
1703548800000,1.3855,1.4053,1.2368,1.3307,33297.7,2023-12-26 00:00:00+00:00
1703635200000,1.3307,1.54,1.2754,1.511,55212.2,2023-12-27 00:00:00+00:00
1703721600000,1.497,1.9698,1.4681,1.4723,86510.6,2023-12-28 00:00:00+00:00
1703808000000,1.4723,1.5424,1.4256,1.5073,26123.8,2023-12-29 00:00:00+00:00
1703894400000,1.5094,1.6484,1.4342,1.4808,46717.2,2023-12-30 00:00:00+00:00
1703980800000,1.4967,1.6685,1.4967,1.5655,26831.4,2023-12-31 00:00:00+00:00
1704067200000,1.5802,1.8055,1.5171,1.7463,22270.0,2024-01-01 00:00:00+00:00
1704153600000,1.7301,1.8437,1.711,1.7601,207399.0,2024-01-02 00:00:00+00:00
1704240000000,1.7766,2.0787,1.3484,1.9169,429768.7,2024-01-03 00:00:00+00:00
1704326400000,1.9187,2.1298,1.82,2.028,292036.2,2024-01-04 00:00:00+00:00
1704412800000,2.0063,2.0573,1.8,1.9405,133914.5,2024-01-05 00:00:00+00:00
1704499200000,1.9405,2.0522,1.711,1.7404,24922.9,2024-01-06 00:00:00+00:00
1704585600000,1.7591,1.8778,1.6741,1.7026,22706.5,2024-01-07 00:00:00+00:00
1704672000000,1.7026,2.0968,1.5753,1.8318,57129.8,2024-01-08 00:00:00+00:00
1704758400000,1.8318,1.8778,1.6448,1.8181,24354.4,2024-01-09 00:00:00+00:00
1704844800000,1.8438,2.3,1.8345,2.2308,258321.3,2024-01-10 00:00:00+00:00
1704931200000,2.2308,2.3965,2.0926,2.2652,97811.6,2024-01-11 00:00:00+00:00
1705017600000,2.259,2.4007,2.1013,2.1947,64246.8,2024-01-12 00:00:00+00:00
1705104000000,2.2071,2.2071,2.0767,2.1825,28335.2,2024-01-13 00:00:00+00:00
1705190400000,2.1642,2.1947,2.026,2.026,15350.3,2024-01-14 00:00:00+00:00
1705276800000,2.0401,2.1723,2.0401,2.0977,11301.5,2024-01-15 00:00:00+00:00
1705363200000,2.1223,2.2138,2.059,2.183,4282.4,2024-01-16 00:00:00+00:00
1705449600000,2.1639,2.1701,2.0059,2.0324,23860.3,2024-01-17 00:00:00+00:00
1705536000000,2.0376,2.0478,1.8602,1.888,42592.4,2024-01-18 00:00:00+00:00
1705622400000,1.888,1.8955,1.7401,1.8502,40239.2,2024-01-19 00:00:00+00:00
1705708800000,1.8502,1.8502,1.7625,1.8138,15562.4,2024-01-20 00:00:00+00:00
1705795200000,1.8116,1.9069,1.7968,1.8271,8900.4,2024-01-21 00:00:00+00:00
1705881600000,1.8271,1.8271,1.6627,1.6894,76268.1,2024-01-22 00:00:00+00:00
1705968000000,1.689,1.7324,1.55,1.6784,10016.9,2024-01-23 00:00:00+00:00
1706054400000,1.6784,1.73,1.6306,1.7292,18987.5,2024-01-24 00:00:00+00:00
1706140800000,1.7283,1.7683,1.6407,1.7253,13569.0,2024-01-25 00:00:00+00:00
1706227200000,1.7157,1.8155,1.715,1.8134,16115.1,2024-01-26 00:00:00+00:00
1706313600000,1.8172,1.8365,1.7763,1.7965,17782.0,2024-01-27 00:00:00+00:00
1706400000000,1.7965,1.8899,1.79,1.7975,9667.1,2024-01-28 00:00:00+00:00
1706486400000,1.7988,1.8599,1.78,1.8481,5339.5,2024-01-29 00:00:00+00:00
1706572800000,1.8454,1.9648,1.8425,1.8825,21811.6,2024-01-30 00:00:00+00:00
1706659200000,1.884,1.8862,1.749,1.7679,11061.7,2024-01-31 00:00:00+00:00
1706745600000,1.749,1.7873,1.6986,1.783,7169.8,2024-02-01 00:00:00+00:00
1706832000000,1.8002,1.8082,1.76,1.7915,5722.3,2024-02-02 00:00:00+00:00
1706918400000,1.7985,1.8318,1.778,1.778,1815.7,2024-02-03 00:00:00+00:00
1707004800000,1.7683,1.7733,1.7342,1.7649,4131.3,2024-02-04 00:00:00+00:00
1707091200000,1.7261,1.7791,1.69,1.7292,7140.7,2024-02-05 00:00:00+00:00
1707177600000,1.7286,1.8651,1.7286,1.8495,7156.9,2024-02-06 00:00:00+00:00
1707264000000,1.835,1.9284,1.8187,1.921,9172.1,2024-02-07 00:00:00+00:00
1707350400000,1.8972,1.92,1.864,1.8707,6498.4,2024-02-08 00:00:00+00:00
1707436800000,1.8665,1.9922,1.8665,1.9813,38982.3,2024-02-09 00:00:00+00:00
1707523200000,1.9827,2.0112,1.9392,1.9605,4685.4,2024-02-10 00:00:00+00:00
1707609600000,1.9749,2.001,1.9356,1.9412,4145.8,2024-02-11 00:00:00+00:00
1707696000000,1.9422,2.0749,1.9207,2.0742,17979.8,2024-02-12 00:00:00+00:00
1707782400000,2.0749,2.1,1.9931,2.0377,26316.2,2024-02-13 00:00:00+00:00
1707868800000,2.0361,2.1421,2.0267,2.1128,6051.2,2024-02-14 00:00:00+00:00
1707955200000,2.1128,2.1696,2.0454,2.052,34370.7,2024-02-15 00:00:00+00:00
1708041600000,2.0516,2.0984,1.9639,2.0092,19870.4,2024-02-16 00:00:00+00:00
1708128000000,2.0081,2.01,1.9191,1.9724,25354.1,2024-02-17 00:00:00+00:00
1708214400000,1.9772,2.0429,1.956,2.0353,4170.2,2024-02-18 00:00:00+00:00
1708300800000,2.0217,2.0938,2.0217,2.058,6061.1,2024-02-19 00:00:00+00:00
1708387200000,2.0623,2.0817,1.9091,2.0086,20952.1,2024-02-20 00:00:00+00:00
1708473600000,2.0085,2.0146,1.8129,1.8771,17791.7,2024-02-21 00:00:00+00:00
1708560000000,1.8732,1.8974,1.7925,1.8211,11828.8,2024-02-22 00:00:00+00:00
1708646400000,1.8106,1.8241,1.745,1.8168,8048.7,2024-02-23 00:00:00+00:00
1708732800000,1.8063,1.8628,1.74,1.8473,14633.8,2024-02-24 00:00:00+00:00
1708819200000,1.838,1.8959,1.838,1.89,8766.9,2024-02-25 00:00:00+00:00
1708905600000,1.8969,1.9501,1.8153,1.9346,49951.1,2024-02-26 00:00:00+00:00
1708992000000,1.9337,1.992,1.8761,1.9192,19879.2,2024-02-27 00:00:00+00:00
1709078400000,1.8969,1.9809,1.8138,1.9027,37914.5,2024-02-28 00:00:00+00:00
1709164800000,1.8946,2.16,1.8861,1.9447,47973.7,2024-02-29 00:00:00+00:00
1709251200000,1.9611,2.1947,1.9501,2.0,27805.7,2024-03-01 00:00:00+00:00
1709337600000,1.9858,2.0192,1.85,2.0149,30079.5,2024-03-02 00:00:00+00:00
1709424000000,2.0148,2.229,1.933,2.0516,49526.8,2024-03-03 00:00:00+00:00
1709510400000,2.0516,2.09,1.9276,1.9827,52170.0,2024-03-04 00:00:00+00:00
1709596800000,1.9792,2.19,1.74,1.99,73894.1,2024-03-05 00:00:00+00:00
1709683200000,1.9716,2.1449,1.9329,2.05,81505.3,2024-03-06 00:00:00+00:00
1709769600000,2.0753,2.1778,2.0247,2.1507,51756.7,2024-03-07 00:00:00+00:00
1709856000000,2.1716,2.2776,2.0824,2.1436,42726.7,2024-03-08 00:00:00+00:00
1709942400000,2.1315,2.1647,2.0775,2.095,29098.4,2024-03-09 00:00:00+00:00
1710028800000,2.095,2.1146,1.9996,2.0643,27781.4,2024-03-10 00:00:00+00:00
1710115200000,2.0649,2.1377,1.9577,2.0886,50649.6,2024-03-11 00:00:00+00:00
1710201600000,2.0987,2.155,1.9216,2.0152,37314.1,2024-03-12 00:00:00+00:00
1710288000000,2.0213,2.2586,2.0213,2.1232,53817.7,2024-03-13 00:00:00+00:00
1710374400000,2.0936,2.1127,1.9394,2.0116,44658.3,2024-03-14 00:00:00+00:00
1710460800000,2.0189,2.0269,1.7994,1.8781,54486.8,2024-03-15 00:00:00+00:00
1710547200000,1.8834,1.948,1.7305,1.7545,32531.9,2024-03-16 00:00:00+00:00
1710633600000,1.7703,1.7815,1.64,1.7278,26050.8,2024-03-17 00:00:00+00:00
1710720000000,1.7278,1.7815,1.6091,1.622,32241.7,2024-03-18 00:00:00+00:00
1710806400000,1.6444,1.6801,1.4564,1.6292,32673.2,2024-03-19 00:00:00+00:00
1710892800000,1.6386,1.7592,1.56,1.7469,14237.0,2024-03-20 00:00:00+00:00
1710979200000,1.7429,1.7938,1.6818,1.6972,16032.3,2024-03-21 00:00:00+00:00
1711065600000,1.6785,1.6827,1.569,1.5872,20852.4,2024-03-22 00:00:00+00:00
1711152000000,1.605,1.6324,1.5926,1.598,6402.8,2024-03-23 00:00:00+00:00
1711238400000,1.603,1.6784,1.5873,1.6674,6571.5,2024-03-24 00:00:00+00:00
1711324800000,1.6659,1.7551,1.6527,1.7278,12650.8,2024-03-25 00:00:00+00:00
1711411200000,1.7161,1.75,1.6722,1.7046,13078.5,2024-03-26 00:00:00+00:00
1711497600000,1.6926,1.7336,1.6377,1.6536,21356.7,2024-03-27 00:00:00+00:00
1711584000000,1.6639,1.884,1.6322,1.6869,20807.3,2024-03-28 00:00:00+00:00
1711670400000,1.6813,1.7266,1.6261,1.6613,12939.9,2024-03-29 00:00:00+00:00
1711756800000,1.6475,1.6771,1.64,1.64,5521.3,2024-03-30 00:00:00+00:00
1711843200000,1.6535,1.85,1.64,1.6599,17393.1,2024-03-31 00:00:00+00:00
1711929600000,1.657,1.854,1.5396,1.5761,20388.2,2024-04-01 00:00:00+00:00
1712016000000,1.57,1.5807,1.4378,1.4572,22335.6,2024-04-02 00:00:00+00:00
1712102400000,1.5061,1.6784,1.42,1.4817,7970.8,2024-04-03 00:00:00+00:00
1712188800000,1.4817,1.5327,1.443,1.4556,6846.5,2024-04-04 00:00:00+00:00
1712275200000,1.4897,1.5349,1.3927,1.4639,7868.4,2024-04-05 00:00:00+00:00
1712361600000,1.464,1.5032,1.4551,1.4928,1687.7,2024-04-06 00:00:00+00:00
1712448000000,1.4911,1.523,1.487,1.523,3777.4,2024-04-07 00:00:00+00:00
1712534400000,1.5192,1.5813,1.4925,1.5813,13900.5,2024-04-08 00:00:00+00:00
1712620800000,1.58,1.85,1.48,1.4895,20927.8,2024-04-09 00:00:00+00:00
1712707200000,1.4933,1.5121,1.4283,1.4767,5881.2,2024-04-10 00:00:00+00:00
1712793600000,1.4737,1.4788,1.4173,1.4178,5747.2,2024-04-11 00:00:00+00:00
1712880000000,1.4181,1.4439,1.1235,1.18,48382.4,2024-04-12 00:00:00+00:00
1712966400000,1.18,1.3591,0.9368,1.0423,33709.7,2024-04-13 00:00:00+00:00
1713052800000,1.0356,1.2428,1.0206,1.1912,9910.5,2024-04-14 00:00:00+00:00
1713139200000,1.1723,1.2632,1.1328,1.1525,10131.6,2024-04-15 00:00:00+00:00
1713225600000,1.1499,1.2304,1.0991,1.1579,12987.2,2024-04-16 00:00:00+00:00
1713312000000,1.1459,1.1662,1.09,1.1046,8158.7,2024-04-17 00:00:00+00:00
1713398400000,1.1038,1.23,1.0866,1.1372,6325.7,2024-04-18 00:00:00+00:00
1713484800000,1.1275,1.1666,1.055,1.1244,4599.7,2024-04-19 00:00:00+00:00
1713571200000,1.1244,1.22,1.115,1.2169,8786.4,2024-04-20 00:00:00+00:00
1713657600000,1.204,1.223,1.1759,1.1919,4395.6,2024-04-21 00:00:00+00:00
1713744000000,1.1919,1.2342,1.1835,1.2128,13734.9,2024-04-22 00:00:00+00:00
1713830400000,1.21,1.2137,1.1727,1.1754,6572.4,2024-04-23 00:00:00+00:00
1713916800000,1.1819,1.2002,1.1083,1.1083,9298.7,2024-04-24 00:00:00+00:00
1714003200000,1.116,1.116,1.0729,1.0982,2875.0,2024-04-25 00:00:00+00:00
1714089600000,1.0902,1.0961,1.0658,1.0658,3305.6,2024-04-26 00:00:00+00:00
1714176000000,1.0631,1.1264,1.0289,1.1223,3346.5,2024-04-27 00:00:00+00:00
1714262400000,1.12,1.1999,1.0999,1.1042,5634.7,2024-04-28 00:00:00+00:00
1714348800000,1.1046,1.1046,1.047,1.0613,16362.6,2024-04-29 00:00:00+00:00
1714435200000,1.0894,1.0903,0.9754,1.0259,11426.4,2024-04-30 00:00:00+00:00
1714521600000,1.0246,1.0563,0.9826,1.0267,1538.3,2024-05-01 00:00:00+00:00
1714608000000,1.0161,1.0365,1.0026,1.0293,6337.7,2024-05-02 00:00:00+00:00
1714694400000,1.025,1.0705,1.0181,1.069,2485.0,2024-05-03 00:00:00+00:00
1714780800000,1.0654,1.0825,1.0628,1.0679,10004.1,2024-05-04 00:00:00+00:00
1714867200000,1.0656,1.148,1.04,1.07,17471.6,2024-05-05 00:00:00+00:00
1714953600000,1.0816,1.1261,1.0602,1.0692,4209.4,2024-05-06 00:00:00+00:00
1715040000000,1.0602,1.0751,1.0372,1.0372,4908.8,2024-05-07 00:00:00+00:00
1715126400000,1.0372,1.1445,1.0117,1.02,13999.3,2024-05-08 00:00:00+00:00
1715212800000,1.035,1.09,1.0041,1.0399,3904.1,2024-05-09 00:00:00+00:00
1715299200000,1.0392,1.0515,0.995,0.995,2006.7,2024-05-10 00:00:00+00:00
1715385600000,1.0151,1.0374,0.9893,1.0063,863.6,2024-05-11 00:00:00+00:00
1715472000000,1.0041,1.0041,0.9961,0.9961,196.7,2024-05-12 00:00:00+00:00
1715558400000,0.9893,1.0324,0.96,0.986,2382.7,2024-05-13 00:00:00+00:00
1715644800000,0.9834,1.0437,0.9331,0.9331,17663.2,2024-05-14 00:00:00+00:00
1715731200000,0.9391,1.0058,0.9261,0.9926,12823.1,2024-05-15 00:00:00+00:00
1715817600000,0.99,1.0414,0.955,0.9657,10389.9,2024-05-16 00:00:00+00:00
1715904000000,0.9734,1.0703,0.9716,1.0317,11011.3,2024-05-17 00:00:00+00:00
1715990400000,1.0294,1.0301,1.0045,1.015,6067.7,2024-05-18 00:00:00+00:00
1716076800000,1.0192,1.0215,0.9745,0.9745,7816.4,2024-05-19 00:00:00+00:00
1716163200000,0.9745,1.123,0.9558,1.123,11259.2,2024-05-20 00:00:00+00:00
1716249600000,1.1254,1.23,1.1234,1.1983,29636.1,2024-05-21 00:00:00+00:00
1716336000000,1.212,1.39,1.1106,1.1439,21847.7,2024-05-22 00:00:00+00:00
1716422400000,1.1532,1.2551,1.1331,1.2028,18606.5,2024-05-23 00:00:00+00:00
1716508800000,1.2027,1.2255,1.1292,1.1603,5977.2,2024-05-24 00:00:00+00:00
1716595200000,1.1559,1.3387,1.1559,1.1908,11971.3,2024-05-25 00:00:00+00:00
1716681600000,1.2122,1.2253,1.1849,1.1967,7546.8,2024-05-26 00:00:00+00:00
1716768000000,1.2122,1.2689,1.2122,1.2278,10680.9,2024-05-27 00:00:00+00:00
1716854400000,1.2195,1.2241,1.1718,1.206,5981.7,2024-05-28 00:00:00+00:00
1716940800000,1.1908,1.1908,1.1392,1.1392,2370.6,2024-05-29 00:00:00+00:00
1717027200000,1.1391,1.1558,1.1109,1.1305,1801.9,2024-05-30 00:00:00+00:00
1717113600000,1.1257,1.1592,1.1143,1.1205,7259.0,2024-05-31 00:00:00+00:00
1717200000000,1.1188,1.1268,1.117,1.125,12630.5,2024-06-01 00:00:00+00:00
1717286400000,1.1364,1.1364,1.0944,1.11,1779.7,2024-06-02 00:00:00+00:00
1717372800000,1.11,1.1321,1.1003,1.1003,1724.4,2024-06-03 00:00:00+00:00
1717459200000,1.0999,1.111,1.0743,1.1028,3862.8,2024-06-04 00:00:00+00:00
1717545600000,1.1141,1.1325,1.1019,1.1213,2265.2,2024-06-05 00:00:00+00:00
1717632000000,1.1217,1.1224,1.0783,1.0908,4660.8,2024-06-06 00:00:00+00:00
1717718400000,1.089,1.1785,0.956,0.9989,37917.6,2024-06-07 00:00:00+00:00
1717804800000,0.9971,1.0045,0.9572,0.9606,13022.4,2024-06-08 00:00:00+00:00
1717891200000,0.9694,0.9855,0.9607,0.9841,8335.5,2024-06-09 00:00:00+00:00
1717977600000,0.9842,0.9842,0.9562,0.9634,5537.7,2024-06-10 00:00:00+00:00
1718064000000,0.9661,0.97,0.9186,0.9347,6840.5,2024-06-11 00:00:00+00:00
1718150400000,0.9347,0.9959,0.9245,0.9696,959.5,2024-06-12 00:00:00+00:00
1718236800000,0.9624,0.9624,0.9291,0.9378,4361.7,2024-06-13 00:00:00+00:00
1718323200000,0.9337,0.9505,0.8841,0.9209,11476.6,2024-06-14 00:00:00+00:00
1718409600000,0.9227,0.933,0.9197,0.9233,1295.4,2024-06-15 00:00:00+00:00
1718496000000,0.9154,0.9318,0.9035,0.9267,928.3,2024-06-16 00:00:00+00:00
1718582400000,0.9267,0.9272,0.851,0.8625,6122.7,2024-06-17 00:00:00+00:00
1718668800000,0.8625,0.8625,0.769,0.794,24297.2,2024-06-18 00:00:00+00:00
1718755200000,0.7922,0.8325,0.7922,0.8122,6582.1,2024-06-19 00:00:00+00:00
1718841600000,0.8097,0.8438,0.8097,0.8145,3690.4,2024-06-20 00:00:00+00:00
1718928000000,0.8,0.807,0.7865,0.802,8235.5,2024-06-21 00:00:00+00:00
1719014400000,0.7981,0.8357,0.7964,0.8343,2006.9,2024-06-22 00:00:00+00:00
1719100800000,0.8155,0.8456,0.7829,0.7829,3995.7,2024-06-23 00:00:00+00:00
1719187200000,0.7775,0.8281,0.7671,0.8069,25849.9,2024-06-24 00:00:00+00:00
1719273600000,0.8183,0.8445,0.8128,0.8347,8825.3,2024-06-25 00:00:00+00:00
1719360000000,0.8196,0.8264,0.7992,0.8191,1210.9,2024-06-26 00:00:00+00:00
1719446400000,0.8121,0.8317,0.8085,0.8241,1939.4,2024-06-27 00:00:00+00:00
1719532800000,0.8244,0.8316,0.7962,0.797,7164.9,2024-06-28 00:00:00+00:00
1719619200000,0.7966,0.7995,0.7842,0.7869,49420.0,2024-06-29 00:00:00+00:00
1719705600000,0.7723,0.8019,0.7717,0.8019,1286.2,2024-06-30 00:00:00+00:00
1719792000000,0.8034,0.8132,0.7785,0.7789,4681.8,2024-07-01 00:00:00+00:00
1719878400000,0.7783,0.7838,0.7743,0.7823,1373.1,2024-07-02 00:00:00+00:00
1719964800000,0.7809,0.7809,0.7585,0.7645,17026.8,2024-07-03 00:00:00+00:00
1720051200000,0.7685,0.7884,0.68,0.68,4672.5,2024-07-04 00:00:00+00:00
1720137600000,0.68,0.6846,0.5681,0.6552,19074.6,2024-07-05 00:00:00+00:00
1720224000000,0.627,0.694,0.6171,0.6934,2236.8,2024-07-06 00:00:00+00:00
1720310400000,0.6876,0.6956,0.6534,0.6534,13791.8,2024-07-07 00:00:00+00:00
1720396800000,0.6436,0.6797,0.6122,0.6634,1904.4,2024-07-08 00:00:00+00:00
1720483200000,0.6717,0.71,0.6717,0.7058,7456.4,2024-07-09 00:00:00+00:00
1720569600000,0.7027,0.7273,0.6984,0.7273,2724.6,2024-07-10 00:00:00+00:00
1720656000000,0.7231,0.7316,0.6927,0.6932,2942.9,2024-07-11 00:00:00+00:00
1720742400000,0.6902,0.7034,0.6834,0.6977,1800.0,2024-07-12 00:00:00+00:00
1720828800000,0.7006,0.7037,0.6966,0.6966,2152.7,2024-07-13 00:00:00+00:00
1720915200000,0.6951,0.7223,0.6951,0.7223,2028.1,2024-07-14 00:00:00+00:00
1721001600000,0.7239,0.789,0.7223,0.7747,13639.9,2024-07-15 00:00:00+00:00
1721088000000,0.777,0.777,0.7283,0.7482,3161.2,2024-07-16 00:00:00+00:00
1721174400000,0.7675,0.7762,0.7445,0.7541,4299.7,2024-07-17 00:00:00+00:00
1721260800000,0.7464,0.762,0.7393,0.7476,2753.6,2024-07-18 00:00:00+00:00
1721347200000,0.7521,0.7755,0.7506,0.7755,1128.6,2024-07-19 00:00:00+00:00
1721433600000,0.7718,0.7911,0.7673,0.7818,3376.0,2024-07-20 00:00:00+00:00
1721520000000,0.7786,0.8046,0.7644,0.8006,5202.6,2024-07-21 00:00:00+00:00
1721606400000,0.8006,0.8006,0.7622,0.7622,6786.6,2024-07-22 00:00:00+00:00
1721692800000,0.7607,0.84,0.7567,0.7969,22832.1,2024-07-23 00:00:00+00:00
1721779200000,0.7769,0.7797,0.7377,0.7377,33876.7,2024-07-24 00:00:00+00:00
1721865600000,0.7352,0.7352,0.6762,0.6973,9590.9,2024-07-25 00:00:00+00:00
1721952000000,0.7047,0.7311,0.7021,0.7311,5500.3,2024-07-26 00:00:00+00:00
1722038400000,0.7238,0.8446,0.7178,0.7221,26310.2,2024-07-27 00:00:00+00:00
1722124800000,0.7176,0.7372,0.7176,0.7368,359.6,2024-07-28 00:00:00+00:00
1722211200000,0.7192,0.777,0.7001,0.7026,17341.6,2024-07-29 00:00:00+00:00
1722297600000,0.7026,0.7066,0.667,0.6747,15713.1,2024-07-30 00:00:00+00:00
1722384000000,0.676,0.6852,0.657,0.657,2382.3,2024-07-31 00:00:00+00:00
1722470400000,0.6572,0.6585,0.6154,0.6465,9726.4,2024-08-01 00:00:00+00:00
1722556800000,0.6481,0.6486,0.6,0.6053,2965.1,2024-08-02 00:00:00+00:00
1722643200000,0.5986,0.6223,0.587,0.5961,5879.0,2024-08-03 00:00:00+00:00
1722729600000,0.6137,0.6137,0.5658,0.5801,13314.1,2024-08-04 00:00:00+00:00
1722816000000,0.5658,0.663,0.44,0.4984,10960.3,2024-08-05 00:00:00+00:00
1722902400000,0.4985,0.5267,0.4985,0.5115,1853.3,2024-08-06 00:00:00+00:00
1722988800000,0.5009,0.5374,0.48,0.484,46721.8,2024-08-07 00:00:00+00:00
1723075200000,0.489,0.5538,0.489,0.5538,4996.7,2024-08-08 00:00:00+00:00
1723161600000,0.5511,0.5869,0.5372,0.5752,2628.7,2024-08-09 00:00:00+00:00
1723248000000,0.5748,0.58,0.5639,0.577,2848.9,2024-08-10 00:00:00+00:00
1723334400000,0.5789,0.595,0.5561,0.5561,2981.3,2024-08-11 00:00:00+00:00
1723420800000,0.553,0.5916,0.5505,0.5916,3979.5,2024-08-12 00:00:00+00:00
1723507200000,0.5905,0.5905,0.5693,0.5836,4074.0,2024-08-13 00:00:00+00:00
1723593600000,0.5787,0.5787,0.5574,0.5589,155.2,2024-08-14 00:00:00+00:00
1723680000000,0.5601,0.82,0.5342,0.5383,10355.7,2024-08-15 00:00:00+00:00
1723766400000,0.5455,0.5455,0.5302,0.533,1104.5,2024-08-16 00:00:00+00:00
1723852800000,0.5349,0.5391,0.5326,0.537,2330.1,2024-08-17 00:00:00+00:00
1723939200000,0.5407,0.5492,0.5396,0.5479,12452.0,2024-08-18 00:00:00+00:00
1724025600000,0.53,0.538,0.53,0.5351,2646.6,2024-08-19 00:00:00+00:00
1724112000000,0.5423,0.551,0.5301,0.5333,14647.5,2024-08-20 00:00:00+00:00
1724198400000,0.5341,0.5579,0.5333,0.5547,2185.6,2024-08-21 00:00:00+00:00
1724284800000,0.5487,0.5727,0.5487,0.56,50459.3,2024-08-22 00:00:00+00:00
1724371200000,0.5727,0.605,0.5617,0.605,1869.7,2024-08-23 00:00:00+00:00
1724457600000,0.6046,0.6339,0.6046,0.614,9022.9,2024-08-24 00:00:00+00:00
1724544000000,0.6105,0.6105,0.5909,0.6016,1898.7,2024-08-25 00:00:00+00:00
1724630400000,0.6016,0.6035,0.573,0.573,637.0,2024-08-26 00:00:00+00:00
1724716800000,0.572,0.572,0.52,0.52,3442.6,2024-08-27 00:00:00+00:00
1724803200000,0.5217,0.5346,0.5091,0.5211,4470.6,2024-08-28 00:00:00+00:00
1724889600000,0.5222,0.5326,0.5119,0.5121,5085.2,2024-08-29 00:00:00+00:00
1724976000000,0.5123,0.52,0.4885,0.5135,13866.5,2024-08-30 00:00:00+00:00
1725062400000,0.514,0.5148,0.5086,0.5086,4611.3,2024-08-31 00:00:00+00:00
1725148800000,0.5075,0.5081,0.4855,0.4855,1735.0,2024-09-01 00:00:00+00:00
1725235200000,0.4936,0.5205,0.4936,0.5205,535.4,2024-09-02 00:00:00+00:00
1725321600000,0.5158,0.5198,0.495,0.495,35990.5,2024-09-03 00:00:00+00:00
1725408000000,0.4938,0.511,0.4724,0.496,9685.5,2024-09-04 00:00:00+00:00
1725494400000,0.4972,0.4994,0.4918,0.497,2016.4,2024-09-05 00:00:00+00:00
1725580800000,0.5029,0.5037,0.4725,0.4725,19884.4,2024-09-06 00:00:00+00:00
1725667200000,0.4838,0.5007,0.4838,0.4983,1912.0,2024-09-07 00:00:00+00:00
1725753600000,0.5037,0.5148,0.4972,0.5083,4496.0,2024-09-08 00:00:00+00:00
1725840000000,0.5158,0.529,0.5139,0.529,3492.1,2024-09-09 00:00:00+00:00
1725926400000,0.52,0.5396,0.5178,0.5339,2573.7,2024-09-10 00:00:00+00:00
1726012800000,0.5262,0.5262,0.5045,0.5147,2762.2,2024-09-11 00:00:00+00:00
1726099200000,0.5174,0.5235,0.5161,0.5235,1696.2,2024-09-12 00:00:00+00:00
1726185600000,0.5191,0.539,0.5163,0.539,2419.8,2024-09-13 00:00:00+00:00
1726272000000,0.5357,0.5357,0.5276,0.531,478.1,2024-09-14 00:00:00+00:00
1726358400000,0.5325,0.5378,0.5093,0.5093,751.6,2024-09-15 00:00:00+00:00
1726444800000,0.5038,0.5125,0.4993,0.5088,604.5,2024-09-16 00:00:00+00:00
1726531200000,0.5112,0.5283,0.5099,0.5175,4432.3,2024-09-17 00:00:00+00:00
1726617600000,0.5198,0.5246,0.5011,0.5246,7077.6,2024-09-18 00:00:00+00:00
1726704000000,0.5308,0.5784,0.5308,0.5587,5506.8,2024-09-19 00:00:00+00:00
1726790400000,0.5522,0.5849,0.5517,0.5713,4852.8,2024-09-20 00:00:00+00:00
1726876800000,0.5772,0.6217,0.5694,0.6186,5054.4,2024-09-21 00:00:00+00:00
1726963200000,0.62,0.62,0.5891,0.5997,2297.6,2024-09-22 00:00:00+00:00
1727049600000,0.6009,0.6231,0.5966,0.6034,2023.9,2024-09-23 00:00:00+00:00
1727136000000,0.5944,0.6147,0.5871,0.6147,4241.9,2024-09-24 00:00:00+00:00
1727222400000,0.6147,0.6274,0.5971,0.5971,10507.2,2024-09-25 00:00:00+00:00
1727308800000,0.5932,0.645,0.5905,0.6138,2951.6,2024-09-26 00:00:00+00:00
1727395200000,0.6229,0.6759,0.6229,0.6753,17341.1,2024-09-27 00:00:00+00:00
1727481600000,0.6679,0.6679,0.6344,0.6485,5181.6,2024-09-28 00:00:00+00:00
1727568000000,0.6449,0.6505,0.6337,0.6481,2599.8,2024-09-29 00:00:00+00:00
1727654400000,0.6481,0.6482,0.6,0.6,6411.9,2024-09-30 00:00:00+00:00
1727740800000,0.6099,0.644,0.5326,0.5518,15169.8,2024-10-01 00:00:00+00:00
1727827200000,0.5571,0.5615,0.5293,0.5297,1795.1,2024-10-02 00:00:00+00:00
1727913600000,0.5346,0.5411,0.5162,0.5269,720.3,2024-10-03 00:00:00+00:00
1728000000000,0.5421,0.5658,0.5421,0.5658,2073.5,2024-10-04 00:00:00+00:00
1728086400000,0.5667,0.5667,0.5452,0.5495,2527.2,2024-10-05 00:00:00+00:00
1728172800000,0.5516,0.5608,0.5501,0.552,537.0,2024-10-06 00:00:00+00:00
1728259200000,0.568,0.5737,0.55,0.55,6002.6,2024-10-07 00:00:00+00:00
1728345600000,0.55,0.55,0.5431,0.5431,241.0,2024-10-08 00:00:00+00:00
1728432000000,0.5423,0.5423,0.5202,0.5214,3203.7,2024-10-09 00:00:00+00:00
1728518400000,0.5222,0.5265,0.5077,0.5077,483.0,2024-10-10 00:00:00+00:00
1728604800000,0.5256,0.543,0.5256,0.5395,5490.2,2024-10-11 00:00:00+00:00
1728691200000,0.5371,0.5372,0.5347,0.5372,343.3,2024-10-12 00:00:00+00:00
1728777600000,0.5317,0.5344,0.5197,0.5263,2671.4,2024-10-13 00:00:00+00:00
1728864000000,0.5232,0.566,0.5232,0.5656,2040.8,2024-10-14 00:00:00+00:00
1728950400000,0.5613,0.58,0.5481,0.5611,4239.8,2024-10-15 00:00:00+00:00
1729036800000,0.5689,0.6,0.5598,0.5598,8283.3,2024-10-16 00:00:00+00:00
1729123200000,0.5578,0.5578,0.5411,0.545,10699.1,2024-10-17 00:00:00+00:00
1729209600000,0.5573,0.5693,0.5573,0.563,866.7,2024-10-18 00:00:00+00:00
1729296000000,0.563,0.571,0.563,0.567,4647.8,2024-10-19 00:00:00+00:00
1729382400000,0.57,0.6147,0.567,0.6124,11448.4,2024-10-20 00:00:00+00:00
1729468800000,0.6152,0.6155,0.5811,0.5899,7502.3,2024-10-21 00:00:00+00:00
1729555200000,0.5985,0.5999,0.5742,0.5793,2210.1,2024-10-22 00:00:00+00:00
1729641600000,0.5779,0.5779,0.5447,0.5584,2796.7,2024-10-23 00:00:00+00:00
1729728000000,0.5643,0.5643,0.5588,0.5611,1958.6,2024-10-24 00:00:00+00:00
1729814400000,0.5536,0.6062,0.4859,0.4859,9186.1,2024-10-25 00:00:00+00:00
1729900800000,0.499,0.5159,0.499,0.5146,1944.4,2024-10-26 00:00:00+00:00
1729987200000,0.5139,0.5212,0.51,0.5212,1524.3,2024-10-27 00:00:00+00:00
1730073600000,0.5067,0.528,0.5035,0.528,12058.5,2024-10-28 00:00:00+00:00
1730160000000,0.5297,0.5487,0.5297,0.5424,4190.8,2024-10-29 00:00:00+00:00
1730246400000,0.5418,0.5678,0.5418,0.5578,877.4,2024-10-30 00:00:00+00:00
1730332800000,0.5583,0.5583,0.522,0.527,18661.2,2024-10-31 00:00:00+00:00
1730419200000,0.5294,0.5426,0.512,0.515,6327.9,2024-11-01 00:00:00+00:00
1730505600000,0.5166,0.52,0.5004,0.5004,1242.3,2024-11-02 00:00:00+00:00
1730592000000,0.5009,0.5009,0.4616,0.4816,1989.8,2024-11-03 00:00:00+00:00
1730678400000,0.4825,0.4825,0.46,0.46,777.1,2024-11-04 00:00:00+00:00
1730764800000,0.4726,0.4912,0.4726,0.4912,1072.1,2024-11-05 00:00:00+00:00
1730851200000,0.4934,0.5501,0.4934,0.5501,8133.0,2024-11-06 00:00:00+00:00
1730937600000,0.555,0.5924,0.555,0.5894,7387.5,2024-11-07 00:00:00+00:00
1731024000000,0.5912,0.5945,0.569,0.5909,5839.4,2024-11-08 00:00:00+00:00
1731110400000,0.5953,0.6223,0.5815,0.6223,31206.9,2024-11-09 00:00:00+00:00
1731196800000,0.6115,0.6548,0.6044,0.6167,54204.9,2024-11-10 00:00:00+00:00
1731283200000,0.6347,0.67,0.6182,0.67,40515.6,2024-11-11 00:00:00+00:00
1731369600000,0.6685,0.6844,0.26,0.6423,35537.8,2024-11-12 00:00:00+00:00
1731456000000,0.6283,0.6444,0.5746,0.6013,11982.4,2024-11-13 00:00:00+00:00
1731542400000,0.6183,0.75,0.5777,0.5793,29617.0,2024-11-14 00:00:00+00:00
1731628800000,0.5793,0.6121,0.5676,0.6086,35138.6,2024-11-15 00:00:00+00:00
1731715200000,0.606,0.7621,0.6043,0.7262,30184.2,2024-11-16 00:00:00+00:00
1731801600000,0.7171,0.731,0.6652,0.6721,47320.2,2024-11-17 00:00:00+00:00
1731888000000,0.6751,0.7503,0.6735,0.7351,46774.2,2024-11-18 00:00:00+00:00
1731974400000,0.7503,0.7514,0.6763,0.684,13853.0,2024-11-19 00:00:00+00:00
1732060800000,0.6834,0.7122,0.6563,0.673,7532.8,2024-11-20 00:00:00+00:00
1732147200000,0.673,0.8199,0.6529,0.7816,53635.8,2024-11-21 00:00:00+00:00
1732233600000,0.7784,0.8418,0.7611,0.8098,51438.6,2024-11-22 00:00:00+00:00
1732320000000,0.8116,0.9058,0.8037,0.8554,87456.7,2024-11-23 00:00:00+00:00
1732406400000,0.8537,0.909,0.8003,0.8595,60662.2,2024-11-24 00:00:00+00:00
1732492800000,0.8555,0.957,0.8316,0.9072,66008.1,2024-11-25 00:00:00+00:00
1732579200000,0.8998,0.9259,0.8371,0.8737,28782.8,2024-11-26 00:00:00+00:00
1732665600000,0.8625,0.9696,0.8531,0.96,26554.2,2024-11-27 00:00:00+00:00
1732752000000,0.96,1.0867,0.8904,0.916,14938.8,2024-11-28 00:00:00+00:00
1732838400000,0.9151,0.9429,0.8985,0.9413,62553.0,2024-11-29 00:00:00+00:00
1732924800000,0.94,0.9973,0.9263,0.9804,7213.3,2024-11-30 00:00:00+00:00
1733011200000,0.967,0.9944,0.948,0.9741,26754.2,2024-12-01 00:00:00+00:00
1733097600000,0.9682,1.055,0.9095,1.0297,47677.9,2024-12-02 00:00:00+00:00
1733184000000,1.0282,1.0831,0.9836,1.0517,27794.0,2024-12-03 00:00:00+00:00
1733270400000,1.0404,1.25,0.95,1.1439,67326.4,2024-12-04 00:00:00+00:00
1733356800000,1.1204,1.2164,1.0741,1.101,31154.2,2024-12-05 00:00:00+00:00
1733443200000,1.1137,1.2355,1.1137,1.181,15047.4,2024-12-06 00:00:00+00:00
1733529600000,1.1699,1.2286,1.1548,1.1635,7601.7,2024-12-07 00:00:00+00:00
1733616000000,1.179,1.1956,1.137,1.1672,9532.5,2024-12-08 00:00:00+00:00
1733702400000,1.1672,1.1672,0.84,0.9673,29600.6,2024-12-09 00:00:00+00:00
1733788800000,0.9423,1.0191,0.8873,0.95,25365.5,2024-12-10 00:00:00+00:00
1733875200000,0.9311,1.0375,0.9044,1.0028,29690.5,2024-12-11 00:00:00+00:00
1733961600000,1.0028,1.0912,0.979,1.0228,12102.0,2024-12-12 00:00:00+00:00
1734048000000,1.0311,1.0787,0.981,1.0254,14956.6,2024-12-13 00:00:00+00:00
1734134400000,1.0513,1.0513,0.8552,0.9797,14126.7,2024-12-14 00:00:00+00:00
1734220800000,0.9948,1.0171,0.9604,1.0171,6730.8,2024-12-15 00:00:00+00:00
1734307200000,1.0111,1.0611,0.9628,1.0063,12797.8,2024-12-16 00:00:00+00:00
1734393600000,1.0063,1.0077,0.9396,0.9509,22424.3,2024-12-17 00:00:00+00:00
1734480000000,0.9565,1.005,0.8599,0.8718,65032.1,2024-12-18 00:00:00+00:00
1734566400000,0.8588,0.8668,0.7585,0.7976,16892.3,2024-12-19 00:00:00+00:00
1734652800000,0.779,0.8118,0.6764,0.8023,18347.9,2024-12-20 00:00:00+00:00
1734739200000,0.7847,0.8407,0.7385,0.7385,5110.7,2024-12-21 00:00:00+00:00
1734825600000,0.7487,0.868,0.7273,0.7477,8148.9,2024-12-22 00:00:00+00:00
1734912000000,0.7554,0.8154,0.7499,0.8136,35564.1,2024-12-23 00:00:00+00:00
1734998400000,0.7996,0.8403,0.7904,0.8079,2822.4,2024-12-24 00:00:00+00:00
1735084800000,0.8162,0.868,0.7959,0.7971,4719.8,2024-12-25 00:00:00+00:00
1735171200000,0.803,0.8263,0.7495,0.7585,5994.6,2024-12-26 00:00:00+00:00
1735257600000,0.7789,0.91,0.7585,0.7585,9087.4,2024-12-27 00:00:00+00:00
1735344000000,0.7645,0.7905,0.7535,0.7788,2696.6,2024-12-28 00:00:00+00:00
1735430400000,0.7753,0.7817,0.7385,0.7385,3501.9,2024-12-29 00:00:00+00:00
1735516800000,0.7554,0.9999,0.7216,0.7292,24902.5,2024-12-30 00:00:00+00:00
1735603200000,0.7292,0.7621,0.6994,0.7214,17162.7,2024-12-31 00:00:00+00:00
1735689600000,0.7214,0.7503,0.7055,0.7503,6511.8,2025-01-01 00:00:00+00:00
1735776000000,0.7503,0.7831,0.7503,0.7732,3872.3,2025-01-02 00:00:00+00:00
1735862400000,0.7788,0.91,0.7654,0.8288,11857.6,2025-01-03 00:00:00+00:00
1735948800000,0.8386,0.9056,0.8289,0.9053,22301.5,2025-01-04 00:00:00+00:00
1736035200000,0.8963,0.9215,0.882,0.921,3107.2,2025-01-05 00:00:00+00:00
1736121600000,0.9209,0.9557,0.906,0.917,39380.5,2025-01-06 00:00:00+00:00
1736208000000,0.917,0.9193,0.826,0.8366,3438.8,2025-01-07 00:00:00+00:00
1736294400000,0.8175,0.8175,0.7563,0.7919,19160.6,2025-01-08 00:00:00+00:00
1736380800000,0.7919,0.793,0.737,0.737,6028.2,2025-01-09 00:00:00+00:00
1736467200000,0.7479,0.77,0.7385,0.7671,934.6,2025-01-10 00:00:00+00:00
1736553600000,0.7499,0.7557,0.73,0.7425,710.4,2025-01-11 00:00:00+00:00
1736640000000,0.7459,0.7487,0.7256,0.7256,3800.0,2025-01-12 00:00:00+00:00
1736726400000,0.744,0.744,0.6599,0.7041,7119.9,2025-01-13 00:00:00+00:00
1736812800000,0.7044,0.75,0.7037,0.7445,2522.4,2025-01-14 00:00:00+00:00
1736899200000,0.7413,0.7931,0.7183,0.7906,17403.4,2025-01-15 00:00:00+00:00
1736985600000,0.7906,0.798,0.7499,0.7674,8250.9,2025-01-16 00:00:00+00:00
1737072000000,0.7571,0.8313,0.7571,0.8165,21413.4,2025-01-17 00:00:00+00:00
1737158400000,0.822,0.8258,0.7439,0.7741,9043.4,2025-01-18 00:00:00+00:00
1737244800000,0.77,0.795,0.6948,0.6948,12591.5,2025-01-19 00:00:00+00:00
1737331200000,0.6844,0.7621,0.5844,0.7113,17995.3,2025-01-20 00:00:00+00:00
1737417600000,0.6948,0.744,0.6739,0.7254,9121.8,2025-01-21 00:00:00+00:00
1737504000000,0.7272,0.7311,0.7036,0.7036,1811.9,2025-01-22 00:00:00+00:00
1737590400000,0.7045,0.7161,0.688,0.7161,16468.2,2025-01-23 00:00:00+00:00
1737676800000,0.712,0.7888,0.6881,0.6881,8415.5,2025-01-24 00:00:00+00:00
1737763200000,0.6956,0.7138,0.6914,0.7138,670.9,2025-01-25 00:00:00+00:00
1737849600000,0.7065,0.7171,0.6793,0.6793,2652.5,2025-01-26 00:00:00+00:00
1737936000000,0.6739,0.6739,0.6147,0.6484,4657.8,2025-01-27 00:00:00+00:00
1738022400000,0.6415,0.6478,0.5897,0.5897,2960.9,2025-01-28 00:00:00+00:00
1738108800000,0.596,0.6653,0.596,0.6107,24978.7,2025-01-29 00:00:00+00:00
1738195200000,0.6055,0.6448,0.605,0.635,4630.2,2025-01-30 00:00:00+00:00
1738281600000,0.628,0.6705,0.621,0.6437,13795.2,2025-01-31 00:00:00+00:00
1738368000000,0.64,0.64,0.5691,0.5739,7253.5,2025-02-01 00:00:00+00:00
1738454400000,0.5827,0.5917,0.4694,0.4925,28258.0,2025-02-02 00:00:00+00:00
1738540800000,0.4886,0.509,0.3842,0.509,29661.3,2025-02-03 00:00:00+00:00
1738627200000,0.4981,0.5021,0.4571,0.4777,5981.3,2025-02-04 00:00:00+00:00
1738713600000,0.4794,0.4962,0.467,0.467,3750.4,2025-02-05 00:00:00+00:00
1738800000000,0.4777,0.4777,0.44,0.4539,11841.2,2025-02-06 00:00:00+00:00
1738886400000,0.4466,0.4633,0.4259,0.4259,4025.5,2025-02-07 00:00:00+00:00
1738972800000,0.4356,0.4493,0.4273,0.4493,5087.4,2025-02-08 00:00:00+00:00
1739059200000,0.4562,0.4813,0.4316,0.4479,5506.1,2025-02-09 00:00:00+00:00
1739145600000,0.4493,0.4777,0.4392,0.4777,5715.7,2025-02-10 00:00:00+00:00
1739232000000,0.4748,0.4905,0.4448,0.4633,9873.2,2025-02-11 00:00:00+00:00
1739318400000,0.4633,0.5034,0.4529,0.4911,6525.6,2025-02-12 00:00:00+00:00
1739404800000,0.4889,0.4889,0.4812,0.4848,1962.7,2025-02-13 00:00:00+00:00
1739491200000,0.4848,0.5133,0.4848,0.496,7383.6,2025-02-14 00:00:00+00:00
1739577600000,0.4974,0.4974,0.4742,0.478,1707.6,2025-02-15 00:00:00+00:00
1739664000000,0.4742,0.4906,0.4624,0.4742,2555.9,2025-02-16 00:00:00+00:00
1739750400000,0.4774,0.5089,0.4742,0.4925,940.9,2025-02-17 00:00:00+00:00
1739836800000,0.4986,0.4986,0.444,0.4619,2159.0,2025-02-18 00:00:00+00:00
1739923200000,0.4633,0.4746,0.4632,0.4695,631.3,2025-02-19 00:00:00+00:00
1740009600000,0.4777,0.498,0.4771,0.4906,1651.9,2025-02-20 00:00:00+00:00
1740096000000,0.5001,0.5434,0.4599,0.4657,6282.0,2025-02-21 00:00:00+00:00
1740182400000,0.4704,0.5001,0.4704,0.4798,5441.4,2025-02-22 00:00:00+00:00
1740268800000,0.478,0.5235,0.4742,0.4777,2770.2,2025-02-23 00:00:00+00:00
1740355200000,0.4731,0.4731,0.4067,0.416,7846.0,2025-02-24 00:00:00+00:00
1740441600000,0.4067,0.4479,0.3847,0.4082,4528.7,2025-02-25 00:00:00+00:00
1740528000000,0.4206,0.4314,0.4136,0.4314,6824.2,2025-02-26 00:00:00+00:00
1740614400000,0.4327,0.4359,0.4171,0.4185,3655.5,2025-02-27 00:00:00+00:00
1740700800000,0.406,0.4387,0.3869,0.4214,3253.9,2025-02-28 00:00:00+00:00
1740787200000,0.4187,0.4289,0.4075,0.4289,161.7,2025-03-01 00:00:00+00:00
1740873600000,0.4285,0.4718,0.4156,0.4718,4717.9,2025-03-02 00:00:00+00:00
1740960000000,0.4561,0.4878,0.3808,0.41,5638.3,2025-03-03 00:00:00+00:00
1741046400000,0.41,0.41,0.3582,0.4,10105.8,2025-03-04 00:00:00+00:00
1741132800000,0.4139,0.4449,0.3914,0.4219,4491.5,2025-03-05 00:00:00+00:00
1741219200000,0.425,0.4976,0.4056,0.417,7322.2,2025-03-06 00:00:00+00:00
1741305600000,0.4141,0.4221,0.3914,0.4043,9315.5,2025-03-07 00:00:00+00:00
1741392000000,0.4028,0.4074,0.3847,0.4074,2068.4,2025-03-08 00:00:00+00:00
1741478400000,0.4052,0.4052,0.3492,0.3576,4259.5,2025-03-09 00:00:00+00:00
1741564800000,0.3493,0.3698,0.3197,0.34,26852.0,2025-03-10 00:00:00+00:00
1741651200000,0.3397,0.3711,0.3,0.3376,8231.9,2025-03-11 00:00:00+00:00
1741737600000,0.3321,0.3541,0.3317,0.3489,2876.7,2025-03-12 00:00:00+00:00
1741824000000,0.3461,0.3524,0.3341,0.3395,3508.2,2025-03-13 00:00:00+00:00
1741910400000,0.3466,0.3632,0.3466,0.361,4422.7,2025-03-14 00:00:00+00:00
1741996800000,0.3598,0.3687,0.3593,0.3658,1872.3,2025-03-15 00:00:00+00:00
1742083200000,0.3634,0.3634,0.3521,0.3578,3173.2,2025-03-16 00:00:00+00:00
1742169600000,0.36,0.3767,0.36,0.3737,4714.8,2025-03-17 00:00:00+00:00
1742256000000,0.3698,0.3707,0.3549,0.3707,2032.2,2025-03-18 00:00:00+00:00
1742342400000,0.3723,0.386,0.3689,0.386,9159.9,2025-03-19 00:00:00+00:00
1742428800000,0.3869,0.3875,0.3693,0.3769,1670.5,2025-03-20 00:00:00+00:00
1742515200000,0.3779,0.3802,0.3606,0.3616,1056.1,2025-03-21 00:00:00+00:00
1742601600000,0.3608,0.3717,0.3608,0.365,1283.1,2025-03-22 00:00:00+00:00
1742688000000,0.3707,0.3723,0.3648,0.368,463.4,2025-03-23 00:00:00+00:00
1742774400000,0.3692,0.3949,0.3635,0.3937,5593.8,2025-03-24 00:00:00+00:00
1742860800000,0.3928,0.3957,0.3863,0.3929,3734.4,2025-03-25 00:00:00+00:00
1742947200000,0.3949,0.4022,0.3799,0.3818,4473.5,2025-03-26 00:00:00+00:00
1743033600000,0.3818,0.3907,0.3764,0.389,4143.6,2025-03-27 00:00:00+00:00
1743120000000,0.389,0.389,0.343,0.3435,13432.7,2025-03-28 00:00:00+00:00
1743206400000,0.3489,0.3713,0.328,0.3328,11308.8,2025-03-29 00:00:00+00:00
1743292800000,0.3333,0.3376,0.328,0.3333,2111.0,2025-03-30 00:00:00+00:00
1743379200000,0.329,0.3348,0.3206,0.329,2931.2,2025-03-31 00:00:00+00:00
1743465600000,0.3333,0.342,0.3324,0.3333,43906.1,2025-04-01 00:00:00+00:00
1743552000000,0.3376,0.354,0.3044,0.3044,6882.2,2025-04-02 00:00:00+00:00
1743638400000,0.3084,0.3206,0.298,0.3101,5645.7,2025-04-03 00:00:00+00:00
1743724800000,0.3124,0.3598,0.3084,0.3124,4565.2,2025-04-04 00:00:00+00:00
1743811200000,0.3138,0.3157,0.3069,0.307,688.7,2025-04-05 00:00:00+00:00
1743897600000,0.3064,0.3266,0.2756,0.3005,7356.9,2025-04-06 00:00:00+00:00
1743984000000,0.2756,0.2789,0.2558,0.2754,379029.8,2025-04-07 00:00:00+00:00
1744070400000,0.2785,0.2815,0.2607,0.2644,50143.5,2025-04-08 00:00:00+00:00
1744156800000,0.2658,0.2991,0.2655,0.2988,2150.6,2025-04-09 00:00:00+00:00
1744243200000,0.2903,0.2903,0.2776,0.286,3337.3,2025-04-10 00:00:00+00:00
1744329600000,0.2903,0.2991,0.2903,0.2983,3474.7,2025-04-11 00:00:00+00:00
1744416000000,0.2966,0.3127,0.2962,0.3127,2729.8,2025-04-12 00:00:00+00:00
1744502400000,0.3057,0.3161,0.2974,0.2974,3629.0,2025-04-13 00:00:00+00:00
1744588800000,0.3019,0.3116,0.2947,0.3003,2009.9,2025-04-14 00:00:00+00:00
1744675200000,0.2954,0.2954,0.2814,0.2827,2602.5,2025-04-15 00:00:00+00:00
1744761600000,0.28,0.2822,0.2735,0.2778,1440.5,2025-04-16 00:00:00+00:00
1744848000000,0.2789,0.2866,0.2775,0.2819,4373.8,2025-04-17 00:00:00+00:00
1744934400000,0.2824,0.2924,0.2824,0.2917,1580.9,2025-04-18 00:00:00+00:00
1745020800000,0.292,0.3036,0.292,0.3003,647.3,2025-04-19 00:00:00+00:00
1745107200000,0.3026,0.3073,0.2979,0.3058,2531.8,2025-04-20 00:00:00+00:00
1745193600000,0.3054,0.3141,0.2991,0.2991,25356.5,2025-04-21 00:00:00+00:00
1745280000000,0.2978,0.3232,0.2931,0.3232,7271.1,2025-04-22 00:00:00+00:00
1745366400000,0.3244,0.3427,0.3235,0.3389,3092.9,2025-04-23 00:00:00+00:00
1745452800000,0.3347,0.3431,0.3253,0.3399,1842.1,2025-04-24 00:00:00+00:00
1745539200000,0.3427,0.3507,0.3374,0.3453,98079.1,2025-04-25 00:00:00+00:00
1745625600000,0.3489,0.3563,0.3427,0.3527,2130.2,2025-04-26 00:00:00+00:00
1745712000000,0.3525,0.3619,0.3331,0.3346,11861.7,2025-04-27 00:00:00+00:00
1745798400000,0.3358,0.3467,0.3282,0.3347,7442.8,2025-04-28 00:00:00+00:00
1745884800000,0.3355,0.3402,0.3246,0.3246,8051.1,2025-04-29 00:00:00+00:00
1745971200000,0.3298,0.3339,0.3165,0.3305,2908.0,2025-04-30 00:00:00+00:00
1746057600000,0.3265,0.3438,0.3265,0.34,22996.3,2025-05-01 00:00:00+00:00
1746144000000,0.3416,0.3445,0.3364,0.3433,32219.2,2025-05-02 00:00:00+00:00
1746230400000,0.3386,0.3389,0.3192,0.3237,2162.3,2025-05-03 00:00:00+00:00
1746316800000,0.32,0.3211,0.3125,0.3152,3177.4,2025-05-04 00:00:00+00:00
1746403200000,0.3177,0.3216,0.3076,0.3076,1081.7,2025-05-05 00:00:00+00:00
1746489600000,0.3076,0.3141,0.295,0.3072,5701.6,2025-05-06 00:00:00+00:00
1746576000000,0.3097,0.3121,0.3002,0.3109,577.2,2025-05-07 00:00:00+00:00
1746662400000,0.3131,0.3669,0.3131,0.3621,44429.6,2025-05-08 00:00:00+00:00
1746748800000,0.3604,0.3918,0.36,0.3772,13352.9,2025-05-09 00:00:00+00:00
1746835200000,0.3798,0.4956,0.3734,0.4836,49842.3,2025-05-10 00:00:00+00:00
1746921600000,0.4815,0.5028,0.4437,0.449,18809.6,2025-05-11 00:00:00+00:00
1747008000000,0.4564,0.4795,0.4176,0.4336,140544.7,2025-05-12 00:00:00+00:00
1747094400000,0.4291,0.4632,0.4068,0.4544,151893.6,2025-05-13 00:00:00+00:00
1747180800000,0.4549,0.4602,0.4242,0.4265,10008.4,2025-05-14 00:00:00+00:00
1747267200000,0.4322,0.435,0.3893,0.3971,6360.3,2025-05-15 00:00:00+00:00
1747353600000,0.4043,0.4161,0.3881,0.3881,5206.0,2025-05-16 00:00:00+00:00
1747440000000,0.3879,0.3879,0.372,0.3769,18658.9,2025-05-17 00:00:00+00:00
1747526400000,0.388,0.4076,0.3691,0.388,91676.5,2025-05-18 00:00:00+00:00
1747612800000,0.3991,0.3991,0.3717,0.3884,2275.3,2025-05-19 00:00:00+00:00
1747699200000,0.3926,0.4013,0.385,0.395,12973.9,2025-05-20 00:00:00+00:00
1747785600000,0.3969,0.4181,0.392,0.416,94198.0,2025-05-21 00:00:00+00:00
1747872000000,0.4131,0.4366,0.4131,0.4291,12691.9,2025-05-22 00:00:00+00:00
1747958400000,0.4303,0.4432,0.3918,0.3918,26365.7,2025-05-23 00:00:00+00:00
1748044800000,0.3954,0.4035,0.3892,0.3898,5963.4,2025-05-24 00:00:00+00:00
1748131200000,0.3932,0.3938,0.3774,0.3938,2507.0,2025-05-25 00:00:00+00:00
1748217600000,0.3967,0.4056,0.3898,0.3947,5820.5,2025-05-26 00:00:00+00:00
1748304000000,0.3939,0.4149,0.3831,0.4025,39827.1,2025-05-27 00:00:00+00:00
1748390400000,0.4025,0.4184,0.3944,0.4097,14274.7,2025-05-28 00:00:00+00:00
1748476800000,0.4104,0.4421,0.3962,0.3962,22407.8,2025-05-29 00:00:00+00:00
1748563200000,0.3946,0.3946,0.3344,0.3348,9386.3,2025-05-30 00:00:00+00:00
1748649600000,0.333,0.3449,0.3223,0.3426,13881.1,2025-05-31 00:00:00+00:00
1748736000000,0.339,0.3438,0.332,0.3379,4088.5,2025-06-01 00:00:00+00:00
1748822400000,0.3446,0.3576,0.3348,0.3576,2333.9,2025-06-02 00:00:00+00:00
1748908800000,0.3603,0.377,0.3575,0.3609,6411.9,2025-06-03 00:00:00+00:00
1748995200000,0.3668,0.3731,0.3575,0.3639,2973.4,2025-06-04 00:00:00+00:00
1749081600000,0.3616,0.3748,0.3207,0.323,9782.1,2025-06-05 00:00:00+00:00
1749168000000,0.325,0.3458,0.325,0.3332,13072.6,2025-06-06 00:00:00+00:00
1749254400000,0.34,0.3504,0.34,0.3489,7713.8,2025-06-07 00:00:00+00:00
1749340800000,0.3445,0.3498,0.3384,0.3431,8427.2,2025-06-08 00:00:00+00:00
1749427200000,0.3414,0.369,0.3373,0.369,7164.9,2025-06-09 00:00:00+00:00
1749513600000,0.3692,0.4178,0.364,0.4113,21793.8,2025-06-10 00:00:00+00:00
1749600000000,0.4173,0.4262,0.3957,0.3973,28999.2,2025-06-11 00:00:00+00:00
1749686400000,0.3995,0.4001,0.3682,0.37,6982.8,2025-06-12 00:00:00+00:00
1749772800000,0.3677,0.379,0.3317,0.3487,28532.0,2025-06-13 00:00:00+00:00
1749859200000,0.348,0.3487,0.3289,0.3343,5053.8,2025-06-14 00:00:00+00:00
1749945600000,0.3352,0.3365,0.3234,0.3234,3816.2,2025-06-15 00:00:00+00:00
1750032000000,0.3242,0.3576,0.3194,0.3194,10257.8,2025-06-16 00:00:00+00:00
1750118400000,0.3197,0.3248,0.3,0.3023,18863.7,2025-06-17 00:00:00+00:00
1750204800000,0.3042,0.3292,0.2922,0.3083,16707.8,2025-06-18 00:00:00+00:00
1750291200000,0.309,0.3116,0.2972,0.3014,6009.5,2025-06-19 00:00:00+00:00
1750377600000,0.3033,0.3091,0.2849,0.2875,116674.8,2025-06-20 00:00:00+00:00
1750464000000,0.2895,0.2915,0.2688,0.271,14276.4,2025-06-21 00:00:00+00:00
1750550400000,0.2752,0.2813,0.2553,0.2667,33618.4,2025-06-22 00:00:00+00:00
1750636800000,0.2649,0.303,0.2649,0.3027,44297.1,2025-06-23 00:00:00+00:00
1750723200000,0.3014,0.3343,0.2992,0.3127,20662.0,2025-06-24 00:00:00+00:00
1750809600000,0.3158,0.3234,0.3074,0.3102,67980.9,2025-06-25 00:00:00+00:00
1750896000000,0.312,0.3159,0.2972,0.3028,23806.0,2025-06-26 00:00:00+00:00
1750982400000,0.3023,0.3139,0.2997,0.3071,2884.6,2025-06-27 00:00:00+00:00
1751068800000,0.3065,0.3139,0.3025,0.3139,2927.5,2025-06-28 00:00:00+00:00
1751155200000,0.3131,0.3916,0.3074,0.3702,21079.3,2025-06-29 00:00:00+00:00
1751241600000,0.3682,0.3748,0.3373,0.347,17015.2,2025-06-30 00:00:00+00:00
1751328000000,0.3454,0.3517,0.3234,0.3273,5873.8,2025-07-01 00:00:00+00:00
1751414400000,0.3253,0.3561,0.325,0.3485,9613.3,2025-07-02 00:00:00+00:00
1751500800000,0.3517,0.3637,0.3431,0.3456,8232.0,2025-07-03 00:00:00+00:00
1751587200000,0.3475,0.3503,0.3152,0.3253,12239.7,2025-07-04 00:00:00+00:00
1751673600000,0.3259,0.3314,0.3207,0.3314,5079.0,2025-07-05 00:00:00+00:00
1751760000000,0.3261,0.3406,0.3252,0.3344,96219.1,2025-07-06 00:00:00+00:00
1751846400000,0.3344,0.3371,0.3252,0.3269,98450.5,2025-07-07 00:00:00+00:00
1751932800000,0.3269,0.3421,0.3227,0.337,46135.3,2025-07-08 00:00:00+00:00
1752019200000,0.3358,0.358,0.3345,0.3551,12272.2,2025-07-09 00:00:00+00:00
1752105600000,0.3557,0.3988,0.3519,0.3951,51618.5,2025-07-10 00:00:00+00:00
1752192000000,0.3962,0.4325,0.3894,0.4057,46318.1,2025-07-11 00:00:00+00:00
1752278400000,0.3994,0.4101,0.3829,0.3984,11624.4,2025-07-12 00:00:00+00:00
1752364800000,0.4015,0.4213,0.4009,0.4126,16299.0,2025-07-13 00:00:00+00:00
1752451200000,0.41,0.4325,0.3993,0.4051,47058.9,2025-07-14 00:00:00+00:00
1752537600000,0.4035,0.4441,0.3917,0.4349,43565.2,2025-07-15 00:00:00+00:00
1752624000000,0.4346,0.48,0.4253,0.44,37036.7,2025-07-16 00:00:00+00:00
1752710400000,0.4413,0.4557,0.4286,0.45,99524.0,2025-07-17 00:00:00+00:00
1752796800000,0.4483,0.497,0.4405,0.445,203162.6,2025-07-18 00:00:00+00:00
1752883200000,0.453,0.4768,0.4383,0.4599,16637.8,2025-07-19 00:00:00+00:00
1752969600000,0.4659,0.51,0.4623,0.4843,138897.1,2025-07-20 00:00:00+00:00
1753056000000,0.4782,0.5099,0.4743,0.4871,76869.8,2025-07-21 00:00:00+00:00
1753142400000,0.4853,0.489,0.4544,0.483,109629.0,2025-07-22 00:00:00+00:00
1753228800000,0.4762,0.4776,0.4187,0.4355,176957.1,2025-07-23 00:00:00+00:00
1753315200000,0.4381,0.4482,0.4097,0.4308,21522.2,2025-07-24 00:00:00+00:00
1753401600000,0.4282,0.4426,0.4135,0.44,47465.6,2025-07-25 00:00:00+00:00
1753488000000,0.4446,0.4575,0.4432,0.449,42759.9,2025-07-26 00:00:00+00:00
1753574400000,0.4483,0.4616,0.4467,0.4592,11776.6,2025-07-27 00:00:00+00:00
1753660800000,0.4628,0.4781,0.4285,0.4321,47514.2,2025-07-28 00:00:00+00:00
1753747200000,0.4355,0.4498,0.4158,0.426,43941.3,2025-07-29 00:00:00+00:00
1753833600000,0.426,0.426,0.3929,0.4164,67908.6,2025-07-30 00:00:00+00:00
1753920000000,0.4175,0.4314,0.3961,0.3961,16324.6,2025-07-31 00:00:00+00:00
1754006400000,0.3952,0.3983,0.3672,0.3786,179441.3,2025-08-01 00:00:00+00:00
1754092800000,0.3794,0.382,0.363,0.3651,41909.7,2025-08-02 00:00:00+00:00
1754179200000,0.364,0.3852,0.364,0.3852,27102.9,2025-08-03 00:00:00+00:00
1754265600000,0.3859,0.4113,0.3859,0.4094,9531.3,2025-08-04 00:00:00+00:00
1754352000000,0.4028,0.4028,0.3765,0.384,15826.5,2025-08-05 00:00:00+00:00
1754438400000,0.3839,0.3908,0.3734,0.3872,18094.2,2025-08-06 00:00:00+00:00
1754524800000,0.3912,0.4178,0.39,0.4178,8414.7,2025-08-07 00:00:00+00:00
1754611200000,0.4171,0.4358,0.4109,0.4344,17684.0,2025-08-08 00:00:00+00:00
1754697600000,0.4359,0.4799,0.4359,0.4688,31732.8,2025-08-09 00:00:00+00:00
1754784000000,0.4758,0.4847,0.4494,0.466,15014.3,2025-08-10 00:00:00+00:00
1754870400000,0.4671,0.4806,0.4342,0.4342,15238.8,2025-08-11 00:00:00+00:00
1754956800000,0.4393,0.4796,0.4344,0.4779,15593.5,2025-08-12 00:00:00+00:00
1755043200000,0.4795,0.5837,0.4711,0.5715,100052.0,2025-08-13 00:00:00+00:00
1755129600000,0.5677,0.574,0.4955,0.5191,100031.5,2025-08-14 00:00:00+00:00
1755216000000,0.5194,0.536,0.472,0.48,23894.7,2025-08-15 00:00:00+00:00
1755302400000,0.4839,0.4955,0.4732,0.4919,11600.1,2025-08-16 00:00:00+00:00
1755388800000,0.4932,0.5633,0.4864,0.5433,54174.3,2025-08-17 00:00:00+00:00
1755475200000,0.5377,0.5428,0.5067,0.511,36146.4,2025-08-18 00:00:00+00:00
1755561600000,0.5103,0.5229,0.4729,0.4729,33783.4,2025-08-19 00:00:00+00:00
1755648000000,0.4778,0.5184,0.4714,0.5168,28662.6,2025-08-20 00:00:00+00:00
1755734400000,0.5102,0.52,0.4857,0.4945,22164.6,2025-08-21 00:00:00+00:00
1755820800000,0.4988,0.6068,0.4754,0.5888,119711.5,2025-08-22 00:00:00+00:00
1755907200000,0.5863,0.6134,0.5689,0.6134,44406.9,2025-08-23 00:00:00+00:00
1755993600000,0.6133,0.625,0.5668,0.5821,59734.8,2025-08-24 00:00:00+00:00
1756080000000,0.5718,0.5903,0.5111,0.5195,36799.3,2025-08-25 00:00:00+00:00
1756166400000,0.5181,0.5427,0.5136,0.5362,8601.5,2025-08-26 00:00:00+00:00
1756252800000,0.5303,0.5316,0.4981,0.5035,29488.9,2025-08-27 00:00:00+00:00
1756339200000,0.5106,0.5333,0.5047,0.5249,26698.6,2025-08-28 00:00:00+00:00
1756425600000,0.5252,0.5252,0.484,0.4894,55019.7,2025-08-29 00:00:00+00:00
1756512000000,0.486,0.5024,0.48,0.4976,9446.3,2025-08-30 00:00:00+00:00
1756598400000,0.4994,0.5179,0.496,0.496,10023.2,2025-08-31 00:00:00+00:00
1756684800000,0.4939,0.5125,0.4678,0.4769,35868.7,2025-09-01 00:00:00+00:00
1756771200000,0.4786,0.5048,0.4755,0.5013,8625.4,2025-09-02 00:00:00+00:00
1756857600000,0.505,0.5354,0.4933,0.511,19591.8,2025-09-03 00:00:00+00:00
1756944000000,0.5085,0.5085,0.4791,0.4894,15395.7,2025-09-04 00:00:00+00:00
1757030400000,0.4897,0.5106,0.4855,0.4977,3079.2,2025-09-05 00:00:00+00:00
1757116800000,0.4992,0.5003,0.4855,0.4855,546.5,2025-09-06 00:00:00+00:00
1757203200000,0.4874,0.501,0.4874,0.501,7133.6,2025-09-07 00:00:00+00:00
1757289600000,0.4962,0.515,0.4902,0.5127,14268.8,2025-09-08 00:00:00+00:00
1757376000000,0.514,0.5466,0.5047,0.514,52839.5,2025-09-09 00:00:00+00:00
1757462400000,0.5135,0.5264,0.5024,0.5136,8065.3,2025-09-10 00:00:00+00:00
1757548800000,0.5144,0.5326,0.51,0.5309,64225.9,2025-09-11 00:00:00+00:00
1757635200000,0.5326,0.5509,0.5217,0.5454,15300.1,2025-09-12 00:00:00+00:00
1757721600000,0.5477,0.559,0.5333,0.5449,14295.1,2025-09-13 00:00:00+00:00
1757808000000,0.5357,0.5419,0.5085,0.5194,12643.9,2025-09-14 00:00:00+00:00
1757894400000,0.511,0.5256,0.4862,0.4902,12633.9,2025-09-15 00:00:00+00:00
1757980800000,0.495,0.4979,0.4844,0.4979,17662.7,2025-09-16 00:00:00+00:00
1758067200000,0.4948,0.5434,0.4862,0.5203,57115.8,2025-09-17 00:00:00+00:00
1758153600000,0.5215,0.5282,0.5136,0.5278,24619.2,2025-09-18 00:00:00+00:00
1758240000000,0.5283,0.5348,0.4852,0.4852,12302.3,2025-09-19 00:00:00+00:00
1758326400000,0.4884,0.4977,0.4875,0.4926,16450.9,2025-09-20 00:00:00+00:00
1758412800000,0.4919,0.4975,0.4796,0.4819,4388.8,2025-09-21 00:00:00+00:00
1758499200000,0.4807,0.4807,0.425,0.4343,53461.3,2025-09-22 00:00:00+00:00
1758585600000,0.4374,0.4492,0.4228,0.436,22194.8,2025-09-23 00:00:00+00:00
1758672000000,0.438,0.4429,0.4228,0.428,21131.2,2025-09-24 00:00:00+00:00
1758758400000,0.4273,0.4274,0.4,0.4062,23218.1,2025-09-25 00:00:00+00:00
1758844800000,0.4109,0.425,0.4028,0.425,36918.8,2025-09-26 00:00:00+00:00
1758931200000,0.423,0.4285,0.4186,0.4285,4016.2,2025-09-27 00:00:00+00:00
1759017600000,0.4218,0.4327,0.4095,0.4292,6629.6,2025-09-28 00:00:00+00:00
1759104000000,0.4281,0.4281,0.4097,0.4212,9027.4,2025-09-29 00:00:00+00:00
1759190400000,0.4166,0.4234,0.4058,0.4223,2384.9,2025-09-30 00:00:00+00:00
1759276800000,0.4169,0.4408,0.4166,0.4345,13774.6,2025-10-01 00:00:00+00:00
1759363200000,0.4359,0.4557,0.4346,0.454,8110.3,2025-10-02 00:00:00+00:00
1759449600000,0.4481,0.4617,0.4381,0.45,28303.6,2025-10-03 00:00:00+00:00
1759536000000,0.4491,0.4491,0.4273,0.4348,15714.1,2025-10-04 00:00:00+00:00
1759622400000,0.4322,0.4534,0.43,0.4339,6157.7,2025-10-05 00:00:00+00:00
1759708800000,0.435,0.4655,0.43,0.4568,13438.3,2025-10-06 00:00:00+00:00
1759795200000,0.4602,0.4602,0.4204,0.4204,7139.3,2025-10-07 00:00:00+00:00
1759881600000,0.4246,0.4463,0.4183,0.4348,28747.2,2025-10-08 00:00:00+00:00
1759968000000,0.431,0.4332,0.408,0.4239,7302.5,2025-10-09 00:00:00+00:00
1760054400000,0.4199,0.4312,0.2933,0.314,58062.7,2025-10-10 00:00:00+00:00
1760140800000,0.3146,0.3306,0.2921,0.3016,39244.7,2025-10-11 00:00:00+00:00
1760227200000,0.3025,0.352,0.3023,0.3346,72269.8,2025-10-12 00:00:00+00:00
1760313600000,0.3379,0.3612,0.3299,0.3612,18515.4,2025-10-13 00:00:00+00:00
1760400000000,0.3549,0.3549,0.3232,0.3427,12441.8,2025-10-14 00:00:00+00:00
1760486400000,0.3424,0.3473,0.3218,0.3274,9595.5,2025-10-15 00:00:00+00:00
1760572800000,0.3286,0.3336,0.3102,0.3177,51174.4,2025-10-16 00:00:00+00:00
1760659200000,0.3193,0.3193,0.29,0.3043,12189.0,2025-10-17 00:00:00+00:00
1760745600000,0.3081,0.3267,0.3071,0.3077,41165.2,2025-10-18 00:00:00+00:00
1760832000000,0.308,0.3217,0.306,0.3217,8969.3,2025-10-19 00:00:00+00:00
1760918400000,0.3156,0.3275,0.3119,0.323,8344.9,2025-10-20 00:00:00+00:00
1761004800000,0.3193,0.3356,0.3094,0.3116,10040.3,2025-10-21 00:00:00+00:00
1761091200000,0.3093,0.3133,0.2933,0.3016,6775.5,2025-10-22 00:00:00+00:00
1761177600000,0.3022,0.3161,0.3022,0.3153,5543.6,2025-10-23 00:00:00+00:00
1761264000000,0.3156,0.323,0.3135,0.318,39195.8,2025-10-24 00:00:00+00:00
1761350400000,0.3205,0.3503,0.3167,0.3191,10201.6,2025-10-25 00:00:00+00:00
1761436800000,0.3191,0.3357,0.3156,0.3357,8556.2,2025-10-26 00:00:00+00:00
1761523200000,0.3378,0.3506,0.33,0.3304,5760.2,2025-10-27 00:00:00+00:00
1761609600000,0.3282,0.331,0.3081,0.312,5015.7,2025-10-28 00:00:00+00:00
1761696000000,0.3155,0.3283,0.3119,0.3183,5319.0,2025-10-29 00:00:00+00:00
1761782400000,0.3156,0.3229,0.28,0.2896,13233.4,2025-10-30 00:00:00+00:00
1761868800000,0.2925,0.3,0.2859,0.2966,63856.8,2025-10-31 00:00:00+00:00
1761955200000,0.297,0.309,0.297,0.3064,2458.8,2025-11-01 00:00:00+00:00
1762041600000,0.3035,0.3149,0.297,0.3081,3039.6,2025-11-02 00:00:00+00:00
1762128000000,0.3044,0.3044,0.2559,0.2559,98843.4,2025-11-03 00:00:00+00:00
1762214400000,0.2614,0.2722,0.2378,0.2567,57526.5,2025-11-04 00:00:00+00:00
1762300800000,0.2516,0.271,0.2455,0.271,10962.4,2025-11-05 00:00:00+00:00
1762387200000,0.2656,0.269,0.2534,0.2651,15668.0,2025-11-06 00:00:00+00:00
1762473600000,0.267,0.3041,0.265,0.3002,20674.8,2025-11-07 00:00:00+00:00
1762560000000,0.3041,0.312,0.2878,0.297,8437.2,2025-11-08 00:00:00+00:00
1762646400000,0.2924,0.3034,0.285,0.3034,5227.2,2025-11-09 00:00:00+00:00
1762732800000,0.3034,0.3109,0.2924,0.3044,9443.6,2025-11-10 00:00:00+00:00
1762819200000,0.3041,0.3134,0.2768,0.2796,8305.7,2025-11-11 00:00:00+00:00
1762905600000,0.2796,0.2806,0.257,0.2612,9133.4,2025-11-12 00:00:00+00:00
1762992000000,0.2629,0.269,0.2417,0.2473,21430.0,2025-11-13 00:00:00+00:00
1763078400000,0.2427,0.2488,0.2301,0.2345,20869.5,2025-11-14 00:00:00+00:00
1763164800000,0.2397,0.2596,0.2397,0.2408,10869.5,2025-11-15 00:00:00+00:00
1763251200000,0.2409,0.2457,0.2274,0.2362,14934.0,2025-11-16 00:00:00+00:00
1763337600000,0.2379,0.2417,0.2219,0.2267,39731.0,2025-11-17 00:00:00+00:00
1763424000000,0.2268,0.2399,0.2268,0.2352,3696.6,2025-11-18 00:00:00+00:00
1763510400000,0.2348,0.2384,0.2181,0.2294,12667.9,2025-11-19 00:00:00+00:00
1763596800000,0.2325,0.2405,0.2116,0.2155,35475.7,2025-11-20 00:00:00+00:00
1763683200000,0.2164,0.2181,0.1727,0.1993,23779.8,2025-11-21 00:00:00+00:00
1763769600000,0.2024,0.2047,0.1951,0.2024,6071.6,2025-11-22 00:00:00+00:00
1763856000000,0.2024,0.2055,0.1976,0.2055,18217.7,2025-11-23 00:00:00+00:00
1763942400000,0.2052,0.2219,0.198,0.2219,26917.7,2025-11-24 00:00:00+00:00
1764028800000,0.2185,0.2219,0.2103,0.2108,8452.5,2025-11-25 00:00:00+00:00
1764115200000,0.2186,0.222,0.2105,0.22,49608.1,2025-11-26 00:00:00+00:00
1764201600000,0.2199,0.222,0.215,0.222,1543.0,2025-11-27 00:00:00+00:00
1764288000000,0.2171,0.2245,0.215,0.2182,550.6,2025-11-28 00:00:00+00:00
1764374400000,0.215,0.215,0.2138,0.2138,258.7,2025-11-29 00:00:00+00:00
1764460800000,0.2172,0.2202,0.2105,0.2105,633.9,2025-11-30 00:00:00+00:00
1764547200000,0.2093,0.2093,0.1707,0.1936,13684.0,2025-12-01 00:00:00+00:00
1764633600000,0.1963,0.2172,0.1898,0.213,22650.5,2025-12-02 00:00:00+00:00
1764720000000,0.2149,0.2634,0.2105,0.2239,28080.5,2025-12-03 00:00:00+00:00
1764806400000,0.2231,0.2281,0.2138,0.2174,10358.0,2025-12-04 00:00:00+00:00
1764892800000,0.2106,0.2147,0.1982,0.1982,6901.9,2025-12-05 00:00:00+00:00
1764979200000,0.2051,0.2104,0.203,0.2104,6863.2,2025-12-06 00:00:00+00:00
1765065600000,0.2104,0.212,0.201,0.2041,3578.3,2025-12-07 00:00:00+00:00
1765152000000,0.2087,0.2184,0.2085,0.209,3239.2,2025-12-08 00:00:00+00:00
1765238400000,0.2153,0.229,0.2153,0.2186,6661.6,2025-12-09 00:00:00+00:00
1765324800000,0.2171,0.229,0.2158,0.2171,2642.6,2025-12-10 00:00:00+00:00
1765411200000,0.2157,0.2184,0.2022,0.212,5347.1,2025-12-11 00:00:00+00:00
1765497600000,0.2153,0.2153,0.1982,0.2056,7838.4,2025-12-12 00:00:00+00:00
1765584000000,0.2026,0.2174,0.2026,0.2168,3063.7,2025-12-13 00:00:00+00:00
1765670400000,0.2168,0.2186,0.202,0.202,6429.1,2025-12-14 00:00:00+00:00
1765756800000,0.2087,0.2152,0.189,0.1963,53147.6,2025-12-15 00:00:00+00:00
1765843200000,0.1929,0.2326,0.1919,0.2039,18871.4,2025-12-16 00:00:00+00:00
1765929600000,0.198,0.2042,0.1833,0.1845,5991.2,2025-12-17 00:00:00+00:00
1766016000000,0.1845,0.1933,0.1734,0.1771,20154.8,2025-12-18 00:00:00+00:00
1766102400000,0.1771,0.1939,0.1771,0.1933,5999.0,2025-12-19 00:00:00+00:00
1766188800000,0.189,0.222,0.189,0.1919,16633.9,2025-12-20 00:00:00+00:00
1766275200000,0.189,0.1918,0.1833,0.1833,2048.0,2025-12-21 00:00:00+00:00
1766361600000,0.1875,0.1927,0.1833,0.1848,4307.0,2025-12-22 00:00:00+00:00
1766448000000,0.1847,0.1903,0.1808,0.1903,4984.9,2025-12-23 00:00:00+00:00
1766534400000,0.1921,0.1921,0.1833,0.1891,1956.8,2025-12-24 00:00:00+00:00
1766620800000,0.1902,0.192,0.183,0.183,2935.4,2025-12-25 00:00:00+00:00
1766707200000,0.1875,0.1936,0.1833,0.1921,3802.8,2025-12-26 00:00:00+00:00
1766793600000,0.1921,0.1974,0.1893,0.1974,4342.7,2025-12-27 00:00:00+00:00
1766880000000,0.1924,0.1992,0.1924,0.1992,3019.0,2025-12-28 00:00:00+00:00
1766966400000,0.1993,0.1994,0.1909,0.1914,2689.4,2025-12-29 00:00:00+00:00
1767052800000,0.1891,0.1951,0.189,0.1904,15530.0,2025-12-30 00:00:00+00:00
1767139200000,0.1938,0.1938,0.1833,0.1835,4184.7,2025-12-31 00:00:00+00:00
1767225600000,0.1838,0.2023,0.1838,0.2023,69036.1,2026-01-01 00:00:00+00:00
1767312000000,0.1964,0.2094,0.1964,0.2094,19005.4,2026-01-02 00:00:00+00:00
1767398400000,0.21,0.2119,0.2045,0.2055,1692.3,2026-01-03 00:00:00+00:00
1767484800000,0.2059,0.2186,0.2059,0.2185,4183.4,2026-01-04 00:00:00+00:00
1767571200000,0.2186,0.2228,0.2103,0.2173,30224.6,2026-01-05 00:00:00+00:00
1767657600000,0.2173,0.2262,0.2131,0.2254,17280.3,2026-01-06 00:00:00+00:00
1767744000000,0.2179,0.222,0.2095,0.2095,11118.1,2026-01-07 00:00:00+00:00
1767830400000,0.2146,0.2152,0.2041,0.2073,22846.1,2026-01-08 00:00:00+00:00
1767916800000,0.2101,0.2152,0.2044,0.2045,992.2,2026-01-09 00:00:00+00:00
1768003200000,0.2113,0.2144,0.2073,0.2073,3790.3,2026-01-10 00:00:00+00:00
1768089600000,0.2111,0.2511,0.1861,0.2041,41643.4,2026-01-11 00:00:00+00:00
1768176000000,0.2017,0.2119,0.1982,0.201,4683.5,2026-01-12 00:00:00+00:00
1768262400000,0.2043,0.2254,0.2043,0.2254,36098.3,2026-01-13 00:00:00+00:00
1768348800000,0.2183,0.2254,0.2164,0.2219,1329.4,2026-01-14 00:00:00+00:00
1768435200000,0.2164,0.2186,0.2073,0.2108,3740.9,2026-01-15 00:00:00+00:00
1768521600000,0.2115,0.2119,0.2027,0.2045,4789.5,2026-01-16 00:00:00+00:00
1768608000000,0.2045,0.2248,0.2045,0.2195,9407.3,2026-01-17 00:00:00+00:00
1768694400000,0.2187,0.2207,0.2073,0.2073,25180.5,2026-01-18 00:00:00+00:00
1768780800000,0.2042,0.2042,0.1861,0.1958,6264.3,2026-01-19 00:00:00+00:00
1768867200000,0.1958,0.1958,0.1805,0.1805,3374.0,2026-01-20 00:00:00+00:00
1768953600000,0.1844,0.19,0.18,0.1875,37676.4,2026-01-21 00:00:00+00:00
1769040000000,0.1901,0.1902,0.1754,0.18,8447.6,2026-01-22 00:00:00+00:00
1769126400000,0.1807,0.1822,0.1744,0.1777,2164.7,2026-01-23 00:00:00+00:00
1769212800000,0.1812,0.1812,0.1755,0.1755,3787.9,2026-01-24 00:00:00+00:00
1769299200000,0.1754,0.1787,0.1614,0.1674,6883.5,2026-01-25 00:00:00+00:00
1769385600000,0.1681,0.1733,0.1681,0.173,3183.5,2026-01-26 00:00:00+00:00
1769472000000,0.1733,0.1733,0.1648,0.1727,4217.6,2026-01-27 00:00:00+00:00
1769558400000,0.1729,0.1729,0.1692,0.1729,1257.3,2026-01-28 00:00:00+00:00
1769644800000,0.1671,0.1674,0.1527,0.1595,6017.3,2026-01-29 00:00:00+00:00
1769731200000,0.1547,0.1581,0.1523,0.1577,2976.3,2026-01-30 00:00:00+00:00
1769817600000,0.1568,0.1568,0.13,0.1398,9778.3,2026-01-31 00:00:00+00:00
1769904000000,0.1416,0.1436,0.1325,0.1361,6537.1,2026-02-01 00:00:00+00:00
1769990400000,0.1376,0.1398,0.1305,0.1347,3882.5,2026-02-02 00:00:00+00:00
1770076800000,0.1397,0.1397,0.125,0.1305,17396.3,2026-02-03 00:00:00+00:00
1770163200000,0.1335,0.1355,0.1265,0.1286,5791.7,2026-02-04 00:00:00+00:00
1770249600000,0.1295,0.1295,0.1082,0.1083,30884.5,2026-02-05 00:00:00+00:00
1770336000000,0.1066,0.1216,0.0987,0.12,30238.6,2026-02-06 00:00:00+00:00
1770422400000,0.1213,0.1255,0.1147,0.119,10135.3,2026-02-07 00:00:00+00:00
1770508800000,0.1189,0.1202,0.1153,0.1179,5617.6,2026-02-08 00:00:00+00:00
1770595200000,0.1182,0.1182,0.1083,0.1117,13102.5,2026-02-09 00:00:00+00:00
1770681600000,0.114,0.114,0.1079,0.1115,5505.1,2026-02-10 00:00:00+00:00
1770768000000,0.1083,0.1125,0.1061,0.109,1774.2,2026-02-11 00:00:00+00:00
1770854400000,0.1107,0.1136,0.1066,0.1103,10755.9,2026-02-12 00:00:00+00:00
1770940800000,0.1105,0.1176,0.1094,0.1176,2701.5,2026-02-13 00:00:00+00:00
1771027200000,0.1169,0.1216,0.1169,0.1216,3649.3,2026-02-14 00:00:00+00:00
1771113600000,0.1189,0.1213,0.1135,0.1135,10631.0,2026-02-15 00:00:00+00:00
1771200000000,0.1159,0.1161,0.1126,0.1126,257.7,2026-02-16 00:00:00+00:00
1771286400000,0.1159,0.116,0.1117,0.1157,4773.3,2026-02-17 00:00:00+00:00
1771372800000,0.1142,0.1151,0.1072,0.1072,7478.6,2026-02-18 00:00:00+00:00
1771459200000,0.1072,0.1072,0.0986,0.1004,9898.7,2026-02-19 00:00:00+00:00
1771545600000,0.0971,0.1172,0.0956,0.0976,14824.7,2026-02-20 00:00:00+00:00
1771632000000,0.0977,0.1049,0.0977,0.0986,1955.1,2026-02-21 00:00:00+00:00
1771718400000,0.0974,0.0992,0.0941,0.0952,4063.2,2026-02-22 00:00:00+00:00
1771804800000,0.0926,0.0957,0.0885,0.0943,11232.6,2026-02-23 00:00:00+00:00
1771891200000,0.0946,0.0946,0.0903,0.0932,809.7,2026-02-24 00:00:00+00:00
1771977600000,0.0945,0.1057,0.0914,0.1002,10005.1,2026-02-25 00:00:00+00:00
1772064000000,0.1006,0.1022,0.0944,0.1005,11875.8,2026-02-26 00:00:00+00:00
1772150400000,0.1008,0.1193,0.0976,0.0993,141591.9,2026-02-27 00:00:00+00:00
1772236800000,0.1001,0.1017,0.0912,0.0973,106478.7,2026-02-28 00:00:00+00:00
1772323200000,0.1008,0.1049,0.0961,0.0997,128323.7,2026-03-01 00:00:00+00:00
1772409600000,0.1008,0.1074,0.0997,0.1018,5885.4,2026-03-02 00:00:00+00:00
1772496000000,0.1025,0.1041,0.0987,0.1006,1127.0,2026-03-03 00:00:00+00:00
1772582400000,0.1041,0.1073,0.1019,0.1034,4570.3,2026-03-04 00:00:00+00:00
1772668800000,0.1024,0.1071,0.1018,0.1041,752.6,2026-03-05 00:00:00+00:00
1772755200000,0.1041,0.1041,0.0941,0.099,2510.1,2026-03-06 00:00:00+00:00
1772841600000,0.0971,0.0988,0.0971,0.0988,129.5,2026-03-07 00:00:00+00:00
1772928000000,0.0956,0.097,0.0941,0.0961,3805.1,2026-03-08 00:00:00+00:00
1773014400000,0.0962,0.1008,0.0962,0.0986,1393.6,2026-03-09 00:00:00+00:00
1773100800000,0.0986,0.1008,0.098,0.0986,2612.1,2026-03-10 00:00:00+00:00
1773187200000,0.0994,0.104,0.0988,0.1024,2663.3,2026-03-11 00:00:00+00:00
1773273600000,0.102,0.1022,0.0986,0.1022,3844.2,2026-03-12 00:00:00+00:00
1773360000000,0.1025,0.1058,0.102,0.102,2533.6,2026-03-13 00:00:00+00:00
1773446400000,0.1018,0.102,0.1002,0.102,440.1,2026-03-14 00:00:00+00:00
1773532800000,0.1025,0.1041,0.1004,0.1041,798.5,2026-03-15 00:00:00+00:00
1773619200000,0.1057,0.1107,0.1035,0.1094,14196.3,2026-03-16 00:00:00+00:00
1773705600000,0.1083,0.1095,0.1073,0.1095,223.1,2026-03-17 00:00:00+00:00
1773792000000,0.109,0.1103,0.1011,0.1011,6481.5,2026-03-18 00:00:00+00:00
1773878400000,0.1036,0.1036,0.0975,0.0999,61314.4,2026-03-19 00:00:00+00:00
1773964800000,0.1008,0.102,0.0986,0.1005,942.5,2026-03-20 00:00:00+00:00
1774051200000,0.1006,0.1009,0.0971,0.0971,1376.7,2026-03-21 00:00:00+00:00
1774137600000,0.0956,0.0976,0.0926,0.0938,2850.3,2026-03-22 00:00:00+00:00
1774224000000,0.0946,0.0976,0.0876,0.0974,7077.7,2026-03-23 00:00:00+00:00
1774310400000,0.0977,0.0991,0.0943,0.0991,14646.7,2026-03-24 00:00:00+00:00
1774396800000,0.0991,0.1419,0.0978,0.0988,16634.0,2026-03-25 00:00:00+00:00
1774483200000,0.1,0.1,0.0932,0.0952,4252.1,2026-03-26 00:00:00+00:00
1774569600000,0.0938,0.0954,0.0898,0.0906,2527.3,2026-03-27 00:00:00+00:00
1774656000000,0.0913,0.0923,0.0898,0.0898,672.3,2026-03-28 00:00:00+00:00
1774742400000,0.0908,0.0908,0.087,0.0883,2871.4,2026-03-29 00:00:00+00:00
1774828800000,0.0885,0.0946,0.0885,0.0921,7342.6,2026-03-30 00:00:00+00:00
1774915200000,0.0927,0.0944,0.0912,0.0943,2676.5,2026-03-31 00:00:00+00:00
1775001600000,0.0947,0.0976,0.0933,0.0961,7584.2,2026-04-01 00:00:00+00:00
1775088000000,0.0946,0.0946,0.0903,0.0904,3510.0,2026-04-02 00:00:00+00:00
1775174400000,0.0932,0.0984,0.0913,0.0914,10685.9,2026-04-03 00:00:00+00:00
1775260800000,0.094,0.094,0.0921,0.0921,1803.8,2026-04-04 00:00:00+00:00
1775347200000,0.0912,0.094,0.0889,0.094,6050.4,2026-04-05 00:00:00+00:00
1775433600000,0.0947,0.0988,0.0929,0.0929,5508.4,2026-04-06 00:00:00+00:00
1775520000000,0.0942,0.1031,0.0915,0.1031,139646.5,2026-04-07 00:00:00+00:00
1775606400000,0.103,0.1056,0.0976,0.1056,12297.5,2026-04-08 00:00:00+00:00
1775692800000,0.1035,0.1095,0.1007,0.108,8798.1,2026-04-09 00:00:00+00:00
1775779200000,0.1085,0.1153,0.104,0.1153,10088.3,2026-04-10 00:00:00+00:00
1775865600000,0.1182,0.1218,0.1105,0.116,56021.3,2026-04-11 00:00:00+00:00
1775952000000,0.116,0.116,0.1093,0.111,28772.0,2026-04-12 00:00:00+00:00
1776038400000,0.1115,0.1129,0.1102,0.1129,3238.9,2026-04-13 00:00:00+00:00
1776124800000,0.115,0.115,0.1095,0.1131,5438.0,2026-04-14 00:00:00+00:00
1776211200000,0.1137,0.1178,0.1095,0.1164,3308.1,2026-04-15 00:00:00+00:00
1776297600000,0.1179,0.1322,0.1126,0.1302,42926.7,2026-04-16 00:00:00+00:00
1776384000000,0.1279,0.1368,0.1243,0.1293,94303.7,2026-04-17 00:00:00+00:00
1776470400000,0.1319,0.1351,0.1248,0.1301,26287.0,2026-04-18 00:00:00+00:00
1776556800000,0.1238,0.1309,0.122,0.122,1566.3,2026-04-19 00:00:00+00:00
1776643200000,0.1267,0.1295,0.1248,0.1295,832.9,2026-04-20 00:00:00+00:00
1776729600000,0.1307,0.1307,0.1248,0.1248,6610.5,2026-04-21 00:00:00+00:00
1776816000000,0.128,0.1336,0.1209,0.1223,6132.9,2026-04-22 00:00:00+00:00
1776902400000,0.1283,0.1306,0.1239,0.1282,7621.8,2026-04-23 00:00:00+00:00
1776988800000,0.1307,0.1314,0.1204,0.1289,6104.1,2026-04-24 00:00:00+00:00
1777075200000,0.1314,0.132,0.1271,0.1299,150380.9,2026-04-25 00:00:00+00:00
1777161600000,0.1314,0.1328,0.1201,0.1313,12118.1,2026-04-26 00:00:00+00:00
1777248000000,0.1313,0.1326,0.1209,0.1268,27846.2,2026-04-27 00:00:00+00:00
1777334400000,0.122,0.1299,0.1192,0.1235,47374.1,2026-04-28 00:00:00+00:00
1777420800000,0.1257,0.1333,0.1235,0.1235,1911.3,2026-04-29 00:00:00+00:00
1777507200000,0.1242,0.1302,0.1242,0.1244,2162.7,2026-04-30 00:00:00+00:00
1777593600000,0.123,0.126,0.1216,0.1216,7080.5,2026-05-01 00:00:00+00:00
1777680000000,0.1216,0.1216,0.1216,0.1216,0.0,2026-05-02 00:00:00+00:00
1777766400000,0.1208,0.1209,0.1171,0.1184,11484.0,2026-05-03 00:00:00+00:00
1777852800000,0.1161,0.1207,0.1161,0.1185,6302.4,2026-05-04 00:00:00+00:00
1777939200000,0.1191,0.1209,0.117,0.1209,9662.5,2026-05-05 00:00:00+00:00
1778025600000,0.1216,0.1262,0.1193,0.1231,10425.8,2026-05-06 00:00:00+00:00
1778112000000,0.1212,0.1309,0.121,0.1241,8121.8,2026-05-07 00:00:00+00:00
1778198400000,0.1314,0.1591,0.1314,0.1429,27477.2,2026-05-08 00:00:00+00:00
1778284800000,0.1452,0.1452,0.1393,0.1421,10431.4,2026-05-09 00:00:00+00:00
1778371200000,0.1399,0.15,0.1392,0.15,5143.0,2026-05-10 00:00:00+00:00
1778457600000,0.1419,0.152,0.1398,0.1504,1372.9,2026-05-11 00:00:00+00:00
1778544000000,0.1384,0.1432,0.1318,0.1347,3300.4,2026-05-12 00:00:00+00:00
1778630400000,0.1479,0.1495,0.1313,0.1313,8714.7,2026-05-13 00:00:00+00:00
1778716800000,0.1309,0.1335,0.1291,0.1307,3054.3,2026-05-14 00:00:00+00:00
1778803200000,0.1305,0.1313,0.1219,0.1289,3119.9,2026-05-15 00:00:00+00:00
1778889600000,0.1211,0.124,0.1174,0.1181,2728.5,2026-05-16 00:00:00+00:00
1778976000000,0.1197,0.1224,0.1135,0.1189,1953.3,2026-05-17 00:00:00+00:00
1779062400000,0.1151,0.1185,0.1146,0.1165,8393.4,2026-05-18 00:00:00+00:00
1779148800000,0.1162,0.1175,0.1127,0.1127,4652.5,2026-05-19 00:00:00+00:00
1779235200000,0.1127,0.1149,0.11,0.11,6975.3,2026-05-20 00:00:00+00:00
1779321600000,0.1114,0.1142,0.1092,0.1142,2311.7,2026-05-21 00:00:00+00:00
1779408000000,0.1117,0.1235,0.1077,0.11,30421.0,2026-05-22 00:00:00+00:00
1779494400000,0.1089,0.1113,0.1035,0.1089,164924.2,2026-05-23 00:00:00+00:00
1779580800000,0.1104,0.1105,0.105,0.1059,12602.4,2026-05-24 00:00:00+00:00
1779667200000,0.1059,0.1107,0.1059,0.1074,11851.1,2026-05-25 00:00:00+00:00
1779753600000,0.1076,0.1111,0.1068,0.1081,12548.1,2026-05-26 00:00:00+00:00
1779840000000,0.1092,0.1125,0.106,0.1066,3491.1,2026-05-27 00:00:00+00:00
1779926400000,0.105,0.1057,0.1014,0.1057,1932.6,2026-05-28 00:00:00+00:00
1780012800000,0.1034,0.107,0.1005,0.1051,164061.1,2026-05-29 00:00:00+00:00
1780099200000,0.106,0.1069,0.102,0.104,4817.9,2026-05-30 00:00:00+00:00
1780185600000,0.105,0.1071,0.1005,0.1041,23865.2,2026-05-31 00:00:00+00:00
1780272000000,0.1018,0.1041,0.0986,0.1015,9282.9,2026-06-01 00:00:00+00:00
1780358400000,0.1003,0.101,0.0912,0.0912,14172.4,2026-06-02 00:00:00+00:00
1780444800000,0.0932,0.0977,0.0898,0.0947,13058.7,2026-06-03 00:00:00+00:00
1780531200000,0.0926,0.0926,0.0865,0.0876,33707.7,2026-06-04 00:00:00+00:00
1780617600000,0.087,0.0875,0.078,0.0797,23487.4,2026-06-05 00:00:00+00:00
1780704000000,0.0799,0.0804,0.075,0.0799,15193.5,2026-06-06 00:00:00+00:00
1780790400000,0.08,0.0849,0.0799,0.083,10215.5,2026-06-07 00:00:00+00:00
1780876800000,0.0822,0.0843,0.0817,0.0836,2797.9,2026-06-08 00:00:00+00:00
1780963200000,0.0817,0.0822,0.0784,0.0804,33731.3,2026-06-09 00:00:00+00:00
1781049600000,0.078,0.0803,0.0763,0.0763,3902.1,2026-06-10 00:00:00+00:00
1781136000000,0.0784,0.0857,0.0784,0.0828,6933.0,2026-06-11 00:00:00+00:00
1781222400000,0.0839,0.0856,0.0823,0.0841,63938.7,2026-06-12 00:00:00+00:00
1781308800000,0.0851,0.0865,0.0834,0.0865,2141.7,2026-06-13 00:00:00+00:00
