symbol,side,entry_ts,net,gross,reason,held_s,rsi
BTC/USDT:USDT,short,1755297600,-0.6154132714438597,-0.2554132714438597,st2_hold,14400,81.95633103515584
BTC/USDT:USDT,long,1784745000,0.0718054142690262,0.4318054142690262,st2_hold,14400,25.576677894900968
ETH/USDT:USDT,short,1757119500,0.7455692559674106,1.1055692559674106,st2_hold,14400,72.85475820298288
ETH/USDT:USDT,long,1770184200,0.5836367733611799,0.94363677336118,trailing_stop,1500,26.792959399727422
ETH/USDT:USDT,long,1772658900,1.0384947680599637,1.3984947680599635,trailing_stop,3600,21.818334168637136
ETH/USDT:USDT,long,1779600600,0.6512995391704798,1.0112995391704798,trailing_stop,6600,29.318580342581015
ETH/USDT:USDT,short,1779840900,1.1067455860486377,1.4667455860486378,st2_hold,14400,72.9600513236459
ETH/USDT:USDT,long,1779999000,0.5378298481639292,0.8978298481639292,trailing_stop,6600,28.853237756021286
ETH/USDT:USDT,long,1780179300,0.9208475732089192,1.2808475732089193,st2_hold,14400,26.969849317705197
ETH/USDT:USDT,short,1784784900,0.8781661783956153,1.2381661783956153,trailing_stop,9000,74.22101816241918
ETH/USDT:USDT,short,1784874300,-3.960000000000003,-3.6000000000000036,stop_loss,2700,80.64354442508063
BNB/USDT:USDT,short,1754154900,2.640567977280855,3.0005679772808547,trailing_stop,3000,71.64552259514639
BNB/USDT:USDT,short,1754786700,-3.959999999999988,-3.599999999999988,stop_loss,9600,83.77455581873556
BNB/USDT:USDT,long,1757737500,-0.3373259768724801,0.0226740231275197,st2_hold,14400,25.31323880016799
BNB/USDT:USDT,short,1758318300,-1.354367285519651,-0.9943672855196508,st2_hold,14400,70.45834891368459
BNB/USDT:USDT,short,1758578400,0.3918811382523732,0.7518811382523732,trailing_stop,11700,73.58159958944196
BNB/USDT:USDT,short,1759010100,0.8436117079790934,1.2036117079790931,trailing_stop,8700,73.16479812527817
BNB/USDT:USDT,short,1760554800,1.0128137855692576,1.3728137855692577,trailing_stop,3600,70.75322723096701
BNB/USDT:USDT,short,1766523000,0.4436571671729697,0.8036571671729698,trailing_stop,6900,70.86977862507827
BNB/USDT:USDT,short,1766773200,-0.687243958573061,-0.327243958573061,st2_hold,14400,73.12605259966246
BNB/USDT:USDT,short,1768736100,-1.589832958255411,-1.2298329582554108,st2_hold,14400,70.32115568530995
BNB/USDT:USDT,short,1769386500,-1.026543872170952,-0.6665438721709519,st2_hold,14400,78.6208465831064
BNB/USDT:USDT,short,1770355500,-3.960000000000008,-3.6000000000000085,stop_loss,1500,76.57641635206055
BNB/USDT:USDT,short,1770429900,0.8816370106761414,1.2416370106761414,trailing_stop,14400,72.1469644842792
BNB/USDT:USDT,short,1770605400,2.909398430688753,3.269398430688753,st2_hold,14400,72.10220871768396
BNB/USDT:USDT,short,1770639600,0.2650911358404096,0.6250911358404097,trailing_stop,8400,74.85653868732133
BNB/USDT:USDT,long,1770852600,2.5384204010893554,2.8984204010893553,trailing_stop,8400,21.566181949130964
BNB/USDT:USDT,short,1770924600,1.5979107954266167,1.9579107954266168,trailing_stop,5400,70.90675440483999
BNB/USDT:USDT,short,1770972300,0.3429490349669529,0.7029490349669529,trailing_stop,5400,79.9972555075887
BNB/USDT:USDT,long,1777449900,0.9932605044704492,1.353260504470449,trailing_stop,9300,26.169198000452752
BNB/USDT:USDT,short,1780577100,1.095987800633122,1.4559878006331222,trailing_stop,2700,75.69824534067642
SOL/USDT:USDT,long,1754576400,-3.9600000000000257,-3.6000000000000254,stop_loss,8400,27.6966544530587
SOL/USDT:USDT,short,1754760600,-3.959999999999979,-3.5999999999999797,stop_loss,11400,75.48688460396302
SOL/USDT:USDT,long,1755435600,0.9042321707444408,1.2642321707444408,trailing_stop,3600,26.521892778367743
SOL/USDT:USDT,short,1755520500,0.3911194029851089,0.7511194029851089,trailing_stop,4200,78.71997055122799
SOL/USDT:USDT,short,1755959700,-2.4731963942663024,-2.1131963942663026,st2_hold,14400,75.55566934157648
SOL/USDT:USDT,long,1756800000,1.2411331024245484,1.6011331024245483,trailing_stop,3600,24.142458916143852
SOL/USDT:USDT,short,1757098800,0.8908641370869453,1.250864137086945,trailing_stop,8400,77.67014773148404
SOL/USDT:USDT,short,1757970000,0.397674239836033,0.757674239836033,trailing_stop,7800,73.12290917399642
SOL/USDT:USDT,long,1758067200,-3.960000000000001,-3.600000000000001,stop_loss,13500,26.294277658529353
SOL/USDT:USDT,short,1758697200,0.7232661577125691,1.083266157712569,trailing_stop,2400,73.52865755009587
SOL/USDT:USDT,short,1760009400,-3.9600000000000057,-3.600000000000006,stop_loss,5100,77.39012639758697
SOL/USDT:USDT,long,1760958600,0.4445853811565241,0.8045853811565241,trailing_stop,5400,15.18303959055696
SOL/USDT:USDT,short,1764990900,0.6051755041076107,0.9651755041076108,trailing_stop,5100,76.69841043607619
SOL/USDT:USDT,long,1766394300,0.4078881542260739,0.7678881542260739,trailing_stop,2100,23.18665034694567
SOL/USDT:USDT,short,1766487900,0.8863572974273034,1.2463572974273034,trailing_stop,5400,81.02716243637879
SOL/USDT:USDT,long,1766736000,2.2275489236790538,2.5875489236790536,trailing_stop,7200,21.28707803246813
SOL/USDT:USDT,long,1767588000,0.8626879574184353,1.2226879574184353,trailing_stop,4200,13.491006679300328
SOL/USDT:USDT,long,1767717600,-3.960000000000015,-3.600000000000015,stop_loss,3900,14.284166657055067
SOL/USDT:USDT,short,1770151500,1.545455266812186,1.9054552668121865,trailing_stop,4200,75.9584831268262
SOL/USDT:USDT,short,1772403600,0.6873394055609064,1.0473394055609064,trailing_stop,600,79.21158017461423
SOL/USDT:USDT,long,1776105000,4.439999999999985,4.799999999999986,take_profit,4800,24.35494142118463
SOL/USDT:USDT,long,1776390000,-3.313491003734314,-2.9534910037343143,st2_hold,14400,29.455837070372525
SOL/USDT:USDT,short,1779209400,0.3392086925711982,0.6992086925711982,trailing_stop,7200,74.59811252451438
SOL/USDT:USDT,long,1779302100,-1.0917923103728933,-0.7317923103728933,st2_hold,14400,27.434751361529223
SOL/USDT:USDT,long,1779342900,1.0232061068702794,1.3832061068702797,trailing_stop,8700,27.33352041357874
SOL/USDT:USDT,long,1779410700,-0.4290289921767005,-0.0690289921767004,st2_hold,14400,27.435667994026673
SOL/USDT:USDT,long,1782031200,4.440000000000016,4.800000000000017,take_profit,5100,28.057237409773094
SOL/USDT:USDT,short,1782481800,-3.960000000000002,-3.6000000000000023,stop_loss,300,72.07226181817617
SOL/USDT:USDT,short,1782527700,1.0375843398583964,1.3975843398583965,trailing_stop,10800,71.60377994976946
SOL/USDT:USDT,short,1783238400,2.39726326227073,2.75726326227073,trailing_stop,7500,71.17987296466022
SOL/USDT:USDT,short,1783324200,1.6067780252413155,1.9667780252413152,trailing_stop,8700,73.67673982539054
SOL/USDT:USDT,short,1783511700,2.2447950502707172,2.604795050270717,trailing_stop,5700,74.72477402710993
SOL/USDT:USDT,short,1783532100,0.8349716348634132,1.1949716348634132,trailing_stop,1500,75.66406678054115
SOL/USDT:USDT,long,1783688700,-3.96000000000002,-3.60000000000002,stop_loss,4200,19.641635480526983
SOL/USDT:USDT,long,1784082600,1.3378351050039017,1.6978351050039016,trailing_stop,7200,20.049876134838712
SOL/USDT:USDT,short,1784154900,2.2699600360964256,2.6299600360964255,trailing_stop,8700,75.03481804507896
SOL/USDT:USDT,long,1784349900,-0.9596801705757156,-0.5996801705757157,st2_hold,14400,29.95713648913863
SOL/USDT:USDT,long,1784521200,0.7770923379175309,1.1370923379175308,trailing_stop,1800,22.09470955750028
LINK/USDT:USDT,long,1754822400,0.4157072005877935,0.7757072005877935,trailing_stop,600,19.687423237602275
LINK/USDT:USDT,long,1755064800,-3.96000000000001,-3.6000000000000103,stop_loss,2400,18.23838730518608
LINK/USDT:USDT,short,1755200400,4.4399999999999915,4.799999999999992,take_profit,1500,70.63511791120877
LINK/USDT:USDT,short,1755651600,1.108048301508369,1.4680483015083692,trailing_stop,1200,73.79766213139507
LINK/USDT:USDT,long,1757360400,1.6989340190010953,2.058934019001095,trailing_stop,8700,28.063673531866968
LINK/USDT:USDT,short,1757390700,-3.9600000000000057,-3.6000000000000054,stop_loss,7200,73.84576127839685
LINK/USDT:USDT,short,1757794800,-0.420340319401412,-0.060340319401412,st2_hold,14400,70.69391276962722
LINK/USDT:USDT,long,1762090200,-3.960000000000012,-3.600000000000012,stop_loss,3300,23.53604532535168
LINK/USDT:USDT,short,1762217400,1.8414585764294364,2.2014585764294363,trailing_stop,600,75.44732662371757
LINK/USDT:USDT,short,1763073300,-3.959999999999991,-3.5999999999999917,stop_loss,3300,74.87780889293415
LINK/USDT:USDT,long,1763910000,0.7742054728756852,1.1342054728756852,trailing_stop,1500,26.01448613065166
LINK/USDT:USDT,short,1764165000,0.5362090084503156,0.8962090084503156,trailing_stop,4200,72.51426166711965
LINK/USDT:USDT,short,1764235800,0.4509382014065937,0.8109382014065937,trailing_stop,10800,70.97506931448518
LINK/USDT:USDT,short,1764413100,0.7802331250952376,1.1402331250952376,trailing_stop,12600,70.494309327022
LINK/USDT:USDT,short,1765445100,-1.4870718232044235,-1.1270718232044237,st2_hold,14400,76.8608091151193
LINK/USDT:USDT,long,1767658800,-3.9600000000000217,-3.6000000000000214,stop_loss,900,23.73749008198304
LINK/USDT:USDT,short,1767828600,0.3060223048326989,0.6660223048326989,trailing_stop,4200,71.06619030795719
LINK/USDT:USDT,long,1768416300,1.0152523816294377,1.3752523816294375,trailing_stop,900,28.29804225320197
LINK/USDT:USDT,short,1768596000,-2.0519358382773007,-1.6919358382773009,st2_hold,14400,72.6774491535341
LINK/USDT:USDT,long,1772659500,1.1370372730169245,1.4970372730169244,trailing_stop,3000,18.810312605583576
LINK/USDT:USDT,short,1781007300,0.4127226784586372,0.7727226784586372,trailing_stop,4500,73.2978810438355
LINK/USDT:USDT,short,1785215700,0.395471833512819,0.755471833512819,trailing_stop,3900,71.48325199836117
ADA/USDT:USDT,short,1756568100,0.5020104916433062,0.8620104916433062,trailing_stop,11400,73.08601678216793
ADA/USDT:USDT,short,1756945800,1.4262873467444597,1.7862873467444595,trailing_stop,3600,75.86850191588078
ADA/USDT:USDT,long,1757053500,4.440000000000002,4.8000000000000025,take_profit,4200,22.00495473504077
ADA/USDT:USDT,short,1757206800,-2.369744214372738,-2.009744214372738,st2_hold,14400,70.67115305771523
ADA/USDT:USDT,long,1759805100,0.7367541436464343,1.0967541436464343,trailing_stop,7800,29.886607295646684
ADA/USDT:USDT,short,1760009700,0.2574538745387822,0.6174538745387822,trailing_stop,7800,71.06504242295753
ADA/USDT:USDT,short,1760240700,-3.960000000000005,-3.600000000000005,stop_loss,2700,70.70297925365112
ADA/USDT:USDT,short,1763138100,4.440000000000004,4.800000000000004,take_profit,4200,70.40792780940754
ADA/USDT:USDT,short,1763585100,-3.960000000000002,-3.6000000000000028,stop_loss,600,73.62411929181695
ADA/USDT:USDT,long,1763621400,2.426571981923821,2.786571981923821,trailing_stop,4800,27.004174095066773
ADA/USDT:USDT,short,1766487300,0.6293529893530241,0.989352989353024,trailing_stop,5700,77.03467808657078
ADA/USDT:USDT,long,1766915100,-1.8951467815782488,-1.535146781578249,st2_hold,14400,27.64914510635245
ADA/USDT:USDT,short,1767227700,0.5385654512851741,0.8985654512851741,trailing_stop,4200,77.6070329526099
ADA/USDT:USDT,short,1768270200,0.7568600154679929,1.1168600154679929,trailing_stop,3600,70.21983367353074
ADA/USDT:USDT,short,1768542900,0.6321139659119995,0.9921139659119996,st2_hold,14400,79.47313585594458
ADA/USDT:USDT,long,1769610600,0.3225396825396928,0.6825396825396928,trailing_stop,600,26.969007777161323
ADA/USDT:USDT,short,1771332600,4.440000000000015,4.800000000000015,take_profit,6900,84.2228679813561
ADA/USDT:USDT,long,1771857900,0.5111324944485218,0.8711324944485218,trailing_stop,600,27.98973433030781
ADA/USDT:USDT,short,1771885200,0.4457823129251798,0.8057823129251798,trailing_stop,2700,72.43917795299674
ADA/USDT:USDT,short,1772247000,1.6508921533501195,2.0108921533501194,trailing_stop,5700,73.51546559070218
ADA/USDT:USDT,long,1772339100,0.4197472797472559,0.7797472797472559,trailing_stop,3000,29.592855664955565
ADA/USDT:USDT,short,1773458700,1.7976966503575418,2.1576966503575417,trailing_stop,8400,71.12733910180455
ADA/USDT:USDT,short,1774479300,0.4091937869822573,0.7691937869822573,trailing_stop,6600,72.53364816631078
ADA/USDT:USDT,short,1774596600,4.439999999999978,4.7999999999999785,take_profit,3900,72.48130532555196
ADA/USDT:USDT,short,1776553800,1.504962045545414,1.864962045545414,trailing_stop,4200,71.98384262980295
ADA/USDT:USDT,long,1778074500,-3.959999999999989,-3.599999999999989,stop_loss,600,26.000802771992
ADA/USDT:USDT,short,1778530200,1.304488636363657,1.6644886363636568,trailing_stop,1800,74.45146039415681
ADA/USDT:USDT,long,1780993200,0.6914234875444442,1.051423487544444,trailing_stop,1200,29.601574449429748
ADA/USDT:USDT,long,1781368200,0.6439930555555141,1.003993055555514,trailing_stop,1200,27.364950366938075
ADA/USDT:USDT,long,1781412300,-1.7561605584642148,-1.396160558464215,st2_hold,14400,22.69508706265026
ADA/USDT:USDT,short,1782035700,0.4158044554455423,0.7758044554455423,trailing_stop,5100,78.03257327889781
ADA/USDT:USDT,short,1782105600,-3.959999999999997,-3.599999999999997,stop_loss,7800,75.45954385984702
ADA/USDT:USDT,long,1782190200,-3.960000000000015,-3.600000000000015,stop_loss,4500,25.49737536319489
ADA/USDT:USDT,short,1782423900,2.5709141660851618,2.9309141660851616,st2_hold,14400,71.96852352598474
ADA/USDT:USDT,short,1783257600,-3.9599999999999898,-3.59999999999999,stop_loss,6300,71.33904934882173
ADA/USDT:USDT,short,1785065700,0.9243920145191166,1.2843920145191166,trailing_stop,9000,72.3676309291476
ADA/USDT:USDT,short,1785345600,-3.960000000000008,-3.600000000000008,stop_loss,2400,70.34827931737507
SUI/USDT:USDT,short,1758663300,0.8125117776850194,1.1725117776850194,trailing_stop,3300,73.52123654131472
SUI/USDT:USDT,long,1758730500,-0.7759660146915788,-0.4159660146915788,st2_hold,14400,29.68484257333823
SUI/USDT:USDT,short,1759066200,-3.959999999999992,-3.599999999999992,stop_loss,3300,75.49546857173863
SUI/USDT:USDT,long,1761246600,-3.960000000000021,-3.6000000000000205,stop_loss,6300,29.647083891803717
SUI/USDT:USDT,short,1763850000,-3.960000000000013,-3.600000000000013,stop_loss,1800,71.38412159963188
SUI/USDT:USDT,short,1765110000,-3.9600000000000177,-3.600000000000018,stop_loss,1800,70.33413838347357
SUI/USDT:USDT,long,1765659900,1.234090144005978,1.5940901440059778,trailing_stop,11700,28.30175756125379
SUI/USDT:USDT,short,1766062200,-3.9599999999999858,-3.5999999999999854,stop_loss,2400,71.29687931184966
SUI/USDT:USDT,short,1766202600,1.9267209775967664,2.286720977596766,trailing_stop,4200,70.77632872768389
SUI/USDT:USDT,long,1766817900,0.4911209481650529,0.8511209481650529,trailing_stop,12300,25.00029010673164
SUI/USDT:USDT,short,1767480000,-3.96,-3.6000000000000005,stop_loss,4800,70.71823620444525
SUI/USDT:USDT,short,1768158000,4.440000000000004,4.800000000000004,take_profit,4500,72.27365768856629
SUI/USDT:USDT,long,1769053500,0.7887650661924378,1.1487650661924378,trailing_stop,4500,27.160511334115327
SUI/USDT:USDT,short,1769293500,-1.6727777029756197,-1.3127777029756194,st2_hold,14400,74.61800664040547
SUI/USDT:USDT,long,1769943000,1.6499921114909242,2.009992111490924,trailing_stop,3300,29.18101805694323
SUI/USDT:USDT,long,1770242100,0.4086192468618999,0.7686192468618999,trailing_stop,600,22.921138969751368
SUI/USDT:USDT,short,1770355500,-3.9600000000000057,-3.6000000000000054,stop_loss,600,71.5105313092987
SUI/USDT:USDT,short,1770576300,0.3529968645696577,0.7129968645696577,trailing_stop,5400,73.65675058251543
SUI/USDT:USDT,short,1770813300,1.0471563507056811,1.407156350705681,trailing_stop,2700,72.25772531039095
SUI/USDT:USDT,long,1770900600,-3.9599999999999977,-3.5999999999999974,stop_loss,2100,19.926479807418445
SUI/USDT:USDT,short,1770966300,-3.959999999999986,-3.5999999999999863,stop_loss,4800,79.25334572456579
SUI/USDT:USDT,long,1772328000,4.439999999999997,4.799999999999997,take_profit,1500,19.567834411380034
SUI/USDT:USDT,long,1772665800,-3.959999999999987,-3.5999999999999877,stop_loss,6600,22.14645069656177
SUI/USDT:USDT,short,1772871900,-0.6584084880636276,-0.2984084880636276,st2_hold,14400,70.34654614847148
SUI/USDT:USDT,long,1773555900,0.4714901686795002,0.8314901686795002,trailing_stop,9900,22.986418573276023
SUI/USDT:USDT,short,1774150800,0.3676941026729183,0.7276941026729183,trailing_stop,1500,76.47114670284573
SUI/USDT:USDT,long,1774304100,-3.959999999999997,-3.599999999999997,stop_loss,12000,27.106161749343514
SUI/USDT:USDT,long,1774931700,0.2860027567194678,0.6460027567194678,trailing_stop,5100,26.172635336584538
SUI/USDT:USDT,short,1775684100,0.9157284696740798,1.2757284696740798,trailing_stop,3000,73.12274452572667
SUI/USDT:USDT,long,1776294600,2.13603125000001,2.49603125000001,trailing_stop,12300,26.234564272143928
SUI/USDT:USDT,long,1776316800,2.5314522821576593,2.891452282157659,trailing_stop,4200,26.63711127204165
SUI/USDT:USDT,short,1776489300,1.233617233469618,1.593617233469618,trailing_stop,11100,71.699681406575
SUI/USDT:USDT,long,1776726900,0.6396506827564247,0.9996506827564248,trailing_stop,9000,24.453658033283688
SUI/USDT:USDT,long,1776861900,0.5057897462454582,0.8657897462454582,trailing_stop,1800,28.822146978924977
SUI/USDT:USDT,short,1776944100,-3.9600000000000057,-3.6000000000000054,stop_loss,13200,72.64817584881288
SUI/USDT:USDT,short,1777079400,0.5902692429521705,0.9502692429521704,st2_hold,14400,72.08085759733487
SUI/USDT:USDT,long,1777206900,-0.328223705115987,0.031776294884013,st2_hold,14400,18.467180970436203
SUI/USDT:USDT,short,1777227900,1.338604060913696,1.698604060913696,trailing_stop,12300,70.19838578514242
SUI/USDT:USDT,short,1777705500,0.06432814710045,0.42432814710045,st2_hold,14400,72.91015466730488
SUI/USDT:USDT,short,1779770400,-3.9600000000000217,-3.6000000000000214,stop_loss,3300,84.91873308528952
SUI/USDT:USDT,long,1780077300,-3.959999999999996,-3.599999999999996,stop_loss,3000,24.94622811847178
SUI/USDT:USDT,long,1780348500,1.236489823919506,1.596489823919506,trailing_stop,7500,27.79851846211028
SUI/USDT:USDT,long,1781220000,-0.518667195557301,-0.158667195557301,st2_hold,14400,28.005896572379054
SUI/USDT:USDT,long,1782384000,0.7288117953165808,1.0888117953165808,trailing_stop,6900,26.73158244496564
SUI/USDT:USDT,long,1782767400,0.8283300085494688,1.1883300085494688,trailing_stop,2700,26.99847487627946
SUI/USDT:USDT,long,1782972600,0.6369529849717721,0.996952984971772,trailing_stop,2100,24.907327442062197
SUI/USDT:USDT,short,1783255500,-3.960000000000007,-3.600000000000007,stop_loss,8100,72.44494653408175
SUI/USDT:USDT,short,1783324200,1.09268266379084,1.45268266379084,trailing_stop,7500,72.15992851227237
SUI/USDT:USDT,long,1783380600,0.2544303797468631,0.6144303797468631,trailing_stop,3900,28.50785025373588
SUI/USDT:USDT,long,1783999500,4.44000000000002,4.80000000000002,take_profit,10500,27.666638817827476
SUI/USDT:USDT,short,1784117100,-3.960000000000022,-3.6000000000000223,stop_loss,3300,71.16699105674502
XRP/USDT:USDT,long,1754645400,0.4071236178481943,0.7671236178481943,trailing_stop,9300,26.37365400899836
XRP/USDT:USDT,short,1754796600,0.6060178675590433,0.9660178675590432,trailing_stop,10200,71.28412765687955
XRP/USDT:USDT,short,1754961900,1.2373630831642934,1.597363083164293,st2_hold,14400,70.23193023177366
XRP/USDT:USDT,long,1767588000,0.7126763084750137,1.0726763084750135,trailing_stop,3000,22.46207992303036
XRP/USDT:USDT,long,1767897900,0.9869715466241245,1.3469715466241243,trailing_stop,1800,29.667319554317174
XRP/USDT:USDT,short,1769524200,0.6024186637042035,0.9624186637042036,trailing_stop,600,70.44479106803217
XRP/USDT:USDT,long,1770546900,2.0665878567431575,2.426587856743158,trailing_stop,2700,27.892755945803287
XRP/USDT:USDT,long,1770681300,1.987692628941267,2.347692628941267,trailing_stop,5700,26.3771261116336
XRP/USDT:USDT,short,1770809700,1.215010918619901,1.575010918619901,trailing_stop,6300,73.92400608165002
XRP/USDT:USDT,long,1772494500,-3.960000000000024,-3.6000000000000245,stop_loss,12600,25.01183554104186
XRP/USDT:USDT,short,1772738700,0.6704780033841514,1.0304780033841514,trailing_stop,2400,82.34205646989183
XRP/USDT:USDT,short,1772782800,1.051651728553145,1.4116517285531451,trailing_stop,6000,70.53243228054143
XRP/USDT:USDT,short,1772903400,0.9945948725483372,1.3545948725483372,trailing_stop,3600,75.37974860600666
XRP/USDT:USDT,short,1772928900,0.5786733416771155,0.9386733416771156,trailing_stop,5100,76.70909549273942
XRP/USDT:USDT,short,1775729100,1.709629906542041,2.069629906542041,trailing_stop,6900,76.79448617708348
XRP/USDT:USDT,short,1775797200,1.4673254086181404,1.8273254086181403,trailing_stop,11100,72.09187091891297
GIGGLE/USDT:USDT,long,1771989900,0.3047082494969511,0.6647082494969511,trailing_stop,5100,26.52791716033049
GIGGLE/USDT:USDT,short,1772954400,0.4260291370937851,0.7860291370937851,trailing_stop,600,76.17641839907606
GIGGLE/USDT:USDT,short,1773174900,0.6743571428571532,1.0343571428571532,trailing_stop,3900,74.43022380262191
GIGGLE/USDT:USDT,long,1773414000,0.9981331503088268,1.3581331503088268,trailing_stop,900,26.486672979438808
GIGGLE/USDT:USDT,short,1773631800,-3.96,-3.6,stop_loss,2100,70.44025123419378
GIGGLE/USDT:USDT,short,1774102500,0.6103107861060864,0.9703107861060865,trailing_stop,3600,72.45511467902017
GIGGLE/USDT:USDT,long,1774199400,0.2903588516746681,0.6503588516746681,trailing_stop,6900,19.960611741675574
GIGGLE/USDT:USDT,long,1774342200,0.6309259947935851,0.9909259947935852,trailing_stop,3300,29.586902104514124
GIGGLE/USDT:USDT,short,1774377900,1.0282129277566607,1.3882129277566606,trailing_stop,3000,71.72642067378548
GIGGLE/USDT:USDT,short,1774830900,0.6622742759796211,1.022274275979621,trailing_stop,600,74.31418588615296
GIGGLE/USDT:USDT,short,1775252100,1.829034064395743,2.189034064395743,trailing_stop,6900,76.17894160944144
GIGGLE/USDT:USDT,short,1776616800,1.4648326232501545,1.8248326232501544,trailing_stop,600,71.83046123956454
GIGGLE/USDT:USDT,long,1776819300,0.975178522003831,1.335178522003831,trailing_stop,600,29.433235386324355
GIGGLE/USDT:USDT,short,1776945000,0.3678758542141535,0.7278758542141535,trailing_stop,8700,77.05936566880698
GIGGLE/USDT:USDT,short,1777509000,-3.96,-3.6,stop_loss,1200,72.30845449236718
GIGGLE/USDT:USDT,short,1778010300,0.4462659483980996,0.8062659483980996,trailing_stop,1500,79.33601385401343
GIGGLE/USDT:USDT,long,1778247900,1.152745361656379,1.5127453616563789,trailing_stop,2100,28.776662821698057
GIGGLE/USDT:USDT,long,1778308200,1.009150599270439,1.3691505992704391,trailing_stop,2100,19.985572050252912
GIGGLE/USDT:USDT,long,1780308300,-3.959999999999979,-3.5999999999999797,stop_loss,900,29.41893348207468
GIGGLE/USDT:USDT,short,1780332000,0.3970456754130879,0.7570456754130879,trailing_stop,600,75.08031867888633
GIGGLE/USDT:USDT,short,1783495800,0.4044014223626939,0.7644014223626939,trailing_stop,1500,71.47508243914376
GIGGLE/USDT:USDT,short,1785183600,1.8290874524715235,2.1890874524715236,trailing_stop,2400,73.30787617382676
GIGGLE/USDT:USDT,long,1785497700,4.44,4.800000000000001,take_profit,600,24.61084184993392
DOGE/USDT:USDT,long,1753651200,0.5745838759820419,0.9345838759820418,trailing_stop,900,26.63676649797354
DOGE/USDT:USDT,long,1753960500,-3.960000000000013,-3.600000000000013,stop_loss,5400,29.838573050561937
DOGE/USDT:USDT,long,1757270700,0.9226179576666692,1.2826179576666692,trailing_stop,2100,23.55122995540904
DOGE/USDT:USDT,long,1757782500,-3.9600000000000186,-3.6000000000000187,stop_loss,300,28.09489802174049
DOGE/USDT:USDT,short,1757968200,-3.960000000000023,-3.600000000000023,stop_loss,4800,72.88501547265929
DOGE/USDT:USDT,long,1758162900,2.540924532358659,2.9009245323586588,trailing_stop,2400,28.564886614314815
DOGE/USDT:USDT,long,1758915900,0.6248928680081707,0.9848928680081708,trailing_stop,2100,26.145493587792643
DOGE/USDT:USDT,short,1761307800,-3.959999999999982,-3.5999999999999828,stop_loss,1200,70.17483825849959
DOGE/USDT:USDT,short,1761458100,-3.960000000000002,-3.6000000000000023,stop_loss,12300,74.42673195542665
DOGE/USDT:USDT,long,1761506700,4.4399999999999915,4.799999999999992,take_profit,9300,24.61305324409368
DOGE/USDT:USDT,long,1761777600,-3.96,-3.6,stop_loss,3300,26.76718434108426
DOGE/USDT:USDT,short,1762979100,-1.5082746437404515,-1.148274643740452,st2_hold,14400,76.26334600526216
DOGE/USDT:USDT,short,1763073000,-3.960000000000015,-3.6000000000000156,stop_loss,3600,76.79658281152345
DOGE/USDT:USDT,short,1763132100,0.9162746180747482,1.2762746180747482,trailing_stop,600,74.89865647415576
DOGE/USDT:USDT,long,1763881800,0.3766047001052508,0.7366047001052508,trailing_stop,3900,29.17829370083902
DOGE/USDT:USDT,long,1770077700,0.4081539319576273,0.7681539319576273,trailing_stop,2700,21.412670664498705
DOGE/USDT:USDT,short,1770302700,4.440000000000005,4.800000000000005,take_profit,600,71.1108274104153
DOGE/USDT:USDT,long,1771626000,0.4157978989495067,0.7757978989495067,trailing_stop,3000,29.469810151247913
DOGE/USDT:USDT,short,1771797900,0.7905871251835456,1.1505871251835456,trailing_stop,9900,76.0174783854637
DOGE/USDT:USDT,short,1772158500,0.9977551649707304,1.3577551649707305,trailing_stop,4800,75.42488908573067
DOGE/USDT:USDT,long,1774304100,-3.959999999999985,-3.599999999999985,stop_loss,8400,28.135014603686372
DOGE/USDT:USDT,short,1774809900,3.0833285509325656,3.4433285509325655,st2_hold,14400,72.97664288904406
DOGE/USDT:USDT,long,1778673300,-3.96000000000002,-3.60000000000002,stop_loss,2400,25.879327839805413
DOGE/USDT:USDT,long,1778773500,4.440000000000004,4.800000000000004,take_profit,1800,28.81470358950567
DOGE/USDT:USDT,short,1778943000,-1.2663444108761626,-0.9063444108761628,st2_hold,14400,77.02734839061047
DOGE/USDT:USDT,short,1779210000,0.9663188238685644,1.3263188238685644,trailing_stop,5700,73.23592306932527
DOGE/USDT:USDT,short,1779254400,-1.785661914460298,-1.4256619144602978,st2_hold,14400,78.17928104128107
DOGE/USDT:USDT,long,1780938600,0.4745163535142833,0.8345163535142833,trailing_stop,1200,23.984305402315115
DOGE/USDT:USDT,short,1781025900,0.469513196480969,0.829513196480969,trailing_stop,1500,75.57648090643585
DOGE/USDT:USDT,short,1781332800,-3.96000000000001,-3.6000000000000103,stop_loss,13500,73.82069439497187
DOGE/USDT:USDT,short,1781465400,-3.960000000000012,-3.600000000000012,stop_loss,6300,75.85806457463595
DOGE/USDT:USDT,short,1782636600,1.5024139327663355,1.8624139327663356,trailing_stop,4800,71.90022296886058
DOGE/USDT:USDT,long,1782886500,-3.9599999999999977,-3.5999999999999974,stop_loss,1500,26.140237824128334
DOGE/USDT:USDT,long,1783120500,0.365543478260884,0.7255434782608841,trailing_stop,3900,27.43446506014375
DOGE/USDT:USDT,short,1785083700,1.082433761267383,1.4424337612673832,trailing_stop,6300,72.04374897271362
ONDO/USDT:USDT,long,1755436500,1.632421551213776,1.992421551213776,trailing_stop,2400,21.390645508236517
ONDO/USDT:USDT,short,1757018100,-0.8208294930875434,-0.4608294930875434,st2_hold,14400,71.79274698911931
ONDO/USDT:USDT,long,1757107500,-0.8528806133625597,-0.4928806133625597,st2_hold,14400,29.24522824626648
ONDO/USDT:USDT,long,1758157500,2.485844402277029,2.845844402277029,trailing_stop,2700,29.688154745532714
ONDO/USDT:USDT,long,1758234000,1.230655070318322,1.590655070318322,trailing_stop,9000,27.70508807338318
ONDO/USDT:USDT,short,1758350400,1.1817970277669136,1.5417970277669135,trailing_stop,8700,76.18652783623246
ONDO/USDT:USDT,long,1760793300,-3.959999999999991,-3.599999999999991,stop_loss,3300,27.82267705595885
ONDO/USDT:USDT,short,1761858000,-3.960000000000027,-3.6000000000000276,stop_loss,9000,81.08768382941463
ONDO/USDT:USDT,long,1761918000,0.9971801566579536,1.3571801566579536,trailing_stop,1500,26.55298585788337
ONDO/USDT:USDT,short,1762161300,1.7406903958270243,2.100690395827024,trailing_stop,900,71.01354200403861
ONDO/USDT:USDT,long,1762557600,4.440000000000026,4.8000000000000265,take_profit,3300,23.186340252437944
ONDO/USDT:USDT,short,1762591800,0.2729038058136391,0.6329038058136391,trailing_stop,1800,70.02714561277402
ONDO/USDT:USDT,short,1764575700,1.3845659163987594,1.7445659163987592,trailing_stop,12600,73.51776875508551
ONDO/USDT:USDT,long,1764707400,0.7775475856541557,1.1375475856541557,trailing_stop,2400,12.933710789647677
ONDO/USDT:USDT,long,1765048500,1.5886451612903087,1.9486451612903088,trailing_stop,6900,27.150106349659083
ONDO/USDT:USDT,short,1767031200,2.153641133263359,2.513641133263359,trailing_stop,3900,70.88717238353671
ONDO/USDT:USDT,long,1767660300,4.4400000000000075,4.800000000000008,take_profit,900,27.986987457077575
ONDO/USDT:USDT,long,1767680700,1.5778861429832485,1.9378861429832483,trailing_stop,1500,25.0432473574612
ONDO/USDT:USDT,short,1767731400,-3.96,-3.6000000000000005,stop_loss,2700,74.61586796377905
ONDO/USDT:USDT,short,1767966000,1.1275030994297413,1.4875030994297411,trailing_stop,2100,76.964280259626
ONDO/USDT:USDT,short,1772443500,0.5197712933754106,0.8797712933754106,trailing_stop,2100,81.81624001202093
ONDO/USDT:USDT,short,1772738400,0.7869387755102685,1.1469387755102685,trailing_stop,1200,79.5643909334657
ONDO/USDT:USDT,long,1773144900,2.4872136222910464,2.8472136222910462,trailing_stop,3300,19.513924439170708
ONDO/USDT:USDT,long,1773165300,-3.959999999999996,-3.599999999999996,stop_loss,1200,26.503921907897137
ONDO/USDT:USDT,long,1774720500,2.0112358731316147,2.3712358731316145,trailing_stop,8100,29.569089789705583
ONDO/USDT:USDT,short,1775113500,0.3454115853658926,0.7054115853658927,trailing_stop,7500,75.61693655938186
ONDO/USDT:USDT,long,1775478900,-3.959999999999975,-3.5999999999999757,stop_loss,5100,21.433251511148725
ONDO/USDT:USDT,short,1775667900,0.7970451955943819,1.157045195594382,trailing_stop,1500,70.07666128618011
ONDO/USDT:USDT,short,1776017100,2.8460138155221713,3.206013815522171,trailing_stop,9300,73.71664998740752
ONDO/USDT:USDT,long,1776142800,0.6226121164438304,0.9826121164438304,trailing_stop,13200,26.87282470401253
ONDO/USDT:USDT,long,1776166800,2.0216614420063026,2.3816614420063025,trailing_stop,7200,25.21627507227984
ONDO/USDT:USDT,long,1776386100,0.6394023160253995,0.9994023160253996,trailing_stop,2100,23.540009375042644
ONDO/USDT:USDT,short,1776945600,-3.9600000000000186,-3.6000000000000187,stop_loss,10500,72.80173194381241
ONDO/USDT:USDT,long,1777001400,0.3419127773526409,0.7019127773526409,trailing_stop,9000,25.69766207552449
ONDO/USDT:USDT,short,1777902300,0.787602073882076,1.147602073882076,trailing_stop,1200,77.59473205061629
ONDO/USDT:USDT,long,1778787000,-3.959999999999995,-3.599999999999995,stop_loss,2400,28.39377297595456
ONDO/USDT:USDT,short,1778989500,-3.959999999999983,-3.599999999999983,stop_loss,2100,70.35656140696811
ONDO/USDT:USDT,short,1779858900,0.9304669260700495,1.2904669260700496,trailing_stop,1500,76.2914123138107
ONDO/USDT:USDT,short,1780123500,4.4399999999999835,4.799999999999984,take_profit,3000,75.18299620368154
ONDO/USDT:USDT,short,1780665300,-3.960000000000008,-3.6000000000000085,stop_loss,300,74.43978442049881
ONDO/USDT:USDT,long,1782536700,0.613473222674586,0.973473222674586,trailing_stop,6300,27.128188628119247
ONDO/USDT:USDT,long,1784585100,4.440000000000024,4.800000000000025,take_profit,9300,18.887034535587446
ONDO/USDT:USDT,long,1784741700,0.7866275659823713,1.1466275659823713,trailing_stop,900,28.59293185703551
ONDO/USDT:USDT,long,1784769000,1.6481186193485868,2.0081186193485867,trailing_stop,1200,29.874552481254796
ONDO/USDT:USDT,short,1784838000,0.755455222029331,1.115455222029331,trailing_stop,1800,77.4356873467376
1000SHIB/USDT:USDT,long,1755064800,1.1259073786837916,1.4859073786837915,trailing_stop,5400,24.777421975402063
1000SHIB/USDT:USDT,short,1756041900,1.051382681564267,1.411382681564267,trailing_stop,3000,78.69139264367485
1000SHIB/USDT:USDT,short,1756471500,0.4557869012708195,0.8157869012708195,trailing_stop,3000,71.35119011557856
1000SHIB/USDT:USDT,long,1758936300,-0.4105944852011198,-0.0505944852011197,st2_hold,14400,27.674864636307063
1000SHIB/USDT:USDT,long,1759108200,-2.2430027617373947,-1.8830027617373943,st2_hold,14400,27.595824298864216
1000SHIB/USDT:USDT,long,1759302300,0.5108703374778064,0.8708703374778064,trailing_stop,3300,21.64118789884614
1000SHIB/USDT:USDT,short,1760580000,0.2759433689685387,0.6359433689685388,trailing_stop,7200,75.0627522478081
1000SHIB/USDT:USDT,short,1760596800,0.9714648945391824,1.3314648945391825,trailing_stop,3300,70.54904208473756
1000SHIB/USDT:USDT,long,1760787300,0.2878538812785673,0.6478538812785674,trailing_stop,2700,29.644633616556533
1000SHIB/USDT:USDT,short,1764174900,0.3409103807046613,0.7009103807046613,trailing_stop,1200,80.23616760245545
1000SHIB/USDT:USDT,short,1764450300,-1.985441696113106,-1.6254416961131062,st2_hold,14400,73.338710074396
1000SHIB/USDT:USDT,short,1765743600,1.2645157310302313,1.6245157310302314,trailing_stop,6000,74.41515187525879
1000SHIB/USDT:USDT,long,1765846200,-3.960000000000011,-3.6000000000000116,stop_loss,9600,28.734906494822553
1000SHIB/USDT:USDT,short,1766046600,3.122429182255519,3.482429182255519,trailing_stop,14400,71.40778435876445
1000SHIB/USDT:USDT,long,1766167500,1.4508827085852682,1.810882708585268,trailing_stop,1500,26.445252588172423
1000SHIB/USDT:USDT,long,1767676200,0.2476898326898461,0.6076898326898461,trailing_stop,900,25.815848999519066
1000SHIB/USDT:USDT,long,1768355700,1.2015896279593925,1.5615896279593924,trailing_stop,3300,26.283050037412707
1000SHIB/USDT:USDT,long,1769040000,2.3395487025197417,2.6995487025197415,trailing_stop,3300,27.70951518920434
1000SHIB/USDT:USDT,short,1769072400,-0.0573136587211099,0.30268634127889,st2_hold,14400,71.12822890388983
1000SHIB/USDT:USDT,long,1769399100,2.1567148109243335,2.516714810924334,trailing_stop,3300,26.064006654225935
1000SHIB/USDT:USDT,long,1769489700,-2.8480134767396583,-2.4880134767396584,st2_hold,14400,22.24597558434749
1000SHIB/USDT:USDT,short,1769514900,-1.9271934177876493,-1.5671934177876494,st2_hold,14400,77.56734922082663
1000SHIB/USDT:USDT,long,1771588200,-3.959999999999986,-3.5999999999999863,stop_loss,6300,29.41695127690332
1000SHIB/USDT:USDT,long,1771608000,0.2587559504919157,0.6187559504919157,trailing_stop,900,25.58033498335209
1000SHIB/USDT:USDT,long,1772162100,4.440000000000012,4.800000000000012,take_profit,3300,26.245526452402288
1000SHIB/USDT:USDT,long,1772326200,4.439999999999992,4.799999999999993,take_profit,3600,23.860590705917133
1000SHIB/USDT:USDT,long,1773004500,-3.9600000000000146,-3.6000000000000147,stop_loss,2700,28.54745703747946
1000SHIB/USDT:USDT,short,1773867300,-0.1533172580089288,0.2066827419910711,st2_hold,14400,76.40415130259981
1000SHIB/USDT:USDT,long,1774407900,0.8809468033187219,1.240946803318722,trailing_stop,7800,20.4312159615682
1000SHIB/USDT:USDT,short,1774640400,0.5081645350847301,0.8681645350847301,trailing_stop,3600,81.07169496190977
1000SHIB/USDT:USDT,short,1774815600,4.439999999999984,4.799999999999985,take_profit,8700,72.88177086821251
1000SHIB/USDT:USDT,long,1775153100,0.9513651994497548,1.3113651994497548,trailing_stop,9900,25.47014987306129
1000SHIB/USDT:USDT,long,1782007500,-2.518273381294975,-2.158273381294975,st2_hold,14400,18.14002437839515
1000SHIB/USDT:USDT,short,1783059300,-2.6757894736842136,-2.3157894736842137,st2_hold,14400,70.79517422706573
1000SHIB/USDT:USDT,long,1783197000,2.3670828654839107,2.7270828654839105,trailing_stop,3900,26.07221579767676
1000SHIB/USDT:USDT,short,1783324200,-1.254085281980742,-0.894085281980742,st2_hold,14400,78.34691832359806
1000SHIB/USDT:USDT,short,1783511400,1.0721209258384143,1.4321209258384144,trailing_stop,4800,79.03109196716453
1000SHIB/USDT:USDT,long,1783693800,0.2471461291800215,0.6071461291800215,trailing_stop,9600,26.18605392058645
1000SHIB/USDT:USDT,short,1783844400,-0.638680910357617,-0.278680910357617,st2_hold,14400,73.07487326450678
1000SHIB/USDT:USDT,short,1784238300,2.7779740758521387,3.1379740758521386,trailing_stop,9000,78.37782182574698
1000SHIB/USDT:USDT,short,1785503100,0.8653638698630436,1.2253638698630436,trailing_stop,3000,70.96051170314448
TAO/USDT:USDT,short,1754375400,2.41173615857825,2.77173615857825,trailing_stop,1500,74.54994312855224
TAO/USDT:USDT,short,1754415900,0.4736821682638993,0.8336821682638993,trailing_stop,2700,73.21534988085969
TAO/USDT:USDT,long,1754525700,-3.960000000000006,-3.6000000000000063,stop_loss,3000,24.57577932294784
TAO/USDT:USDT,long,1754619900,1.3676212042670883,1.7276212042670884,trailing_stop,1500,27.53311697924039
TAO/USDT:USDT,long,1755450000,-3.960000000000022,-3.6000000000000223,stop_loss,5100,25.14674010821568
TAO/USDT:USDT,long,1755934800,-1.7040265486725703,-1.3440265486725702,st2_hold,14400,23.551279198705743
TAO/USDT:USDT,short,1755969300,-1.3455616597189612,-0.9855616597189611,st2_hold,14400,70.44578935029585
TAO/USDT:USDT,long,1755999000,0.4644662068965258,0.8244662068965258,trailing_stop,3900,23.466695287416584
TAO/USDT:USDT,short,1756041300,0.6079420976890066,0.9679420976890066,trailing_stop,3600,72.55531781565935
TAO/USDT:USDT,long,1757592000,4.439999999999986,4.7999999999999865,take_profit,900,16.763544430470645
TAO/USDT:USDT,long,1757727900,0.9494029436267458,1.3094029436267458,trailing_stop,9900,23.35199977249954
TAO/USDT:USDT,short,1759258500,-3.960000000000031,-3.600000000000031,stop_loss,3000,76.38736977840556
TAO/USDT:USDT,long,1759455000,0.3467163483930726,0.7067163483930726,trailing_stop,3000,29.431254882136628
TAO/USDT:USDT,long,1759475700,-2.4953300055463137,-2.135330005546314,st2_hold,14400,18.186146779970585
TAO/USDT:USDT,short,1761176100,0.688946172529978,1.048946172529978,trailing_stop,900,77.60221738269375
TAO/USDT:USDT,short,1761372300,-3.960000000000013,-3.600000000000013,stop_loss,7800,75.15186105688296
TAO/USDT:USDT,long,1761444600,0.5590734162982646,0.9190734162982646,trailing_stop,1200,17.034996982376413
TAO/USDT:USDT,long,1761486900,0.9946571561179428,1.3546571561179428,trailing_stop,900,28.666586480220204
TAO/USDT:USDT,long,1761505200,-3.960000000000009,-3.600000000000009,stop_loss,4800,28.905950861947854
TAO/USDT:USDT,long,1761544500,2.3832956538686365,2.7432956538686364,trailing_stop,3600,27.433477294035967
TAO/USDT:USDT,long,1761910500,0.978398980537517,1.338398980537517,trailing_stop,900,29.334057094921192
TAO/USDT:USDT,short,1762048800,1.0457700728474475,1.4057700728474476,trailing_stop,600,71.53823713262176
TAO/USDT:USDT,short,1762120500,-3.960000000000006,-3.6000000000000063,stop_loss,600,72.1119782238332
TAO/USDT:USDT,long,1762461600,0.2835644576158502,0.6435644576158502,trailing_stop,2100,29.656580724949293
TAO/USDT:USDT,long,1765143300,-3.9599999999999778,-3.599999999999978,stop_loss,600,17.665146093501335
TAO/USDT:USDT,short,1766713200,-3.960000000000006,-3.6000000000000063,stop_loss,1800,79.4617966569614
TAO/USDT:USDT,short,1767445800,-3.960000000000002,-3.6000000000000028,stop_loss,12300,70.7771072208335
TAO/USDT:USDT,long,1768387200,-3.959999999999995,-3.599999999999995,stop_loss,4200,23.601402503917186
TAO/USDT:USDT,long,1768591800,1.7111920529800932,2.071192052980093,trailing_stop,1500,29.93206068556981
TAO/USDT:USDT,short,1768726200,-0.0195401962219919,0.340459803778008,st2_hold,14400,71.78359185382884
TAO/USDT:USDT,short,1768940700,0.5357384214507929,0.8957384214507929,trailing_stop,1800,74.03241186719404
TAO/USDT:USDT,long,1769039700,0.7354873197414348,1.0954873197414348,trailing_stop,600,25.362525867348808
TAO/USDT:USDT,long,1770242100,0.2588422065426483,0.6188422065426483,trailing_stop,600,29.430495270798048
TAO/USDT:USDT,short,1770282900,2.96140320671476,3.3214032067147596,trailing_stop,1500,74.832416866281
TAO/USDT:USDT,long,1773721800,0.78109114294906,1.14109114294906,trailing_stop,900,28.58303275163597
TAO/USDT:USDT,long,1773786300,-3.960000000000011,-3.600000000000011,stop_loss,5400,26.008392536462736
TAO/USDT:USDT,long,1775206800,0.32710121192273,0.68710121192273,trailing_stop,4200,29.310939694845302
TAO/USDT:USDT,short,1775261400,-3.95999999999999,-3.5999999999999903,stop_loss,3300,71.31994706007248
TAO/USDT:USDT,short,1775813700,1.0391706825059162,1.3991706825059165,trailing_stop,600,70.98990577182015
TAO/USDT:USDT,short,1776645300,-0.1740495867768524,0.1859504132231475,st2_hold,14400,78.16054702751131
TAO/USDT:USDT,long,1777206300,2.573682161109757,2.9336821611097568,trailing_stop,13200,22.411455852463742
TAO/USDT:USDT,long,1777386600,4.439999999999999,4.799999999999999,take_profit,1800,26.56397380572396
TAO/USDT:USDT,short,1777564500,0.5090089585666591,0.869008958566659,trailing_stop,4200,77.5319700768199
TAO/USDT:USDT,long,1777670400,2.136971384032945,2.496971384032945,trailing_stop,4200,16.564579919148173
TAO/USDT:USDT,short,1778172000,2.0182652269494548,2.378265226949454,trailing_stop,3000,70.11005475144356
TAO/USDT:USDT,long,1778358900,-2.582509786160286,-2.2225097861602863,st2_hold,14400,22.664529405286885
TAO/USDT:USDT,long,1779315300,0.9599734130940236,1.3199734130940235,trailing_stop,3300,27.971936251256864
TAO/USDT:USDT,long,1779401400,-3.959999999999987,-3.5999999999999877,stop_loss,6600,26.968448852781833
TAO/USDT:USDT,long,1780349100,0.8976836180586193,1.2576836180586193,trailing_stop,6900,28.8957388985598
TAO/USDT:USDT,long,1780595400,1.595946398659969,1.9559463986599688,trailing_stop,600,22.58060752402089
TAO/USDT:USDT,long,1780950300,0.2399999999999937,0.5999999999999938,trailing_stop,1200,28.36620411931372
TAO/USDT:USDT,short,1781137500,0.6677054997043307,1.027705499704331,trailing_stop,900,74.84782665411288
TAO/USDT:USDT,long,1781423700,0.7330350295946279,1.0930350295946278,trailing_stop,900,29.76978987480267
TAO/USDT:USDT,long,1782767400,1.5847207068025029,1.9447207068025023,trailing_stop,3900,21.20383041220815
TAO/USDT:USDT,short,1782864300,4.440000000000015,4.800000000000015,take_profit,3900,71.30864754495332
TAO/USDT:USDT,short,1783844400,-1.2747212958551497,-0.9147212958551496,st2_hold,14400,72.12178764613805
TAO/USDT:USDT,short,1784208600,0.5113473737630813,0.8713473737630812,trailing_stop,5400,72.78423932163801
TAO/USDT:USDT,short,1784279100,-0.2032110379429377,0.1567889620570622,st2_hold,14400,75.49981158208534
TAO/USDT:USDT,long,1784316000,0.3078378658916023,0.6678378658916023,trailing_stop,2400,28.012151356636096
TAO/USDT:USDT,long,1784344200,-0.1589276139410258,0.2010723860589741,st2_hold,14400,29.763923372343157
TAO/USDT:USDT,short,1784784900,1.0090995454313223,1.3690995454313222,trailing_stop,6000,70.33868484027559
TAO/USDT:USDT,short,1784870700,0.6331719428925922,0.993171942892592,st2_hold,14400,79.00868827901073
TAO/USDT:USDT,long,1785279900,4.43999999999999,4.79999999999999,take_profit,3300,19.489628795893395
TAO/USDT:USDT,long,1785482400,-3.9600000000000057,-3.6000000000000054,stop_loss,6900,28.79360742352108
NEAR/USDT:USDT,short,1753761900,1.3785093167702,1.7385093167702002,trailing_stop,3300,74.43197930748582
NEAR/USDT:USDT,long,1757238600,2.9705921052631745,3.3305921052631744,st2_hold,14400,24.933943086405502
NEAR/USDT:USDT,short,1757279100,0.3281851400731005,0.6881851400731005,trailing_stop,6000,70.05260833666769
NEAR/USDT:USDT,long,1757312400,1.0296454472199676,1.3896454472199675,trailing_stop,4500,28.07131761557801
NEAR/USDT:USDT,short,1757573100,0.2993406593406356,0.6593406593406356,st2_hold,14400,76.69351081393457
NEAR/USDT:USDT,long,1758021300,0.7601876172607428,1.1201876172607428,trailing_stop,1200,27.798446417737523
NEAR/USDT:USDT,short,1758376800,-3.95999999999999,-3.5999999999999903,stop_loss,2700,71.85595426193184
NEAR/USDT:USDT,short,1760169300,2.08648910411625,2.44648910411625,trailing_stop,600,73.79866556039826
NEAR/USDT:USDT,long,1761428400,0.7103557312252405,1.0703557312252403,trailing_stop,5100,27.3593557460142
NEAR/USDT:USDT,long,1761976500,2.542840909090926,2.902840909090926,trailing_stop,6300,19.786139048093787
NEAR/USDT:USDT,short,1762227900,0.2894335736354766,0.6494335736354766,trailing_stop,2100,77.36211369220656
NEAR/USDT:USDT,long,1762761600,1.4480536912751654,1.8080536912751652,trailing_stop,1800,29.826376557199723
NEAR/USDT:USDT,long,1763020800,2.294730258014112,2.6547302580141117,trailing_stop,2700,29.976516557120448
NEAR/USDT:USDT,short,1763073300,1.9423741301678965,2.3023741301678964,trailing_stop,6300,71.37225979043156
NEAR/USDT:USDT,long,1763216400,2.3436144578313267,2.7036144578313266,trailing_stop,3900,19.050919287271014
NEAR/USDT:USDT,short,1763260500,-3.9599999999999977,-3.599999999999998,stop_loss,5100,72.3388332098947
NEAR/USDT:USDT,short,1763775600,2.558931782125903,2.9189317821259033,trailing_stop,2700,78.59173205046565
NEAR/USDT:USDT,long,1764706200,0.9258569051580996,1.2858569051580997,trailing_stop,7500,23.284628505082992
NEAR/USDT:USDT,short,1764984600,0.6973625073921482,1.0573625073921482,trailing_stop,3000,71.91436083769435
NEAR/USDT:USDT,long,1765048500,-2.8047031431897578,-2.444703143189758,st2_hold,14400,24.88171441218496
NEAR/USDT:USDT,short,1765112100,0.3358161461403153,0.6958161461403153,trailing_stop,1200,73.63147426934819
NEAR/USDT:USDT,short,1765668600,0.9065862484921402,1.2665862484921402,st2_hold,14400,74.31043052953174
NEAR/USDT:USDT,short,1766242800,0.920434782608764,1.280434782608764,trailing_stop,1800,74.35438080469538
NEAR/USDT:USDT,short,1770648300,0.8400000000000046,1.2000000000000046,trailing_stop,3000,82.11955525938299
NEAR/USDT:USDT,long,1771006800,1.0997633136094658,1.4597633136094657,trailing_stop,1800,29.723714682349325
NEAR/USDT:USDT,long,1771049700,0.7906366307541716,1.1506366307541716,trailing_stop,3300,28.803269870135836
NEAR/USDT:USDT,short,1772275800,0.7289518413597617,1.0889518413597616,trailing_stop,1200,72.95279457220144
NEAR/USDT:USDT,long,1772327100,-3.959999999999984,-3.599999999999984,stop_loss,900,23.033749197133872
NEAR/USDT:USDT,short,1773825900,4.440000000000006,4.800000000000006,take_profit,7800,75.40806187303053
NEAR/USDT:USDT,short,1773913500,4.439999999999997,4.799999999999997,take_profit,11100,79.02365266214602
NEAR/USDT:USDT,short,1774041900,1.690000000000047,2.050000000000047,trailing_stop,7800,71.0071643578964
NEAR/USDT:USDT,short,1774083900,1.0195454545455096,1.3795454545455097,trailing_stop,6900,71.36051510285435
NEAR/USDT:USDT,long,1774121400,-2.4070053070507726,-2.0470053070507728,st2_hold,14400,18.994905605808626
NEAR/USDT:USDT,short,1775545800,-3.9599999999999898,-3.59999999999999,stop_loss,6900,81.32116265760546
NEAR/USDT:USDT,long,1775938500,0.6669148174659646,1.0269148174659646,trailing_stop,2700,25.95521883127013
NEAR/USDT:USDT,short,1776747600,-3.960000000000002,-3.6000000000000028,stop_loss,10200,75.04716791270893
NEAR/USDT:USDT,short,1777534500,0.3192452830188433,0.6792452830188433,st2_hold,14400,70.22018210342162
NEAR/USDT:USDT,short,1777809300,0.8590140845070952,1.2190140845070951,trailing_stop,10500,71.54364650772288
NEAR/USDT:USDT,long,1778331000,-3.960000000000002,-3.6000000000000028,stop_loss,7800,29.528133139003103
NEAR/USDT:USDT,short,1778739900,0.8401903553299924,1.2001903553299924,trailing_stop,3000,80.83928967827934
NEAR/USDT:USDT,short,1781418000,4.439999999999996,4.799999999999996,take_profit,1200,72.07729489772181
NEAR/USDT:USDT,short,1781643000,2.8993908629441116,3.2593908629441115,trailing_stop,2400,76.11414737710889
NEAR/USDT:USDT,short,1782790500,-3.960000000000015,-3.6000000000000156,stop_loss,8400,72.0748376173698
NEAR/USDT:USDT,long,1783658100,0.7463467492260084,1.1063467492260084,trailing_stop,13500,29.622841604179783
AAVE/USDT:USDT,long,1756994100,-3.959999999999982,-3.5999999999999828,stop_loss,3900,27.76868874983579
AAVE/USDT:USDT,short,1757144100,1.6171870037056952,1.9771870037056951,trailing_stop,10800,71.75526718952014
AAVE/USDT:USDT,long,1761292500,0.5472900365154142,0.9072900365154142,trailing_stop,3300,25.009053616806938
AAVE/USDT:USDT,short,1765281900,0.7962642369021128,1.1562642369021128,trailing_stop,6900,74.20636711561164
AAVE/USDT:USDT,short,1766571600,-1.9348031496063016,-1.5748031496063015,st2_hold,14400,78.88422889572284
AAVE/USDT:USDT,long,1768337400,0.4618352426457652,0.8218352426457652,trailing_stop,1200,29.298802555142387
AAVE/USDT:USDT,short,1768821600,0.910703674267925,1.270703674267925,trailing_stop,10500,70.18352335209563
AAVE/USDT:USDT,long,1769564400,0.487678628135945,0.847678628135945,trailing_stop,3300,29.309369226228455
AAVE/USDT:USDT,long,1770584700,4.440000000000004,4.800000000000004,take_profit,7200,24.1084064798915
AAVE/USDT:USDT,long,1770851400,0.5131011485735446,0.8731011485735446,trailing_stop,5400,26.688720772563897
AAVE/USDT:USDT,short,1772597100,0.609280633834538,0.969280633834538,trailing_stop,2100,70.51784392217482
AAVE/USDT:USDT,short,1775583900,1.377370517928319,1.7373705179283192,trailing_stop,2100,77.48567542239398
AAVE/USDT:USDT,long,1775949300,0.3581287790389462,0.7181287790389462,trailing_stop,2100,29.97690028452421
AAVE/USDT:USDT,short,1776156000,2.8348942088010936,3.1948942088010934,trailing_stop,13800,77.15308583403196
AAVE/USDT:USDT,short,1776204900,-3.960000000000003,-3.6000000000000036,stop_loss,5100,77.10336355850174
AAVE/USDT:USDT,long,1776232200,0.7455744595676449,1.1055744595676449,trailing_stop,3900,24.586931926777197
AAVE/USDT:USDT,long,1776389700,-3.96000000000001,-3.6000000000000103,stop_loss,12300,28.53268666907543
AAVE/USDT:USDT,short,1776523800,0.8757466063348772,1.2357466063348772,trailing_stop,5400,74.5575282182873
AAVE/USDT:USDT,short,1776604800,0.9941738013699032,1.3541738013699032,trailing_stop,1500,81.51242734229788
AAVE/USDT:USDT,long,1776770400,0.8406482982171916,1.2006482982171915,trailing_stop,1200,27.205664353288327
AAVE/USDT:USDT,long,1777876800,0.6575125547600836,1.0175125547600836,trailing_stop,1500,21.309127030492235
AAVE/USDT:USDT,long,1777975500,0.64119586296057,1.00119586296057,trailing_stop,2700,29.847809668513293
AAVE/USDT:USDT,long,1778302800,0.3712307059065093,0.7312307059065093,trailing_stop,4500,27.085813060113367
AAVE/USDT:USDT,short,1783845000,1.1020450606586445,1.462045060658644,trailing_stop,3900,76.51148215879878
AAVE/USDT:USDT,short,1784385600,-3.959999999999982,-3.5999999999999828,stop_loss,13500,75.82248943811993
XLM/USDT:USDT,short,1753761900,0.738319625638146,1.098319625638146,trailing_stop,3300,77.58714720310957
XLM/USDT:USDT,short,1754103000,-3.9600000000000017,-3.6000000000000014,stop_loss,7500,76.87870435525888
XLM/USDT:USDT,long,1754513100,1.3205948686899096,1.6805948686899097,trailing_stop,2700,29.468539602039897
XLM/USDT:USDT,long,1758975300,-0.7271357846137159,-0.3671357846137159,st2_hold,14400,25.656295929624815
XLM/USDT:USDT,long,1761489000,0.5081056173644196,0.8681056173644196,trailing_stop,5400,27.69226770813826
XLM/USDT:USDT,long,1761652800,1.985355905416092,2.345355905416092,trailing_stop,4200,28.851332417534167
XLM/USDT:USDT,short,1761722100,-3.960000000000011,-3.600000000000011,stop_loss,8700,78.71895501590284
XLM/USDT:USDT,short,1761861600,-3.959999999999976,-3.599999999999976,stop_loss,10200,73.84556690488498
XLM/USDT:USDT,long,1761956700,0.0746394468225182,0.4346394468225182,st2_hold,14400,26.663250223766383
XLM/USDT:USDT,short,1763073000,0.9780527004298236,1.3380527004298235,trailing_stop,6600,73.61970865140151
XLM/USDT:USDT,short,1763131800,1.07783499342231,1.4378349934223098,trailing_stop,900,72.72963755990926
XLM/USDT:USDT,long,1764202500,0.9006571384185623,1.2606571384185623,trailing_stop,2100,27.32652436025252
XLM/USDT:USDT,long,1764347700,-3.9599999999999898,-3.59999999999999,stop_loss,3600,29.050797498793315
XLM/USDT:USDT,short,1766046600,-2.554461596922073,-2.194461596922073,st2_hold,14400,78.39964946746038
XLM/USDT:USDT,long,1766154600,2.157445396737641,2.517445396737641,trailing_stop,900,29.54823714549309
XLM/USDT:USDT,long,1766992500,-3.96000000000001,-3.6000000000000103,stop_loss,8100,23.359926696782463
XLM/USDT:USDT,long,1767711300,0.5886675228768425,0.9486675228768424,trailing_stop,1800,27.59019643512468
XLM/USDT:USDT,short,1768795500,-3.960000000000009,-3.600000000000009,stop_loss,5100,75.5538166738326
XLM/USDT:USDT,long,1770673500,1.7154676844146797,2.0754676844146793,trailing_stop,600,23.428497440093334
XLM/USDT:USDT,short,1771785300,0.8135686223997064,1.1735686223997064,trailing_stop,10800,76.47844476491142
XLM/USDT:USDT,long,1771996200,2.3350819672131347,2.6950819672131345,st2_hold,14400,27.045872561292597
XLM/USDT:USDT,short,1773631800,-3.959999999999994,-3.5999999999999948,stop_loss,300,71.19580123650252
XLM/USDT:USDT,long,1773719700,1.6059556265328223,1.9659556265328224,trailing_stop,900,13.022311138139798
XLM/USDT:USDT,long,1773777900,1.776983708122986,2.136983708122986,trailing_stop,4200,25.74986964687251
XLM/USDT:USDT,long,1773990000,1.7653710797222657,2.1253710797222656,trailing_stop,4800,28.87418656488164
XLM/USDT:USDT,long,1774068000,1.0744566795740544,1.4344566795740543,trailing_stop,4200,29.872099639604382
XLM/USDT:USDT,short,1774975800,-3.960000000000008,-3.600000000000008,stop_loss,10500,78.06369238858238
XLM/USDT:USDT,long,1779710700,-0.1213997879109046,0.2386002120890953,st2_hold,14400,16.312783626733633
XLM/USDT:USDT,short,1779773700,0.8010973070982751,1.161097307098275,trailing_stop,6300,80.9423268940966
XLM/USDT:USDT,short,1780261500,2.126586293908012,2.4865862939080117,trailing_stop,1500,78.46826805606052
XLM/USDT:USDT,long,1780740000,-3.9600000000000017,-3.6000000000000014,stop_loss,300,27.58056742906372
XLM/USDT:USDT,long,1780812900,1.5875221450801873,1.9475221450801872,trailing_stop,1800,28.83192263534798
XLM/USDT:USDT,long,1780881600,-3.96000000000001,-3.6000000000000103,stop_loss,7200,26.527664868998883
XLM/USDT:USDT,long,1780962900,0.5915996434231284,0.9515996434231284,trailing_stop,600,20.35378007107532
XLM/USDT:USDT,long,1781169600,0.244527162977862,0.604527162977862,trailing_stop,7500,16.60159395143195
XLM/USDT:USDT,long,1781219700,0.9325856110587196,1.2925856110587195,trailing_stop,2100,27.57141106485815
XLM/USDT:USDT,long,1781406000,-0.8909734513274288,-0.5309734513274288,st2_hold,14400,23.672377827066143
XLM/USDT:USDT,short,1782126900,-3.9599999999999858,-3.599999999999986,stop_loss,1800,70.93054091778829
XLM/USDT:USDT,short,1782332700,0.4953170992774737,0.8553170992774737,trailing_stop,3600,83.77036100841623
XLM/USDT:USDT,long,1782435600,-3.960000000000023,-3.600000000000023,stop_loss,2100,13.120062906701548
XLM/USDT:USDT,short,1782534600,0.9311025145068058,1.2911025145068058,trailing_stop,4800,73.81515737924327
XLM/USDT:USDT,short,1783426500,2.634745492834794,2.994745492834794,trailing_stop,4500,73.44723358949253
XLM/USDT:USDT,long,1783666200,0.306548513384858,0.666548513384858,trailing_stop,900,24.1332561365964
XLM/USDT:USDT,long,1783879200,1.9431703955041733,2.303170395504173,trailing_stop,4500,26.708488860690807
XLM/USDT:USDT,long,1783944900,1.0234551205147748,1.383455120514775,trailing_stop,10200,29.437590126651216
XLM/USDT:USDT,long,1784075100,-2.13920452690572,-1.77920452690572,st2_hold,14400,25.70201324135915
UNI/USDT:USDT,long,1756800000,0.4417595616900458,0.8017595616900458,trailing_stop,3300,29.345649127237703
UNI/USDT:USDT,long,1757709000,0.9381726089979152,1.298172608997915,trailing_stop,1500,23.10482384766553
UNI/USDT:USDT,long,1758021300,0.5186247161855048,0.8786247161855048,trailing_stop,2100,27.26858273105114
UNI/USDT:USDT,long,1759659300,0.964867213906243,1.324867213906243,trailing_stop,600,29.164458116084973
UNI/USDT:USDT,short,1760195400,0.9239188520534212,1.283918852053421,trailing_stop,5400,75.27892499238715
UNI/USDT:USDT,long,1760402700,-3.9600000000000217,-3.600000000000022,stop_loss,5400,20.788669650180907
UNI/USDT:USDT,long,1761276300,4.4400000000000155,4.800000000000016,take_profit,3900,29.341421714056267
UNI/USDT:USDT,short,1761333300,0.7905273250239703,1.1505273250239705,st2_hold,14400,75.15403734512039
UNI/USDT:USDT,long,1762073700,-0.8204365620736418,-0.4604365620736418,st2_hold,14400,24.110143447982352
UNI/USDT:USDT,short,1762120800,-3.960000000000002,-3.6000000000000023,stop_loss,6000,71.19757284139138
UNI/USDT:USDT,short,1762217400,1.36844663881508,1.72844663881508,trailing_stop,900,77.80107966334435
UNI/USDT:USDT,long,1762595400,0.7483934866543424,1.1083934866543423,trailing_stop,1500,27.262568833064947
UNI/USDT:USDT,long,1763495700,-3.9600000000000177,-3.600000000000018,stop_loss,6600,17.93458565417697
UNI/USDT:USDT,short,1763518800,1.0311167512690351,1.3911167512690352,trailing_stop,1800,70.13779394124902
UNI/USDT:USDT,long,1763613900,1.39645295587006,1.75645295587006,trailing_stop,900,24.788295212667137
UNI/USDT:USDT,short,1764575400,-0.684558240173062,-0.324558240173062,st2_hold,14400,80.35229143134687
UNI/USDT:USDT,long,1764639300,-3.9600000000000177,-3.6000000000000174,stop_loss,6300,26.10422386222629
UNI/USDT:USDT,long,1765006500,0.8663033175355527,1.2263033175355529,trailing_stop,10200,25.7434434482971
UNI/USDT:USDT,short,1765154700,-3.959999999999981,-3.599999999999981,stop_loss,2400,70.86567946779138
UNI/USDT:USDT,long,1765326300,-3.960000000000002,-3.6000000000000028,stop_loss,1800,29.3747812149944
UNI/USDT:USDT,long,1765590900,1.0758497582744444,1.4358497582744445,trailing_stop,4200,28.425003598330093
UNI/USDT:USDT,short,1767060000,0.8396511048347292,1.1996511048347291,trailing_stop,2100,70.10963638285051
UNI/USDT:USDT,long,1768389000,1.6181691368788296,1.9781691368788297,trailing_stop,13500,24.834821936695036
UNI/USDT:USDT,long,1769561100,0.3026959247648604,0.6626959247648604,trailing_stop,1200,29.97187849574155
UNI/USDT:USDT,short,1770576300,0.3697320410490604,0.7297320410490604,trailing_stop,5700,70.28435783384842
UNI/USDT:USDT,long,1770683400,0.2928699163541891,0.6528699163541891,trailing_stop,4800,24.246012253045023
UNI/USDT:USDT,short,1772954400,0.7540562248996202,1.1140562248996202,trailing_stop,4800,72.81992869998653
UNI/USDT:USDT,short,1773298500,-3.960000000000002,-3.6000000000000028,stop_loss,9900,75.8113202604533
UNI/USDT:USDT,short,1774200300,1.5843712403323051,1.9443712403323052,trailing_stop,4500,72.4002838555187
UNI/USDT:USDT,long,1774304400,-0.8633557046980056,-0.5033557046980056,st2_hold,14400,28.551807448704295
UNI/USDT:USDT,short,1774626000,2.415916230366565,2.775916230366565,trailing_stop,2100,83.86311424457975
UNI/USDT:USDT,short,1774698900,0.6050826446281181,0.965082644628118,trailing_stop,5100,75.06717879629906
UNI/USDT:USDT,short,1775921100,-3.9599999999999937,-3.599999999999994,stop_loss,11400,72.53124877735034
UNI/USDT:USDT,long,1775947500,-3.960000000000016,-3.600000000000016,stop_loss,9900,27.963829084326107
UNI/USDT:USDT,short,1776921300,1.0355447055234293,1.3955447055234291,trailing_stop,7200,75.78434036403411
UNI/USDT:USDT,short,1776945000,-3.959999999999995,-3.599999999999995,stop_loss,9300,82.62900785903427
UNI/USDT:USDT,short,1778717700,1.1392576299147992,1.499257629914799,trailing_stop,9900,76.57975215356137
UNI/USDT:USDT,short,1778989200,-2.8542660550458643,-2.4942660550458644,st2_hold,14400,77.42277292868692
UNI/USDT:USDT,long,1779997800,1.1884282907662276,1.5484282907662277,trailing_stop,7200,27.84664104915396
UNI/USDT:USDT,short,1780068300,-3.959999999999982,-3.5999999999999828,stop_loss,600,78.85070305359427
UNI/USDT:USDT,short,1780136100,-1.845638824694631,-1.485638824694631,st2_hold,14400,70.78105495352222
UNI/USDT:USDT,long,1780179300,-3.959999999999991,-3.599999999999991,stop_loss,12300,29.753825918433225
UNI/USDT:USDT,long,1780892700,0.97560188827695,1.33560188827695,trailing_stop,7200,27.654267467093803
UNI/USDT:USDT,long,1782031200,0.7487306917394295,1.1087306917394295,trailing_stop,2400,29.404348654674223
UNI/USDT:USDT,short,1783863300,0.5596261682243033,0.9196261682243032,trailing_stop,2400,76.71766251871458
UNI/USDT:USDT,short,1783927800,-3.959999999999988,-3.599999999999988,stop_loss,2400,70.62936844217171
UNI/USDT:USDT,short,1783981500,0.6200908832718202,0.98009088327182,trailing_stop,2700,71.6867890273452
UNI/USDT:USDT,long,1784141400,-0.6077973568282031,-0.2477973568282032,st2_hold,14400,29.48237880125208
UNI/USDT:USDT,short,1784363700,0.8752540448481706,1.2352540448481706,trailing_stop,3600,73.23445220963548
LTC/USDT:USDT,short,1755290100,-3.9600000000000137,-3.6000000000000134,stop_loss,8400,70.08867569059386
LTC/USDT:USDT,short,1757620200,-2.3151616266944735,-1.9551616266944736,st2_hold,14400,77.94074745594557
LTC/USDT:USDT,long,1759737000,1.1098498748957208,1.4698498748957207,trailing_stop,8700,25.7201617131402
LTC/USDT:USDT,short,1759815000,0.8914552489906021,1.251455248990602,trailing_stop,3600,75.03103244920443
LTC/USDT:USDT,long,1760079000,2.450277145324584,2.810277145324584,trailing_stop,3900,28.98307421114933
LTC/USDT:USDT,short,1760457000,-3.959999999999991,-3.599999999999991,stop_loss,1800,70.44058606003202
LTC/USDT:USDT,short,1760494800,0.9705737704917948,1.3305737704917948,trailing_stop,5400,77.70078795947323
LTC/USDT:USDT,short,1760700600,0.7647604927007549,1.1247604927007548,trailing_stop,900,77.14212861258478
LTC/USDT:USDT,long,1760952600,0.4496856144807879,0.8096856144807879,trailing_stop,4200,27.440736177604833
LTC/USDT:USDT,long,1760997300,0.4150105663567169,0.775010566356717,trailing_stop,3900,26.330050901332555
LTC/USDT:USDT,short,1761044400,-3.9600000000000097,-3.6000000000000094,stop_loss,4800,74.65057524872473
LTC/USDT:USDT,long,1761429000,0.2897409326424969,0.6497409326424969,trailing_stop,12300,19.896848914096424
LTC/USDT:USDT,long,1761549600,-3.960000000000012,-3.600000000000012,stop_loss,6000,29.685428891038853
LTC/USDT:USDT,long,1761594000,1.0382760319180306,1.3982760319180303,trailing_stop,900,29.968475898932837
LTC/USDT:USDT,long,1762570800,0.3950988142292668,0.7550988142292668,trailing_stop,600,27.861491010177573
LTC/USDT:USDT,long,1764513900,-1.6076235741444664,-1.2476235741444663,st2_hold,14400,24.839456991345457
LTC/USDT:USDT,short,1765013400,-3.960000000000009,-3.600000000000009,stop_loss,14400,76.652671966948
LTC/USDT:USDT,long,1765095900,-0.9458659831563924,-0.5858659831563925,st2_hold,14400,21.99002409548909
LTC/USDT:USDT,long,1765377600,1.940832342449502,2.300832342449502,trailing_stop,6900,29.169953120779567
LTC/USDT:USDT,short,1765757400,-3.960000000000016,-3.600000000000016,stop_loss,5100,73.0098863294441
LTC/USDT:USDT,long,1765785000,0.2626098832877788,0.6226098832877788,trailing_stop,1200,28.023017600575415
LTC/USDT:USDT,long,1770001800,-3.9600000000000057,-3.600000000000006,stop_loss,300,25.69185400547211
LTC/USDT:USDT,long,1774280700,0.2549782923299655,0.6149782923299655,trailing_stop,6900,23.61213635089987
LTC/USDT:USDT,short,1774324800,-2.791556195965395,-2.431556195965395,st2_hold,14400,71.82524043895891
LTC/USDT:USDT,short,1774557000,0.4986849315068707,0.8586849315068708,trailing_stop,12900,73.3814827837324
LTC/USDT:USDT,long,1775152500,0.7070019342359474,1.0670019342359474,trailing_stop,3900,27.528308646004675
LTC/USDT:USDT,short,1778346900,-0.5667183462532623,-0.2067183462532623,st2_hold,14400,74.28175917930207
LTC/USDT:USDT,long,1781898300,0.2399999999999993,0.5999999999999993,trailing_stop,6000,29.78019296308605
LTC/USDT:USDT,short,1784525700,0.7149947067541947,1.0749947067541947,trailing_stop,1800,70.393679938556
1000PEPE/USDT:USDT,short,1754457900,-3.960000000000003,-3.6000000000000036,stop_loss,900,73.77906898492171
1000PEPE/USDT:USDT,long,1754532300,0.2089236193834215,0.5689236193834215,st2_hold,14400,26.458829109946137
1000PEPE/USDT:USDT,short,1756326600,0.492590964639119,0.852590964639119,trailing_stop,4200,71.4875195210997
1000PEPE/USDT:USDT,short,1758457500,0.8310000000000218,1.1910000000000218,trailing_stop,10500,75.26803208202887
1000PEPE/USDT:USDT,short,1761616200,2.005873512836614,2.3658735128366137,trailing_stop,2100,71.07123648818907
1000PEPE/USDT:USDT,short,1762120500,0.7659084760703551,1.125908476070355,trailing_stop,2400,77.47858449694323
1000PEPE/USDT:USDT,long,1762682400,4.439999999999996,4.799999999999996,take_profit,3900,25.05757831514866
1000PEPE/USDT:USDT,long,1762728000,3.3256839051089115,3.6856839051089114,trailing_stop,1500,22.396938062451312
1000PEPE/USDT:USDT,long,1762785600,-3.96,-3.6,stop_loss,600,22.422223393453365
1000PEPE/USDT:USDT,long,1763499900,0.7664227642276541,1.126422764227654,trailing_stop,7200,26.305194202367403
1000PEPE/USDT:USDT,long,1763881200,-2.200093921460557,-1.8400939214605572,st2_hold,14400,25.513145896464053
1000PEPE/USDT:USDT,long,1765926600,1.0788140029846072,1.4388140029846073,trailing_stop,7800,26.37704355688561
1000PEPE/USDT:USDT,short,1767215100,-2.0615479876160476,-1.7015479876160475,st2_hold,14400,70.92231312659624
1000PEPE/USDT:USDT,short,1767931800,0.7351500439868822,1.0951500439868822,trailing_stop,2700,72.21293371848247
1000PEPE/USDT:USDT,long,1770981300,0.8933769832645039,1.253376983264504,trailing_stop,8400,27.678438365289423
1000PEPE/USDT:USDT,long,1771028400,0.9607254985150468,1.3207254985150467,trailing_stop,2400,26.963432342775008
1000PEPE/USDT:USDT,short,1771466400,1.4721728493801445,1.8321728493801444,trailing_stop,3300,70.9898690210488
1000PEPE/USDT:USDT,short,1771885200,0.5825058109020028,0.9425058109020028,trailing_stop,2400,74.7572834438603
1000PEPE/USDT:USDT,short,1772954700,-3.95999999999999,-3.5999999999999908,stop_loss,6600,80.8995609904808
1000PEPE/USDT:USDT,short,1775974800,1.0984585238406526,1.4584585238406529,trailing_stop,4500,75.783308598721
1000PEPE/USDT:USDT,long,1776094800,0.7555216720918186,1.1155216720918186,trailing_stop,1200,28.61682146038656
1000PEPE/USDT:USDT,long,1776821700,4.440000000000004,4.800000000000004,take_profit,2400,28.08328080930339
1000PEPE/USDT:USDT,long,1777001400,0.9035853754422914,1.2635853754422914,trailing_stop,9000,24.08251653299132
1000PEPE/USDT:USDT,long,1777070700,0.419380563030459,0.779380563030459,trailing_stop,8700,28.63380191232862
1000PEPE/USDT:USDT,long,1778283600,0.4951917658291395,0.8551917658291395,trailing_stop,1500,15.730958905299005
1000PEPE/USDT:USDT,short,1779535800,1.153613315380882,1.513613315380882,trailing_stop,3900,71.2911106255317
1000PEPE/USDT:USDT,short,1782816900,1.153052936910854,1.513052936910854,trailing_stop,2700,71.69893173462079
1000PEPE/USDT:USDT,short,1784874300,0.5016975441619734,0.8616975441619734,st2_hold,14400,73.23687751774152
1000PEPE/USDT:USDT,short,1784973600,-2.4035510887771903,-2.0435510887771904,st2_hold,14400,74.34617702425064
