,0
2021-12-27 00:00:00+00:00,-0.0050529428924342545
2021-12-28 00:00:00+00:00,0.0036322156664518462
2021-12-29 00:00:00+00:00,0.0005011218338618433
2021-12-30 00:00:00+00:00,0.0015399926396644427
2021-12-31 00:00:00+00:00,0.0012347398614693458
2022-01-01 00:00:00+00:00,0.003950550261386394
2022-01-02 00:00:00+00:00,-0.0034852973030669336
2022-01-03 00:00:00+00:00,-0.00557006757382249
2022-01-04 00:00:00+00:00,0.012713339889785869
2022-01-05 00:00:00+00:00,-0.02195485163024121
2022-01-06 00:00:00+00:00,-0.00022251493844742016
2022-01-07 00:00:00+00:00,-0.01082227787751731
2022-01-08 00:00:00+00:00,-0.02355451959525951
2022-01-09 00:00:00+00:00,0.012244303297450155
2022-01-10 00:00:00+00:00,-0.025354433246944207
2022-01-11 00:00:00+00:00,0.006212623611249222
2022-01-12 00:00:00+00:00,0.015197869186365806
2022-01-13 00:00:00+00:00,-0.021505462270446096
2022-01-14 00:00:00+00:00,0.023251078406533576
2022-01-15 00:00:00+00:00,0.015718778834046872
2022-01-16 00:00:00+00:00,0.00831644153677264
2022-01-17 00:00:00+00:00,-0.011518458582454918
2022-01-18 00:00:00+00:00,0.02232234458745668
2022-01-19 00:00:00+00:00,0.006466888501635869
2022-01-20 00:00:00+00:00,0.0015114851676550334
2022-01-21 00:00:00+00:00,-0.00047999999999999996
2022-01-22 00:00:00+00:00,-0.008965141083760347
2022-01-23 00:00:00+00:00,0.005880914119715608
2022-01-24 00:00:00+00:00,-0.008170280935612902
2022-01-25 00:00:00+00:00,0.015675936787572092
2022-01-26 00:00:00+00:00,0.014789581414518641
2022-01-27 00:00:00+00:00,-0.0005385218545375263
2022-01-28 00:00:00+00:00,0.014811014178796694
2022-01-29 00:00:00+00:00,-0.00731171845095068
2022-01-30 00:00:00+00:00,-0.012043912114702921
2022-01-31 00:00:00+00:00,-0.009432278260439185
2022-02-01 00:00:00+00:00,-0.009100287176094242
2022-02-02 00:00:00+00:00,-0.0026141595338238497
2022-02-03 00:00:00+00:00,-0.032772604430570854
2022-02-04 00:00:00+00:00,0.028442950995003147
2022-02-05 00:00:00+00:00,0.010512865027899592
2022-02-06 00:00:00+00:00,0.011954686130351283
2022-02-07 00:00:00+00:00,0.014299070304177968
2022-02-08 00:00:00+00:00,0.003066327740854049
2022-02-09 00:00:00+00:00,-0.00804393881909252
2022-02-10 00:00:00+00:00,0.0035436231501939338
2022-02-11 00:00:00+00:00,0.0037266210975650084
2022-02-12 00:00:00+00:00,0.0005230457689235111
2022-02-13 00:00:00+00:00,-0.011445626375318874
2022-02-14 00:00:00+00:00,0.009530941466568034
2022-02-15 00:00:00+00:00,-0.004214655997277666
2022-02-16 00:00:00+00:00,0.00934905718518236
2022-02-17 00:00:00+00:00,0.007938429655027779
2022-02-18 00:00:00+00:00,-0.0015827729231295909
2022-02-19 00:00:00+00:00,0.0023492701461412186
2022-02-20 00:00:00+00:00,-0.004312224352715778
2022-02-21 00:00:00+00:00,-0.012430990864630596
2022-02-22 00:00:00+00:00,0.018923488339523398
2022-02-23 00:00:00+00:00,-0.010932171574865665
2022-02-24 00:00:00+00:00,0.024003238270951632
2022-02-25 00:00:00+00:00,0.0016431512527797446
2022-02-26 00:00:00+00:00,-0.001275329274989775
2022-02-27 00:00:00+00:00,0.011071077464045984
2022-02-28 00:00:00+00:00,0.001121024385389336
2022-03-01 00:00:00+00:00,0.009186746021160437
2022-03-02 00:00:00+00:00,-0.001176950335146023
2022-03-03 00:00:00+00:00,-0.005511600620205437
2022-03-04 00:00:00+00:00,0.009988400993907085
2022-03-05 00:00:00+00:00,0.002390230111324133
2022-03-06 00:00:00+00:00,-0.0025778375789377835
2022-03-07 00:00:00+00:00,-0.002581676403423774
2022-03-08 00:00:00+00:00,-6.606832856809255e-05
2022-03-09 00:00:00+00:00,0.0026162173399297125
2022-03-10 00:00:00+00:00,-0.002562840951978659
2022-03-11 00:00:00+00:00,-0.001585262250568734
2022-03-12 00:00:00+00:00,0.0007446085512725555
2022-03-13 00:00:00+00:00,0.001727568312450534
2022-03-14 00:00:00+00:00,0.0009806882727603132
2022-03-15 00:00:00+00:00,-0.0003320871883852988
2022-03-16 00:00:00+00:00,0.0012682534594867234
2022-03-17 00:00:00+00:00,-0.0007199999999999999
2022-03-18 00:00:00+00:00,0.0115518240074995
2022-03-19 00:00:00+00:00,0.0023171811861440734
2022-03-20 00:00:00+00:00,-0.009570260906229585
2022-03-21 00:00:00+00:00,-0.004581505077105384
2022-03-22 00:00:00+00:00,-0.048099137666247536
2022-03-23 00:00:00+00:00,0.04698122542642552
2022-03-24 00:00:00+00:00,-0.0027296234703753732
2022-03-25 00:00:00+00:00,-0.005179658483551353
2022-03-26 00:00:00+00:00,0.013461338078355128
2022-03-27 00:00:00+00:00,-0.002899360976763281
2022-03-28 00:00:00+00:00,0.00427638987647376
2022-03-29 00:00:00+00:00,0.004644590369884742
2022-03-30 00:00:00+00:00,0.00108525449524065
2022-03-31 00:00:00+00:00,0.0014333062856086154
2022-04-01 00:00:00+00:00,0.010347997869204392
2022-04-02 00:00:00+00:00,0.0024639586855467097
2022-04-03 00:00:00+00:00,0.0
2022-04-04 00:00:00+00:00,-0.0007199999999999999
2022-04-05 00:00:00+00:00,0.0351858344544708
2022-04-06 00:00:00+00:00,0.009231408321293974
2022-04-07 00:00:00+00:00,0.002174185527901952
2022-04-08 00:00:00+00:00,0.0
2022-04-09 00:00:00+00:00,0.0
2022-04-10 00:00:00+00:00,0.0
2022-04-11 00:00:00+00:00,-0.0009599999999999999
2022-04-12 00:00:00+00:00,0.006517995875725037
2022-04-13 00:00:00+00:00,0.02407830438119622
2022-04-14 00:00:00+00:00,-0.013075774650034577
2022-04-15 00:00:00+00:00,0.0065376274727336845
2022-04-16 00:00:00+00:00,-0.008498984390883896
2022-04-17 00:00:00+00:00,-0.014989794026474176
2022-04-18 00:00:00+00:00,0.005520448476607615
2022-04-19 00:00:00+00:00,0.0069350705347098005
2022-04-20 00:00:00+00:00,-0.006890009249553905
2022-04-21 00:00:00+00:00,-0.014266166921898988
2022-04-22 00:00:00+00:00,-0.0006181478855678678
2022-04-23 00:00:00+00:00,0.0005874133246407809
2022-04-24 00:00:00+00:00,0.004603936926990695
2022-04-25 00:00:00+00:00,-0.01196639349047972
2022-04-26 00:00:00+00:00,-0.009270186083643552
2022-04-27 00:00:00+00:00,0.01079008982598852
2022-04-28 00:00:00+00:00,-0.0021538995252793143
2022-04-29 00:00:00+00:00,-0.02193850804113306
2022-04-30 00:00:00+00:00,-0.026542615532047988
2022-05-01 00:00:00+00:00,-0.000542461516772412
2022-05-02 00:00:00+00:00,0.0163048405504568
2022-05-03 00:00:00+00:00,-0.02450142925102617
2022-05-04 00:00:00+00:00,0.02645984738778921
2022-05-05 00:00:00+00:00,-0.01916568294244119
2022-05-06 00:00:00+00:00,-0.010255593230239963
2022-05-07 00:00:00+00:00,-0.021186148753640957
2022-05-08 00:00:00+00:00,-0.019037255856776934
2022-05-09 00:00:00+00:00,-0.01420256756899349
2022-05-10 00:00:00+00:00,0.06709461196445976
2022-05-11 00:00:00+00:00,-0.027960935148165326
2022-05-12 00:00:00+00:00,0.038841607569370426
2022-05-13 00:00:00+00:00,0.005087410717427221
2022-05-14 00:00:00+00:00,0.01652986360890165
2022-05-15 00:00:00+00:00,0.008380417769974656
2022-05-16 00:00:00+00:00,-0.026091406882753722
2022-05-17 00:00:00+00:00,0.020169517887745275
2022-05-18 00:00:00+00:00,-0.03630322150937858
2022-05-19 00:00:00+00:00,0.024278474421742448
2022-05-20 00:00:00+00:00,-0.006829118651009927
2022-05-21 00:00:00+00:00,0.002915627081315506
2022-05-22 00:00:00+00:00,0.011576904959735674
2022-05-23 00:00:00+00:00,-0.02832605600428239
2022-05-24 00:00:00+00:00,-0.012146080030985535
2022-05-25 00:00:00+00:00,0.0018711869383302858
2022-05-26 00:00:00+00:00,-0.00798083081448985
2022-05-27 00:00:00+00:00,-0.007876805722975293
2022-05-28 00:00:00+00:00,0.004437459828663378
2022-05-29 00:00:00+00:00,-0.004421749450402312
2022-05-30 00:00:00+00:00,0.02177961785637399
2022-05-31 00:00:00+00:00,0.0014822956568151808
2022-06-01 00:00:00+00:00,0.007303578165653307
2022-06-02 00:00:00+00:00,-0.0034615223201119663
2022-06-03 00:00:00+00:00,-0.008437036560555482
2022-06-04 00:00:00+00:00,0.007976596419688179
2022-06-05 00:00:00+00:00,0.003823799115962564
2022-06-06 00:00:00+00:00,0.0063363714825019745
2022-06-07 00:00:00+00:00,-0.0011841420724685175
2022-06-08 00:00:00+00:00,-0.0074777122882835586
2022-06-09 00:00:00+00:00,-0.0033332261487696462
2022-06-10 00:00:00+00:00,-0.005749886821829632
2022-06-11 00:00:00+00:00,-0.015940961056602445
2022-06-12 00:00:00+00:00,-0.024639077153480425
2022-06-13 00:00:00+00:00,-0.08325445184934344
2022-06-14 00:00:00+00:00,9.693604459076621e-05
2022-06-15 00:00:00+00:00,-0.012047938355349343
2022-06-16 00:00:00+00:00,-0.07213715080188718
2022-06-17 00:00:00+00:00,0.047621881620307435
2022-06-18 00:00:00+00:00,-0.012412362624369452
2022-06-19 00:00:00+00:00,0.06713590334267386
2022-06-20 00:00:00+00:00,0.0037101414300043565
2022-06-21 00:00:00+00:00,-0.009303951249837154
2022-06-22 00:00:00+00:00,-0.019234032022627908
2022-06-23 00:00:00+00:00,-0.002123692047218664
2022-06-24 00:00:00+00:00,-0.012087590162263118
2022-06-25 00:00:00+00:00,-0.011180129251407291
2022-06-26 00:00:00+00:00,-0.0018077876859661697
2022-06-27 00:00:00+00:00,0.004970482442795514
2022-06-28 00:00:00+00:00,0.014997558524576671
2022-06-29 00:00:00+00:00,-0.017747199013569394
2022-06-30 00:00:00+00:00,-0.0033405777433874453
2022-07-01 00:00:00+00:00,-0.004132221668251776
2022-07-02 00:00:00+00:00,0.003940203875571254
2022-07-03 00:00:00+00:00,-0.0016822439701206083
2022-07-04 00:00:00+00:00,4.0200095623069834e-05
2022-07-05 00:00:00+00:00,-0.00017426184686628304
2022-07-06 00:00:00+00:00,0.0008040132498304872
2022-07-07 00:00:00+00:00,-0.004691425985999104
2022-07-08 00:00:00+00:00,-0.0052939240905335635
2022-07-09 00:00:00+00:00,-0.023117010767673078
2022-07-10 00:00:00+00:00,-0.004687286831358731
2022-07-11 00:00:00+00:00,0.01808175916416253
2022-07-12 00:00:00+00:00,-0.006801624343268477
2022-07-13 00:00:00+00:00,-0.036632118616103736
2022-07-14 00:00:00+00:00,-0.03910274389222103
2022-07-15 00:00:00+00:00,0.010996929284454005
2022-07-16 00:00:00+00:00,-0.0013776578111927534
2022-07-17 00:00:00+00:00,0.03614289908145728
2022-07-18 00:00:00+00:00,-0.009827806614915651
2022-07-19 00:00:00+00:00,0.0034226990443455272
2022-07-20 00:00:00+00:00,0.017393172096760966
2022-07-21 00:00:00+00:00,-0.02937556225264728
2022-07-22 00:00:00+00:00,0.015122446567708347
2022-07-23 00:00:00+00:00,0.006736507827130746
2022-07-24 00:00:00+00:00,-0.0030117045078412777
2022-07-25 00:00:00+00:00,-0.0006162678696804674
2022-07-26 00:00:00+00:00,0.01381962944464136
2022-07-27 00:00:00+00:00,-0.0018849977980909343
2022-07-28 00:00:00+00:00,-0.000553418473458052
2022-07-29 00:00:00+00:00,-0.003227874950603512
2022-07-30 00:00:00+00:00,0.04260433965228312
2022-07-31 00:00:00+00:00,0.00258177325985917
2022-08-01 00:00:00+00:00,0.025149733141626572
2022-08-02 00:00:00+00:00,-0.004198531111385651
2022-08-03 00:00:00+00:00,0.0030775959401565843
2022-08-04 00:00:00+00:00,0.005913392372967258
2022-08-05 00:00:00+00:00,-0.004535358149479949
2022-08-06 00:00:00+00:00,-0.004028703138873523
2022-08-07 00:00:00+00:00,0.0008991993430792981
2022-08-08 00:00:00+00:00,-0.0032102610130779197
2022-08-09 00:00:00+00:00,0.0015361603564196565
2022-08-10 00:00:00+00:00,0.0015006967165192848
2022-08-11 00:00:00+00:00,0.010186775371933887
2022-08-12 00:00:00+00:00,-0.0008237769864588108
2022-08-13 00:00:00+00:00,0.016065860449969157
2022-08-14 00:00:00+00:00,0.07631903671890547
2022-08-15 00:00:00+00:00,0.0
2022-08-16 00:00:00+00:00,-0.0007199999999999999
2022-08-17 00:00:00+00:00,0.00935718847744295
2022-08-18 00:00:00+00:00,0.0138134773094532
2022-08-19 00:00:00+00:00,0.0026948937773384487
2022-08-20 00:00:00+00:00,-0.001865272503141373
2022-08-21 00:00:00+00:00,0.0012487939160794452
2022-08-22 00:00:00+00:00,0.005454787269925164
2022-08-23 00:00:00+00:00,0.0038689848282843055
2022-08-24 00:00:00+00:00,-0.00011322867724645712
2022-08-25 00:00:00+00:00,-0.00800162058493421
2022-08-26 00:00:00+00:00,0.0033104301766295864
2022-08-27 00:00:00+00:00,-0.0006487902391432418
2022-08-28 00:00:00+00:00,-0.006307775586548696
2022-08-29 00:00:00+00:00,0.0039167933244324046
2022-08-30 00:00:00+00:00,0.003600089187974334
2022-08-31 00:00:00+00:00,-0.0017624743318340346
2022-09-01 00:00:00+00:00,0.003389628949651864
2022-09-02 00:00:00+00:00,-0.007895194488382173
2022-09-03 00:00:00+00:00,0.00041730351071760113
2022-09-04 00:00:00+00:00,0.003070141023321414
2022-09-05 00:00:00+00:00,0.009456748393383303
2022-09-06 00:00:00+00:00,0.01997239504255235
2022-09-07 00:00:00+00:00,-0.0033191601941532202
2022-09-08 00:00:00+00:00,0.003896184213890776
2022-09-09 00:00:00+00:00,-0.0034240878531353416
2022-09-10 00:00:00+00:00,0.00022301606803989786
2022-09-11 00:00:00+00:00,0.0017680577307063086
2022-09-12 00:00:00+00:00,0.0044210355158881024
2022-09-13 00:00:00+00:00,-0.005382818903633455
2022-09-14 00:00:00+00:00,-0.019962553156708692
2022-09-15 00:00:00+00:00,0.007135018514236743
2022-09-16 00:00:00+00:00,0.01233705661348442
2022-09-17 00:00:00+00:00,-0.0003649707395910971
2022-09-18 00:00:00+00:00,-0.004649563807259
2022-09-19 00:00:00+00:00,-0.007992373333019331
2022-09-20 00:00:00+00:00,-0.013599166752171835
2022-09-21 00:00:00+00:00,-0.0007268741871968347
2022-09-22 00:00:00+00:00,-5.292730542538898e-05
2022-09-23 00:00:00+00:00,-0.009189659117822411
2022-09-24 00:00:00+00:00,-0.004867573524864261
2022-09-25 00:00:00+00:00,0.003939299534967937
2022-09-26 00:00:00+00:00,0.01454059057825027
2022-09-27 00:00:00+00:00,0.0019638679350966175
2022-09-28 00:00:00+00:00,0.0007381412372164983
2022-09-29 00:00:00+00:00,0.00012085161768659314
2022-09-30 00:00:00+00:00,-0.007892497891250785
2022-10-01 00:00:00+00:00,0.002061335287518391
2022-10-02 00:00:00+00:00,0.002688774704609663
2022-10-03 00:00:00+00:00,-0.003642700273730813
2022-10-04 00:00:00+00:00,-0.0003994232574651794
2022-10-05 00:00:00+00:00,0.0003541114273510476
2022-10-06 00:00:00+00:00,-0.001384040411733498
2022-10-07 00:00:00+00:00,0.003514299824886294
2022-10-08 00:00:00+00:00,0.004724942402742061
2022-10-09 00:00:00+00:00,-0.0020215448943840244
2022-10-10 00:00:00+00:00,0.004673231839802443
2022-10-11 00:00:00+00:00,0.011886209256698302
2022-10-12 00:00:00+00:00,-0.002787693651768569
2022-10-13 00:00:00+00:00,-0.002393614344289031
2022-10-14 00:00:00+00:00,-0.004741604484180486
2022-10-15 00:00:00+00:00,-0.0016524824667942702
2022-10-16 00:00:00+00:00,-0.0008727250496878946
2022-10-17 00:00:00+00:00,-0.0020428388608914765
2022-10-18 00:00:00+00:00,-0.015476158394604006
2022-10-19 00:00:00+00:00,-0.014600919883847882
2022-10-20 00:00:00+00:00,0.012609832745107252
2022-10-21 00:00:00+00:00,0.00377937364357048
2022-10-22 00:00:00+00:00,0.008150309179389937
2022-10-23 00:00:00+00:00,-0.01313821579633603
2022-10-24 00:00:00+00:00,0.004994272799380221
2022-10-25 00:00:00+00:00,0.018729697841413293
2022-10-26 00:00:00+00:00,0.0036403393823590305
2022-10-27 00:00:00+00:00,-0.009006692532478341
2022-10-28 00:00:00+00:00,-0.01376315655812585
2022-10-29 00:00:00+00:00,-0.11250366917077848
2022-10-30 00:00:00+00:00,0.024097394208870613
2022-10-31 00:00:00+00:00,-0.0144258415964547
2022-11-01 00:00:00+00:00,-0.044045950835242
2022-11-02 00:00:00+00:00,0.015093496629608235
2022-11-03 00:00:00+00:00,0.008403006917686412
2022-11-04 00:00:00+00:00,0.011975964642176564
2022-11-05 00:00:00+00:00,0.00810065255062349
2022-11-06 00:00:00+00:00,0.0018733258794950275
2022-11-07 00:00:00+00:00,0.012774148576119092
2022-11-08 00:00:00+00:00,0.03691901494663154
2022-11-09 00:00:00+00:00,-0.037279500403096764
2022-11-10 00:00:00+00:00,0.028341809824361762
2022-11-11 00:00:00+00:00,0.005567886055644137
2022-11-12 00:00:00+00:00,-0.02079263115469432
2022-11-13 00:00:00+00:00,-0.004200428943527816
2022-11-14 00:00:00+00:00,0.009131939832456134
2022-11-15 00:00:00+00:00,0.0026677508025683473
2022-11-16 00:00:00+00:00,0.003155273275856134
2022-11-17 00:00:00+00:00,-0.010573870247709572
2022-11-18 00:00:00+00:00,-0.001743126130607938
2022-11-19 00:00:00+00:00,-0.001067472945898856
2022-11-20 00:00:00+00:00,0.004679348179114781
2022-11-21 00:00:00+00:00,-0.002700703742582388
2022-11-22 00:00:00+00:00,-0.008730472828727274
2022-11-23 00:00:00+00:00,-0.0012288457588049764
2022-11-24 00:00:00+00:00,0.0014459061066960442
2022-11-25 00:00:00+00:00,0.005279336768060567
2022-11-26 00:00:00+00:00,-0.004176245488999506
2022-11-27 00:00:00+00:00,0.0036753599302577237
2022-11-28 00:00:00+00:00,0.0031146662196693178
2022-11-29 00:00:00+00:00,-0.01644851549344656
2022-11-30 00:00:00+00:00,-0.005615641699927802
2022-12-01 00:00:00+00:00,0.007912770191976235
2022-12-02 00:00:00+00:00,0.0067103140523724
2022-12-03 00:00:00+00:00,0.003674188798838813
2022-12-04 00:00:00+00:00,-0.006340178122721361
2022-12-05 00:00:00+00:00,0.0026372542880637347
2022-12-06 00:00:00+00:00,0.0014636373145343426
2022-12-07 00:00:00+00:00,0.007987955870465108
2022-12-08 00:00:00+00:00,0.0005944234828538031
2022-12-09 00:00:00+00:00,0.0013416717871618188
2022-12-10 00:00:00+00:00,-0.0011578059643963256
2022-12-11 00:00:00+00:00,0.006141875128057736
2022-12-12 00:00:00+00:00,-0.005290945653060893
2022-12-13 00:00:00+00:00,0.0017292848301467348
2022-12-14 00:00:00+00:00,-0.0024195386659590285
2022-12-15 00:00:00+00:00,-0.004061318596276957
2022-12-16 00:00:00+00:00,-0.01640001175715019
2022-12-17 00:00:00+00:00,0.007058803179206312
2022-12-18 00:00:00+00:00,-0.012153020904200002
2022-12-19 00:00:00+00:00,-0.024531837044880468
2022-12-20 00:00:00+00:00,0.006335652450041604
2022-12-21 00:00:00+00:00,0.00607396008769639
2022-12-22 00:00:00+00:00,-0.002614642703634328
2022-12-23 00:00:00+00:00,0.006205944398432049
2022-12-24 00:00:00+00:00,0.0002904161416604323
2022-12-25 00:00:00+00:00,-0.001192228819599271
2022-12-26 00:00:00+00:00,-0.0005068476232063808
2022-12-27 00:00:00+00:00,0.0030476623435876406
2022-12-28 00:00:00+00:00,0.0027465363672621694
2022-12-29 00:00:00+00:00,-0.002167322878696674
2022-12-30 00:00:00+00:00,0.0051139653021570735
2022-12-31 00:00:00+00:00,0.0017573165379375865
2023-01-01 00:00:00+00:00,-0.0036725003167274533
2023-01-02 00:00:00+00:00,-0.002284366373651843
2023-01-03 00:00:00+00:00,-0.0027827104126451957
2023-01-04 00:00:00+00:00,0.012119821108737874
2023-01-05 00:00:00+00:00,0.0017293274953974036
2023-01-06 00:00:00+00:00,0.003504903125006977
2023-01-07 00:00:00+00:00,-0.006423369955277071
2023-01-08 00:00:00+00:00,-0.016349891075120596
2023-01-09 00:00:00+00:00,-0.00313049294834957
2023-01-10 00:00:00+00:00,-0.00731573520425575
2023-01-11 00:00:00+00:00,0.04385273041867621
2023-01-12 00:00:00+00:00,0.006856041587232223
2023-01-13 00:00:00+00:00,-0.00030397013413192007
2023-01-14 00:00:00+00:00,0.008321238338687012
2023-01-15 00:00:00+00:00,-0.011329650766240273
2023-01-16 00:00:00+00:00,-0.004880042312293115
2023-01-17 00:00:00+00:00,-0.015239409936460373
2023-01-18 00:00:00+00:00,-0.018145792572080925
2023-01-19 00:00:00+00:00,0.023621104542537224
2023-01-20 00:00:00+00:00,-0.0013046781567698771
2023-01-21 00:00:00+00:00,0.019502912578234784
2023-01-22 00:00:00+00:00,-0.015007867924663104
2023-01-23 00:00:00+00:00,0.025598342011729162
2023-01-24 00:00:00+00:00,0.010636013540462601
2023-01-25 00:00:00+00:00,0.0023373397610992157
2023-01-26 00:00:00+00:00,0.000863840292470644
2023-01-27 00:00:00+00:00,0.0061586280197855475
2023-01-28 00:00:00+00:00,0.0035314688670279636
2023-01-29 00:00:00+00:00,0.002449241310969868
2023-01-30 00:00:00+00:00,0.0005070196855330077
2023-01-31 00:00:00+00:00,0.002167310343370337
2023-02-01 00:00:00+00:00,-0.00023999999999999998
2023-02-02 00:00:00+00:00,0.00512744775461726
2023-02-03 00:00:00+00:00,-0.0015843078779324087
2023-02-04 00:00:00+00:00,0.00206550111180429
2023-02-05 00:00:00+00:00,-0.0011799141906962685
2023-02-06 00:00:00+00:00,-0.002329968187040861
2023-02-07 00:00:00+00:00,0.0015218342282842397
2023-02-08 00:00:00+00:00,0.002524916552522746
2023-02-09 00:00:00+00:00,0.008914979103698447
2023-02-10 00:00:00+00:00,0.001315053531835952
2023-02-11 00:00:00+00:00,0.0033598180288507327
2023-02-12 00:00:00+00:00,0.002357385462466828
2023-02-13 00:00:00+00:00,0.00015107700755934373
2023-02-14 00:00:00+00:00,0.002237576643663762
2023-02-15 00:00:00+00:00,0.0005285692625770971
2023-02-16 00:00:00+00:00,-0.0008508014253764282
2023-02-17 00:00:00+00:00,0.004518355377094931
2023-02-18 00:00:00+00:00,0.008500211687220274
2023-02-19 00:00:00+00:00,-0.013580059602500149
2023-02-20 00:00:00+00:00,0.0064922067401452606
2023-02-21 00:00:00+00:00,-0.002629296113405049
2023-02-22 00:00:00+00:00,0.014651414897845702
2023-02-23 00:00:00+00:00,0.00998977367064761
2023-02-24 00:00:00+00:00,0.007206864546113527
2023-02-25 00:00:00+00:00,0.0031807109520461986
2023-02-26 00:00:00+00:00,0.002846392488673328
2023-02-27 00:00:00+00:00,-0.0011550857030513072
2023-02-28 00:00:00+00:00,0.0018949064971151724
2023-03-01 00:00:00+00:00,-0.007278708994271185
2023-03-02 00:00:00+00:00,0.001589546279027793
2023-03-03 00:00:00+00:00,0.0009741923312903633
2023-03-04 00:00:00+00:00,0.001748646101606939
2023-03-05 00:00:00+00:00,0.0
2023-03-06 00:00:00+00:00,0.0
2023-03-07 00:00:00+00:00,0.0
2023-03-08 00:00:00+00:00,-0.00047999999999999996
2023-03-09 00:00:00+00:00,0.00858468889956734
2023-03-10 00:00:00+00:00,-0.010578223746119294
2023-03-11 00:00:00+00:00,-0.01215820964783615
2023-03-12 00:00:00+00:00,0.03244451790911056
2023-03-13 00:00:00+00:00,0.008308541642565956
2023-03-14 00:00:00+00:00,-0.016991914442494944
2023-03-15 00:00:00+00:00,0.006075525746862426
2023-03-16 00:00:00+00:00,0.009134049348744063
2023-03-17 00:00:00+00:00,0.0010899656984412246
2023-03-18 00:00:00+00:00,-0.003219976268265829
2023-03-19 00:00:00+00:00,-0.00362322901923571
2023-03-20 00:00:00+00:00,-0.000935132605068182
2023-03-21 00:00:00+00:00,-0.0024994187500721973
2023-03-22 00:00:00+00:00,0.011778595311706632
2023-03-23 00:00:00+00:00,-0.003179961480549704
2023-03-24 00:00:00+00:00,0.008173419314942552
2023-03-25 00:00:00+00:00,-0.00911441158071744
2023-03-26 00:00:00+00:00,0.0028766046758332852
2023-03-27 00:00:00+00:00,-0.007528558186417773
2023-03-28 00:00:00+00:00,-0.007893887798376055
2023-03-29 00:00:00+00:00,-0.014229958544588047
2023-03-30 00:00:00+00:00,-0.01874985765206214
2023-03-31 00:00:00+00:00,-0.013485354960555121
2023-04-01 00:00:00+00:00,0.013690896524716098
2023-04-02 00:00:00+00:00,-0.0005293705383440054
2023-04-03 00:00:00+00:00,0.00034151374887124127
2023-04-04 00:00:00+00:00,0.019379650771232815
2023-04-05 00:00:00+00:00,0.0002212035245574678
2023-04-06 00:00:00+00:00,0.013558516717504349
2023-04-07 00:00:00+00:00,-0.0006884010453450811
2023-04-08 00:00:00+00:00,0.0010325292429177024
2023-04-09 00:00:00+00:00,-0.0010791128477097608
2023-04-10 00:00:00+00:00,-0.0017208448054359872
2023-04-11 00:00:00+00:00,0.004328161141474574
2023-04-12 00:00:00+00:00,0.0008684775334964036
2023-04-13 00:00:00+00:00,0.005482136716603196
2023-04-14 00:00:00+00:00,0.0007762616888437794
2023-04-15 00:00:00+00:00,-0.002678178217031016
2023-04-16 00:00:00+00:00,0.007349796557365472
2023-04-17 00:00:00+00:00,0.0030262143659980866
2023-04-18 00:00:00+00:00,-0.006758209602779319
2023-04-19 00:00:00+00:00,0.011324390823900153
2023-04-20 00:00:00+00:00,0.004664883927420774
2023-04-21 00:00:00+00:00,0.007436677004229991
2023-04-22 00:00:00+00:00,0.0014429084775030216
2023-04-23 00:00:00+00:00,0.0016356161628602137
2023-04-24 00:00:00+00:00,0.0
2023-04-25 00:00:00+00:00,0.0
2023-04-26 00:00:00+00:00,0.0
2023-04-27 00:00:00+00:00,0.0
2023-04-28 00:00:00+00:00,0.0
2023-04-29 00:00:00+00:00,-0.00023999999999999998
2023-04-30 00:00:00+00:00,-0.004702136971270025
2023-05-01 00:00:00+00:00,0.009154378378636004
2023-05-02 00:00:00+00:00,0.0010225042525149701
2023-05-03 00:00:00+00:00,1.787516518185657e-06
2023-05-04 00:00:00+00:00,0.0028069961697192412
2023-05-05 00:00:00+00:00,-0.004027609310836807
2023-05-06 00:00:00+00:00,-0.0012842374153049737
2023-05-07 00:00:00+00:00,0.0021397598169836983
2023-05-08 00:00:00+00:00,0.0019663719690350147
2023-05-09 00:00:00+00:00,0.0038135178889447084
2023-05-10 00:00:00+00:00,-0.0037193329930854057
2023-05-11 00:00:00+00:00,-0.004437568544932524
2023-05-12 00:00:00+00:00,0.008185347264516732
2023-05-13 00:00:00+00:00,-0.0025648078269999695
2023-05-14 00:00:00+00:00,0.006306561641097043
2023-05-15 00:00:00+00:00,0.003677395583266945
2023-05-16 00:00:00+00:00,0.0023074510029976333
2023-05-17 00:00:00+00:00,0.0006182192573686764
2023-05-18 00:00:00+00:00,0.0077516764052622585
2023-05-19 00:00:00+00:00,-0.00021634377752896664
2023-05-20 00:00:00+00:00,-0.00036301271200162336
2023-05-21 00:00:00+00:00,-0.0027916990451595167
2023-05-22 00:00:00+00:00,0.004742857392864305
2023-05-23 00:00:00+00:00,-0.002669220620269615
2023-05-24 00:00:00+00:00,0.0077898047921446095
2023-05-25 00:00:00+00:00,-0.0008866127271421569
2023-05-26 00:00:00+00:00,0.001035457629541325
2023-05-27 00:00:00+00:00,0.0004816915397566561
2023-05-28 00:00:00+00:00,0.007243666035604829
2023-05-29 00:00:00+00:00,0.002601969364115629
2023-05-30 00:00:00+00:00,-0.0022566923323239993
2023-05-31 00:00:00+00:00,0.0009439197142306153
2023-06-01 00:00:00+00:00,-0.008685447500970644
2023-06-02 00:00:00+00:00,-0.009298243813363114
2023-06-03 00:00:00+00:00,0.004135436823952008
2023-06-04 00:00:00+00:00,0.021261585645505218
2023-06-05 00:00:00+00:00,0.005247402239013659
2023-06-06 00:00:00+00:00,0.004439584283715055
2023-06-07 00:00:00+00:00,0.0025373076180716042
2023-06-08 00:00:00+00:00,-0.006633161806679231
2023-06-09 00:00:00+00:00,-0.013357337680462978
2023-06-10 00:00:00+00:00,-0.009569670352297372
2023-06-11 00:00:00+00:00,-0.006731975541466284
2023-06-12 00:00:00+00:00,0.0011398890541372817
2023-06-13 00:00:00+00:00,0.006477461744002447
2023-06-14 00:00:00+00:00,0.0007929538304948715
2023-06-15 00:00:00+00:00,0.010921269465101944
2023-06-16 00:00:00+00:00,0.0005870455644074242
2023-06-17 00:00:00+00:00,-0.002769698484274686
2023-06-18 00:00:00+00:00,-0.0034953629071573103
2023-06-19 00:00:00+00:00,-0.0026713396297141684
2023-06-20 00:00:00+00:00,0.0042007860211584255
2023-06-21 00:00:00+00:00,-0.0013812963960957401
2023-06-22 00:00:00+00:00,0.00452922924381037
2023-06-23 00:00:00+00:00,-0.03892848528910886
2023-06-24 00:00:00+00:00,-0.012489533866081481
2023-06-25 00:00:00+00:00,0.0019544366532361023
2023-06-26 00:00:00+00:00,-0.001984619706529432
2023-06-27 00:00:00+00:00,-0.027787442020682052
2023-06-28 00:00:00+00:00,0.01253730732330668
2023-06-29 00:00:00+00:00,-0.039497945218023175
2023-06-30 00:00:00+00:00,-0.061173484082506446
2023-07-01 00:00:00+00:00,0.023809669899944673
2023-07-02 00:00:00+00:00,-0.04564450930408549
2023-07-03 00:00:00+00:00,0.04218104546352472
2023-07-04 00:00:00+00:00,-0.002449769701305427
2023-07-05 00:00:00+00:00,0.008916682750828856
2023-07-06 00:00:00+00:00,0.0003857393691660296
2023-07-07 00:00:00+00:00,-0.005784814341256879
2023-07-08 00:00:00+00:00,0.006321391552043004
2023-07-09 00:00:00+00:00,-0.0002718905089527178
2023-07-10 00:00:00+00:00,-0.0037043212300786553
2023-07-11 00:00:00+00:00,-0.021338017010296438
2023-07-12 00:00:00+00:00,-0.012719815989029371
2023-07-13 00:00:00+00:00,0.01562583649604319
2023-07-14 00:00:00+00:00,-0.0003218445082710353
2023-07-15 00:00:00+00:00,-0.009020817818786636
2023-07-16 00:00:00+00:00,-0.002120816394180624
2023-07-17 00:00:00+00:00,0.002797080787270082
2023-07-18 00:00:00+00:00,0.01278886425547695
2023-07-19 00:00:00+00:00,0.005450245582988454
2023-07-20 00:00:00+00:00,-0.0315037075092298
2023-07-21 00:00:00+00:00,0.0014584127056020072
2023-07-22 00:00:00+00:00,0.009151890855383343
2023-07-23 00:00:00+00:00,0.0034147474227476287
2023-07-24 00:00:00+00:00,0.007673603981706035
2023-07-25 00:00:00+00:00,0.001267611642133146
2023-07-26 00:00:00+00:00,-0.009871212063700115
2023-07-27 00:00:00+00:00,-0.00238981118205605
2023-07-28 00:00:00+00:00,-0.0069278217205192855
2023-07-29 00:00:00+00:00,-0.013229677610190754
2023-07-30 00:00:00+00:00,0.0020058892929046544
2023-07-31 00:00:00+00:00,-0.00842420886032619
2023-08-01 00:00:00+00:00,-0.004774196174616524
2023-08-02 00:00:00+00:00,0.01745846641035932
2023-08-03 00:00:00+00:00,-0.0068125597478680775
2023-08-04 00:00:00+00:00,-0.003732076708549655
2023-08-05 00:00:00+00:00,-0.02250252259339828
2023-08-06 00:00:00+00:00,0.012824613876450966
2023-08-07 00:00:00+00:00,0.016952157451035798
2023-08-08 00:00:00+00:00,-0.006576100936447953
2023-08-09 00:00:00+00:00,-0.0016011786356034507
2023-08-10 00:00:00+00:00,-0.006556520982534781
2023-08-11 00:00:00+00:00,-0.008780144869333347
2023-08-12 00:00:00+00:00,-0.003601397187622652
2023-08-13 00:00:00+00:00,0.005953732216068867
2023-08-14 00:00:00+00:00,0.0013219151364820022
2023-08-15 00:00:00+00:00,0.00014268193413610324
2023-08-16 00:00:00+00:00,0.006349054290654537
2023-08-17 00:00:00+00:00,-0.0027924085489593477
2023-08-18 00:00:00+00:00,-0.0009631586084166057
2023-08-19 00:00:00+00:00,-0.007188998369161516
2023-08-20 00:00:00+00:00,0.005010704263875435
2023-08-21 00:00:00+00:00,0.00342012419725685
2023-08-22 00:00:00+00:00,-0.006919615856835414
2023-08-23 00:00:00+00:00,0.011809972555892013
2023-08-24 00:00:00+00:00,-0.006071581116506611
2023-08-25 00:00:00+00:00,-0.0035563621922718933
2023-08-26 00:00:00+00:00,-0.0018977176461592363
2023-08-27 00:00:00+00:00,0.008785486632095852
2023-08-28 00:00:00+00:00,4.980140736140504e-05
2023-08-29 00:00:00+00:00,0.0032671749764994805
2023-08-30 00:00:00+00:00,0.002633819213886733
2023-08-31 00:00:00+00:00,-0.0022617865669220367
2023-09-01 00:00:00+00:00,-0.0014216014247446674
2023-09-02 00:00:00+00:00,0.0029181580634573224
2023-09-03 00:00:00+00:00,-0.00047511397461947246
2023-09-04 00:00:00+00:00,-0.0001130180629774049
2023-09-05 00:00:00+00:00,0.0033516091995554206
2023-09-06 00:00:00+00:00,0.0006483152515285819
2023-09-07 00:00:00+00:00,-0.0030746537597892776
2023-09-08 00:00:00+00:00,0.0005854974131480097
2023-09-09 00:00:00+00:00,0.004483984655439613
2023-09-10 00:00:00+00:00,0.0008596388250615352
2023-09-11 00:00:00+00:00,-0.0026211687850176296
2023-09-12 00:00:00+00:00,0.0026912054239639433
2023-09-13 00:00:00+00:00,-0.0012040675882540996
2023-09-14 00:00:00+00:00,-0.00519203807341566
2023-09-15 00:00:00+00:00,-0.007582050095680947
2023-09-16 00:00:00+00:00,0.006510599557420743
2023-09-17 00:00:00+00:00,-0.00015905563277414657
2023-09-18 00:00:00+00:00,-0.006647253424416794
2023-09-19 00:00:00+00:00,-0.002202262988699238
2023-09-20 00:00:00+00:00,-0.006329934675230629
2023-09-21 00:00:00+00:00,0.0037253032979183537
2023-09-22 00:00:00+00:00,-0.005680398400810744
2023-09-23 00:00:00+00:00,-0.006841966785199114
2023-09-24 00:00:00+00:00,0.006742098569991027
2023-09-25 00:00:00+00:00,-0.007390453286509532
2023-09-26 00:00:00+00:00,0.009780353197324478
2023-09-27 00:00:00+00:00,-0.00425315111587866
2023-09-28 00:00:00+00:00,-0.0039170834593414815
2023-09-29 00:00:00+00:00,-0.0005181848360559339
2023-09-30 00:00:00+00:00,0.00772843313198199
2023-10-01 00:00:00+00:00,0.003979580754580536
2023-10-02 00:00:00+00:00,0.004786210732765662
2023-10-03 00:00:00+00:00,0.0071175958603842265
2023-10-04 00:00:00+00:00,0.001553794815422987
2023-10-05 00:00:00+00:00,-0.00562482600989855
2023-10-06 00:00:00+00:00,-0.007487259519209216
2023-10-07 00:00:00+00:00,0.007889754090994728
2023-10-08 00:00:00+00:00,0.002538499031109011
2023-10-09 00:00:00+00:00,-0.004875046280468166
2023-10-10 00:00:00+00:00,0.0021140440474752722
2023-10-11 00:00:00+00:00,-0.001198205363046063
2023-10-12 00:00:00+00:00,0.0018649033173871218
2023-10-13 00:00:00+00:00,0.0035332162985187445
2023-10-14 00:00:00+00:00,-9.21728495851269e-05
2023-10-15 00:00:00+00:00,-4.255394199294987e-06
2023-10-16 00:00:00+00:00,0.0010651742041993123
2023-10-17 00:00:00+00:00,-0.0029177444859611215
2023-10-18 00:00:00+00:00,-0.0045085864805988075
2023-10-19 00:00:00+00:00,0.008040773462518806
2023-10-20 00:00:00+00:00,-0.0022844441598882997
2023-10-21 00:00:00+00:00,0.005223143760505945
2023-10-22 00:00:00+00:00,-0.013650035979620861
2023-10-23 00:00:00+00:00,0.0040658954064508234
2023-10-24 00:00:00+00:00,0.004425468953173486
2023-10-25 00:00:00+00:00,-0.019530708799356325
2023-10-26 00:00:00+00:00,0.010810873250562167
2023-10-27 00:00:00+00:00,-0.007155471124291249
2023-10-28 00:00:00+00:00,0.006816630585724478
2023-10-29 00:00:00+00:00,-0.0060899125006396255
2023-10-30 00:00:00+00:00,0.006509484136966909
2023-10-31 00:00:00+00:00,0.0019133398422257625
2023-11-01 00:00:00+00:00,0.011860098923425991
2023-11-02 00:00:00+00:00,0.021150503430268836
2023-11-03 00:00:00+00:00,0.0015715973102061926
2023-11-04 00:00:00+00:00,-0.006244156904964089
2023-11-05 00:00:00+00:00,0.004257358319213416
2023-11-06 00:00:00+00:00,0.004025735820620949
2023-11-07 00:00:00+00:00,-0.005852098212192771
2023-11-08 00:00:00+00:00,0.0038964466865567147
2023-11-09 00:00:00+00:00,-0.002648296784016719
2023-11-10 00:00:00+00:00,-0.012989294586600402
2023-11-11 00:00:00+00:00,-0.0053149139914832125
2023-11-12 00:00:00+00:00,-0.0079206052661247
2023-11-13 00:00:00+00:00,0.030931861253183056
2023-11-14 00:00:00+00:00,-0.010349060889881884
2023-11-15 00:00:00+00:00,-0.01194065611108624
2023-11-16 00:00:00+00:00,-0.01025021095640626
2023-11-17 00:00:00+00:00,0.0036857650349190105
2023-11-18 00:00:00+00:00,-0.005323455739447347
2023-11-19 00:00:00+00:00,-0.0008429600018037976
2023-11-20 00:00:00+00:00,0.0030000145964847245
2023-11-21 00:00:00+00:00,-0.005900637667726283
2023-11-22 00:00:00+00:00,-0.02250920244302853
2023-11-23 00:00:00+00:00,-0.0024753074082968186
2023-11-24 00:00:00+00:00,0.007399847772669293
2023-11-25 00:00:00+00:00,0.009233383106782848
2023-11-26 00:00:00+00:00,-0.0038973404492053795
2023-11-27 00:00:00+00:00,-0.004893999134070369
2023-11-28 00:00:00+00:00,0.014077612037487327
2023-11-29 00:00:00+00:00,-0.0055422553555366065
2023-11-30 00:00:00+00:00,0.00023445959258181805
2023-12-01 00:00:00+00:00,0.0028020070646193693
2023-12-02 00:00:00+00:00,0.0021671642991966103
2023-12-03 00:00:00+00:00,0.0005021291492268484
2023-12-04 00:00:00+00:00,0.0057400011000134895
2023-12-05 00:00:00+00:00,-0.0038090128386345764
2023-12-06 00:00:00+00:00,-0.0023366668159322036
2023-12-07 00:00:00+00:00,0.006266321430554997
2023-12-08 00:00:00+00:00,-0.012651805158338799
2023-12-09 00:00:00+00:00,-0.008989672117349504
2023-12-10 00:00:00+00:00,-0.01997295101571022
2023-12-11 00:00:00+00:00,-0.006684227685360447
2023-12-12 00:00:00+00:00,0.019762327103326073
2023-12-13 00:00:00+00:00,-0.015374195680580016
2023-12-14 00:00:00+00:00,0.01929706922383104
2023-12-15 00:00:00+00:00,0.0016659943407363847
2023-12-16 00:00:00+00:00,0.014495861688950177
2023-12-17 00:00:00+00:00,0.007489672177822525
2023-12-18 00:00:00+00:00,-0.003163438403859592
2023-12-19 00:00:00+00:00,0.008999753764532586
2023-12-20 00:00:00+00:00,0.0009339166290483952
2023-12-21 00:00:00+00:00,0.016180426455026303
2023-12-22 00:00:00+00:00,0.005961779494039601
2023-12-23 00:00:00+00:00,0.0008158871727385137
2023-12-24 00:00:00+00:00,0.008597319185876024
2023-12-25 00:00:00+00:00,0.004986479638708829
2023-12-26 00:00:00+00:00,-0.021921831067721963
2023-12-27 00:00:00+00:00,0.021577978758468466
2023-12-28 00:00:00+00:00,0.01651702605220761
2023-12-29 00:00:00+00:00,-0.0032628303746121646
2023-12-30 00:00:00+00:00,0.006274718767373194
2023-12-31 00:00:00+00:00,-0.0013657533975545582
2024-01-01 00:00:00+00:00,-0.002344138535699286
2024-01-02 00:00:00+00:00,0.0013069172520012926
2024-01-03 00:00:00+00:00,-0.017284541575107067
2024-01-04 00:00:00+00:00,-0.003832801445298139
2024-01-05 00:00:00+00:00,0.0032062942323114055
2024-01-06 00:00:00+00:00,0.010203362228860592
2024-01-07 00:00:00+00:00,-0.0012799995505084441
2024-01-08 00:00:00+00:00,-0.0035270288399027877
2024-01-09 00:00:00+00:00,-0.0016972515011833764
2024-01-10 00:00:00+00:00,-0.013783919526068519
2024-01-11 00:00:00+00:00,0.0019771896185752707
2024-01-12 00:00:00+00:00,-1.9882216277401514e-06
2024-01-13 00:00:00+00:00,-0.00028858691678265903
2024-01-14 00:00:00+00:00,0.0053875771957958354
2024-01-15 00:00:00+00:00,0.009656556522468704
2024-01-16 00:00:00+00:00,0.0003833756766855475
2024-01-17 00:00:00+00:00,0.007912935974464488
2024-01-18 00:00:00+00:00,-0.004192833806110561
2024-01-19 00:00:00+00:00,-0.012114190026573032
2024-01-20 00:00:00+00:00,0.005622369111737141
2024-01-21 00:00:00+00:00,0.012201509824063872
2024-01-22 00:00:00+00:00,-0.0025784665802848035
2024-01-23 00:00:00+00:00,0.0006134995172827233
2024-01-24 00:00:00+00:00,0.002161242375969969
2024-01-25 00:00:00+00:00,5.462015962783024e-05
2024-01-26 00:00:00+00:00,0.0006471323963438584
2024-01-27 00:00:00+00:00,-0.00018047555504135428
2024-01-28 00:00:00+00:00,0.005879538466807624
2024-01-29 00:00:00+00:00,8.622536776115749e-05
2024-01-30 00:00:00+00:00,-0.0011593589822625357
2024-01-31 00:00:00+00:00,0.0009921735063286134
2024-02-01 00:00:00+00:00,0.0006540970975607241
2024-02-02 00:00:00+00:00,-0.0014905290844170892
2024-02-03 00:00:00+00:00,0.003817473879349941
2024-02-04 00:00:00+00:00,0.003408174210781552
2024-02-05 00:00:00+00:00,-0.0011766523379582096
2024-02-06 00:00:00+00:00,0.00016841193364889277
2024-02-07 00:00:00+00:00,0.0010297059023383023
2024-02-08 00:00:00+00:00,0.0011118311211398219
2024-02-09 00:00:00+00:00,0.0006392592941452061
2024-02-10 00:00:00+00:00,0.0006732504432408332
2024-02-11 00:00:00+00:00,0.0015307756235060845
2024-02-12 00:00:00+00:00,-0.00047999999999999996
2024-02-13 00:00:00+00:00,0.004658597025669704
2024-02-14 00:00:00+00:00,1.7531455342504816e-05
2024-02-15 00:00:00+00:00,0.005716232976917817
2024-02-16 00:00:00+00:00,0.0030477212025990853
2024-02-17 00:00:00+00:00,-0.003281220984630595
2024-02-18 00:00:00+00:00,0.013432311992735183
2024-02-19 00:00:00+00:00,-0.012184190805754974
2024-02-20 00:00:00+00:00,-0.006011325025303377
2024-02-21 00:00:00+00:00,-0.002537668591519154
2024-02-22 00:00:00+00:00,-0.008743123545159083
2024-02-23 00:00:00+00:00,-0.057432082098615965
2024-02-24 00:00:00+00:00,0.019033810298250388
2024-02-25 00:00:00+00:00,0.0038305894300597553
2024-02-26 00:00:00+00:00,0.009788730090513792
2024-02-27 00:00:00+00:00,-0.009372307536621079
2024-02-28 00:00:00+00:00,-0.029810713356683987
2024-02-29 00:00:00+00:00,0.006334184002877476
2024-03-01 00:00:00+00:00,-0.02862606795157848
2024-03-02 00:00:00+00:00,-0.006006818277898196
2024-03-03 00:00:00+00:00,0.026183754987803665
2024-03-04 00:00:00+00:00,-0.04705582072064587
2024-03-05 00:00:00+00:00,-0.0262982129769687
2024-03-06 00:00:00+00:00,0.00829720889415043
2024-03-07 00:00:00+00:00,0.021067667872923836
2024-03-08 00:00:00+00:00,0.009049569963579557
2024-03-09 00:00:00+00:00,0.0069949718882759485
2024-03-10 00:00:00+00:00,-3.6030213754140174e-05
2024-03-11 00:00:00+00:00,-0.0002570355297914946
2024-03-12 00:00:00+00:00,0.004205384057828021
2024-03-13 00:00:00+00:00,0.010793065905086788
2024-03-14 00:00:00+00:00,-0.008622498125625978
2024-03-15 00:00:00+00:00,0.007620122836207092
2024-03-16 00:00:00+00:00,-0.0010143596976962168
2024-03-17 00:00:00+00:00,-0.010258425344374333
2024-03-18 00:00:00+00:00,0.005426163526110438
2024-03-19 00:00:00+00:00,0.002440744638212651
2024-03-20 00:00:00+00:00,0.001209092232446967
2024-03-21 00:00:00+00:00,0.009289896545826442
2024-03-22 00:00:00+00:00,-0.004151297181563813
2024-03-23 00:00:00+00:00,-0.0024376271207578537
2024-03-24 00:00:00+00:00,-0.00031732700184262247
2024-03-25 00:00:00+00:00,-0.0001957061821477847
2024-03-26 00:00:00+00:00,-0.00017239499069505865
2024-03-27 00:00:00+00:00,-8.367272987272814e-05
2024-03-28 00:00:00+00:00,0.002009964189680789
2024-03-29 00:00:00+00:00,-0.00023999999999999998
2024-03-30 00:00:00+00:00,0.00504199901949648
2024-03-31 00:00:00+00:00,-0.000507342778679718
2024-04-01 00:00:00+00:00,0.003078673237384581
2024-04-02 00:00:00+00:00,-0.013074336232588446
2024-04-03 00:00:00+00:00,0.00617604972395022
2024-04-04 00:00:00+00:00,-0.0016353403345554887
2024-04-05 00:00:00+00:00,0.0015524943782234128
2024-04-06 00:00:00+00:00,0.0010261647130831743
2024-04-07 00:00:00+00:00,0.0009034917752620032
2024-04-08 00:00:00+00:00,-0.0020715122654134327
2024-04-09 00:00:00+00:00,0.005362653761224306
2024-04-10 00:00:00+00:00,-0.021318553243029646
2024-04-11 00:00:00+00:00,-0.0035526394633878717
2024-04-12 00:00:00+00:00,0.002507440856851424
2024-04-13 00:00:00+00:00,-0.004973790934327552
2024-04-14 00:00:00+00:00,0.0013331860248898264
2024-04-15 00:00:00+00:00,0.002413729830257761
2024-04-16 00:00:00+00:00,-0.0023708878842679877
2024-04-17 00:00:00+00:00,-0.006394700407226127
2024-04-18 00:00:00+00:00,0.0045497555006830896
2024-04-19 00:00:00+00:00,0.002121851688661719
2024-04-20 00:00:00+00:00,0.003877382736114636
2024-04-21 00:00:00+00:00,-0.0005734842109628383
2024-04-22 00:00:00+00:00,0.00817904929841349
2024-04-23 00:00:00+00:00,-0.007897418028090804
2024-04-24 00:00:00+00:00,-0.006212738098924675
2024-04-25 00:00:00+00:00,-0.0020984231848890636
2024-04-26 00:00:00+00:00,0.0029121034692605194
2024-04-27 00:00:00+00:00,0.002159135247266383
2024-04-28 00:00:00+00:00,0.003635168770511829
2024-04-29 00:00:00+00:00,0.0013867239484742088
2024-04-30 00:00:00+00:00,0.009239657988887554
2024-05-01 00:00:00+00:00,-0.00010078919077087063
2024-05-02 00:00:00+00:00,0.005220053825914968
2024-05-03 00:00:00+00:00,-0.0003277525053010478
2024-05-04 00:00:00+00:00,0.0040731323955314385
2024-05-05 00:00:00+00:00,-0.009392119693353951
2024-05-06 00:00:00+00:00,0.0016807025395766972
2024-05-07 00:00:00+00:00,-0.0033144138413024465
2024-05-08 00:00:00+00:00,-0.006252562556456368
2024-05-09 00:00:00+00:00,0.004012184090473432
2024-05-10 00:00:00+00:00,0.005488043249353147
2024-05-11 00:00:00+00:00,0.004258148129373614
2024-05-12 00:00:00+00:00,0.0008069213481823774
2024-05-13 00:00:00+00:00,-0.002157317260248063
2024-05-14 00:00:00+00:00,0.0030029847513932265
2024-05-15 00:00:00+00:00,0.0010062988698123082
2024-05-16 00:00:00+00:00,-0.0014177009720526606
2024-05-17 00:00:00+00:00,0.003511150429745121
2024-05-18 00:00:00+00:00,-0.005676938177304972
2024-05-19 00:00:00+00:00,-0.0036928582017922234
2024-05-20 00:00:00+00:00,-0.02760954811360881
2024-05-21 00:00:00+00:00,-0.0016320412430143312
2024-05-22 00:00:00+00:00,0.00412065765018649
2024-05-23 00:00:00+00:00,0.0016075108101231944
2024-05-24 00:00:00+00:00,-0.0311112664833904
2024-05-25 00:00:00+00:00,-0.03064902902874032
2024-05-26 00:00:00+00:00,-0.004150227414161814
2024-05-27 00:00:00+00:00,0.019488768824755625
2024-05-28 00:00:00+00:00,-0.013305856925526327
2024-05-29 00:00:00+00:00,0.005026799409421433
2024-05-30 00:00:00+00:00,0.004718898123097051
2024-05-31 00:00:00+00:00,0.02296433616028183
2024-06-01 00:00:00+00:00,-0.001469815540051836
2024-06-02 00:00:00+00:00,0.01770174019531829
2024-06-03 00:00:00+00:00,0.0021857207829107184
2024-06-04 00:00:00+00:00,0.0014816441957007543
2024-06-05 00:00:00+00:00,0.000521576814124889
2024-06-06 00:00:00+00:00,0.0030777464350372407
2024-06-07 00:00:00+00:00,-0.005439786337173857
2024-06-08 00:00:00+00:00,-0.009238609021438703
2024-06-09 00:00:00+00:00,0.0022478394352146483
2024-06-10 00:00:00+00:00,0.0029095924240042413
2024-06-11 00:00:00+00:00,0.010341874254308252
2024-06-12 00:00:00+00:00,-0.007946815753847609
2024-06-13 00:00:00+00:00,-0.017995163904690758
2024-06-14 00:00:00+00:00,0.000949148679028018
2024-06-15 00:00:00+00:00,0.003912486425177363
2024-06-16 00:00:00+00:00,-0.00288396138226365
2024-06-17 00:00:00+00:00,0.018750589202676287
2024-06-18 00:00:00+00:00,0.014946699364389054
2024-06-19 00:00:00+00:00,-0.000584464225705921
2024-06-20 00:00:00+00:00,0.009059091412825258
2024-06-21 00:00:00+00:00,0.005922859154082187
2024-06-22 00:00:00+00:00,-0.0013010699854281783
2024-06-23 00:00:00+00:00,-0.0034985554613452077
2024-06-24 00:00:00+00:00,0.0012797099598763628
2024-06-25 00:00:00+00:00,0.0038397042773777013
2024-06-26 00:00:00+00:00,-0.013447678951560594
2024-06-27 00:00:00+00:00,0.016599871870836853
2024-06-28 00:00:00+00:00,0.0022366307455319026
2024-06-29 00:00:00+00:00,0.002187934579390995
2024-06-30 00:00:00+00:00,-0.0015130461537238367
2024-07-01 00:00:00+00:00,-0.01063539305476858
2024-07-02 00:00:00+00:00,0.015431101046871393
2024-07-03 00:00:00+00:00,0.009198323882035975
2024-07-04 00:00:00+00:00,0.005072288185757077
2024-07-05 00:00:00+00:00,-0.01039862993526548
2024-07-06 00:00:00+00:00,0.014887953237773121
2024-07-07 00:00:00+00:00,-0.016089950155982517
2024-07-08 00:00:00+00:00,0.013349551876656308
2024-07-09 00:00:00+00:00,-0.00024168508519245533
2024-07-10 00:00:00+00:00,0.004860261774303365
2024-07-11 00:00:00+00:00,-0.0003593341971304384
2024-07-12 00:00:00+00:00,0.009639108949680463
2024-07-13 00:00:00+00:00,0.02333043354122396
2024-07-14 00:00:00+00:00,-0.00130939932282228
2024-07-15 00:00:00+00:00,0.006687135007040335
2024-07-16 00:00:00+00:00,0.0034648094785604245
2024-07-17 00:00:00+00:00,-0.027307033294392297
2024-07-18 00:00:00+00:00,0.03000633191051557
2024-07-19 00:00:00+00:00,-0.00040591148823360194
2024-07-20 00:00:00+00:00,-0.010741978752833923
2024-07-21 00:00:00+00:00,0.0010342432307203482
2024-07-22 00:00:00+00:00,-0.010789588343646624
2024-07-23 00:00:00+00:00,0.00134523590760912
2024-07-24 00:00:00+00:00,-0.014530164467718298
2024-07-25 00:00:00+00:00,-0.0014924469790243144
2024-07-26 00:00:00+00:00,0.0072527316676809315
2024-07-27 00:00:00+00:00,0.007807975448281559
2024-07-28 00:00:00+00:00,-0.007276232729941015
2024-07-29 00:00:00+00:00,-0.0004523211532940559
2024-07-30 00:00:00+00:00,0.00014871208103559158
2024-07-31 00:00:00+00:00,0.001528722192379648
2024-08-01 00:00:00+00:00,0.016744246297818233
2024-08-02 00:00:00+00:00,-0.0193988008390726
2024-08-03 00:00:00+00:00,0.028883697461810583
2024-08-04 00:00:00+00:00,0.0030688531957489356
2024-08-05 00:00:00+00:00,-0.026368727414516298
2024-08-06 00:00:00+00:00,0.01067210035476802
2024-08-07 00:00:00+00:00,0.004513799949710168
2024-08-08 00:00:00+00:00,0.03589534145251026
2024-08-09 00:00:00+00:00,0.006678585772372167
2024-08-10 00:00:00+00:00,-0.0008539733403003045
2024-08-11 00:00:00+00:00,0.006468179115144362
2024-08-12 00:00:00+00:00,0.009109128942512163
2024-08-13 00:00:00+00:00,0.0011985244320127208
2024-08-14 00:00:00+00:00,0.0005225243366971929
2024-08-15 00:00:00+00:00,-0.004349015516790365
2024-08-16 00:00:00+00:00,-0.0037778143957289956
2024-08-17 00:00:00+00:00,0.007177553536291778
2024-08-18 00:00:00+00:00,-0.0043046057052539355
2024-08-19 00:00:00+00:00,0.01910314833008373
2024-08-20 00:00:00+00:00,0.0024162692249965556
2024-08-21 00:00:00+00:00,-0.007978989697848434
2024-08-22 00:00:00+00:00,0.01303650636108963
2024-08-23 00:00:00+00:00,0.002722427060135744
2024-08-24 00:00:00+00:00,0.018653704104671036
2024-08-25 00:00:00+00:00,6.201017450696949e-05
2024-08-26 00:00:00+00:00,0.004446681905861134
2024-08-27 00:00:00+00:00,-0.0008417826690624187
2024-08-28 00:00:00+00:00,-0.011584446218715542
2024-08-29 00:00:00+00:00,0.008524545210894895
2024-08-30 00:00:00+00:00,-0.0035044605655974496
2024-08-31 00:00:00+00:00,0.004936721246105574
2024-09-01 00:00:00+00:00,0.003481512066013069
2024-09-02 00:00:00+00:00,0.0038698348374821903
2024-09-03 00:00:00+00:00,0.009446375365203244
2024-09-04 00:00:00+00:00,-0.0031908649276905453
2024-09-05 00:00:00+00:00,-0.002556723689045485
2024-09-06 00:00:00+00:00,0.0008877437810404967
2024-09-07 00:00:00+00:00,-0.006408810739294393
2024-09-08 00:00:00+00:00,0.0026649852660581585
2024-09-09 00:00:00+00:00,0.004649092956720638
2024-09-10 00:00:00+00:00,0.0004152966130568021
2024-09-11 00:00:00+00:00,-0.004583182449904628
2024-09-12 00:00:00+00:00,0.007228837763537621
2024-09-13 00:00:00+00:00,0.0037271398000164003
2024-09-14 00:00:00+00:00,0.009683625906273835
2024-09-15 00:00:00+00:00,-0.003127927141467879
2024-09-16 00:00:00+00:00,-0.0008572630512768013
2024-09-17 00:00:00+00:00,0.0062174433595136025
2024-09-18 00:00:00+00:00,0.003953660742887157
2024-09-19 00:00:00+00:00,-0.0029503642196058366
2024-09-20 00:00:00+00:00,0.011957012623430565
2024-09-21 00:00:00+00:00,-0.006547914633030316
2024-09-22 00:00:00+00:00,-0.00023999999999999998
2024-09-23 00:00:00+00:00,-0.007586155237377682
2024-09-24 00:00:00+00:00,0.013536396787349553
2024-09-25 00:00:00+00:00,-0.0007754115120155107
2024-09-26 00:00:00+00:00,0.011901424257546218
2024-09-27 00:00:00+00:00,-0.0031253495000472587
2024-09-28 00:00:00+00:00,0.014905507011332558
2024-09-29 00:00:00+00:00,0.010139320128337499
2024-09-30 00:00:00+00:00,-0.004421339921645275
2024-10-01 00:00:00+00:00,0.0022026382871371763
2024-10-02 00:00:00+00:00,0.017403967563451674
2024-10-03 00:00:00+00:00,0.0
2024-10-04 00:00:00+00:00,0.0
2024-10-05 00:00:00+00:00,0.0
2024-10-06 00:00:00+00:00,0.0
2024-10-07 00:00:00+00:00,-0.00047999999999999996
2024-10-08 00:00:00+00:00,0.0030876556459655882
2024-10-09 00:00:00+00:00,-0.0023391357896536884
2024-10-10 00:00:00+00:00,-0.024759607802176394
2024-10-11 00:00:00+00:00,0.010145445127091405
2024-10-12 00:00:00+00:00,-0.0054253118589653185
2024-10-13 00:00:00+00:00,0.00713025262300602
2024-10-14 00:00:00+00:00,-0.0013295554758232272
2024-10-15 00:00:00+00:00,0.01660189356272797
2024-10-16 00:00:00+00:00,0.0073770034893031276
2024-10-17 00:00:00+00:00,-0.0026367626695897478
2024-10-18 00:00:00+00:00,-0.0015708883941472928
2024-10-19 00:00:00+00:00,-0.0016746074646637396
2024-10-20 00:00:00+00:00,0.003832447163675872
2024-10-21 00:00:00+00:00,0.0023270876142511545
2024-10-22 00:00:00+00:00,0.0007993420162121211
2024-10-23 00:00:00+00:00,-0.00045504034655805827
2024-10-24 00:00:00+00:00,-0.003340705347916505
2024-10-25 00:00:00+00:00,-0.002022149828833321
2024-10-26 00:00:00+00:00,0.007112757077904834
2024-10-27 00:00:00+00:00,-0.0012244329451678356
2024-10-28 00:00:00+00:00,0.011389185211699213
2024-10-29 00:00:00+00:00,-0.006395593851801444
2024-10-30 00:00:00+00:00,0.0036546453391423754
2024-10-31 00:00:00+00:00,0.0019445279029399
2024-11-01 00:00:00+00:00,0.0043139117866479336
2024-11-02 00:00:00+00:00,0.0012938982710604175
2024-11-03 00:00:00+00:00,-0.0013535101431163415
2024-11-04 00:00:00+00:00,-5.617032440462669e-05
2024-11-05 00:00:00+00:00,0.000775645612474752
2024-11-06 00:00:00+00:00,0.028882306649027766
2024-11-07 00:00:00+00:00,0.013024376303326224
2024-11-08 00:00:00+00:00,0.005434145320815598
2024-11-09 00:00:00+00:00,-0.009703156606088378
2024-11-10 00:00:00+00:00,0.029385882742939427
2024-11-11 00:00:00+00:00,-0.006508983616406154
2024-11-12 00:00:00+00:00,-0.04387239995561952
2024-11-13 00:00:00+00:00,0.034008255379991505
2024-11-14 00:00:00+00:00,-0.04465956565251232
2024-11-15 00:00:00+00:00,-0.046032178990278214
2024-11-16 00:00:00+00:00,-0.16358992674012168
2024-11-17 00:00:00+00:00,0.04856974674368839
2024-11-18 00:00:00+00:00,-0.027444929956982993
2024-11-19 00:00:00+00:00,-0.0006554831887409261
2024-11-20 00:00:00+00:00,-0.03684804439897439
2024-11-21 00:00:00+00:00,-0.017779283218338708
2024-11-22 00:00:00+00:00,-0.09189535230089316
2024-11-23 00:00:00+00:00,-0.16206489840485244
2024-11-24 00:00:00+00:00,0.03571846124719262
2024-11-25 00:00:00+00:00,0.06001939900816357
2024-11-26 00:00:00+00:00,0.022414794818923698
2024-11-27 00:00:00+00:00,-0.012714610281416776
2024-11-28 00:00:00+00:00,-0.023386774954125073
2024-11-29 00:00:00+00:00,-0.03687143536942811
2024-11-30 00:00:00+00:00,0.06367270364865077
2024-12-01 00:00:00+00:00,-0.03973812579794768
2024-12-02 00:00:00+00:00,0.043332582880360786
2024-12-03 00:00:00+00:00,0.06888356438065071
2024-12-04 00:00:00+00:00,0.052365003232048624
2024-12-05 00:00:00+00:00,-0.001135336695877489
2024-12-06 00:00:00+00:00,0.016487967696721284
2024-12-07 00:00:00+00:00,-0.02687832562311765
2024-12-08 00:00:00+00:00,-0.005879355664505615
2024-12-09 00:00:00+00:00,-0.009018289641918776
2024-12-10 00:00:00+00:00,-0.003412222710922311
2024-12-11 00:00:00+00:00,0.007967045721619485
2024-12-12 00:00:00+00:00,-0.008349383016839181
2024-12-13 00:00:00+00:00,0.0025950874980477617
2024-12-14 00:00:00+00:00,-0.0025150175780236884
2024-12-15 00:00:00+00:00,0.002150276365706037
2024-12-16 00:00:00+00:00,-0.006126023931894752
2024-12-17 00:00:00+00:00,0.0063464451123842166
2024-12-18 00:00:00+00:00,-0.0061561950255581855
2024-12-19 00:00:00+00:00,-0.00614673470618632
2024-12-20 00:00:00+00:00,-0.0035509968999617807
2024-12-21 00:00:00+00:00,0.004565181746732792
2024-12-22 00:00:00+00:00,-0.012450158366576855
2024-12-23 00:00:00+00:00,-0.0021286296890030885
2024-12-24 00:00:00+00:00,0.011764990961389048
2024-12-25 00:00:00+00:00,-0.003337376114993129
2024-12-26 00:00:00+00:00,0.00020631984599567762
2024-12-27 00:00:00+00:00,0.005559574322624358
2024-12-28 00:00:00+00:00,-0.006635646598676092
2024-12-29 00:00:00+00:00,0.003621231806560164
2024-12-30 00:00:00+00:00,-0.0007697538954369799
2024-12-31 00:00:00+00:00,0.0013894904286734181
2025-01-01 00:00:00+00:00,-0.00520109361030644
2025-01-02 00:00:00+00:00,0.016125901197636638
2025-01-03 00:00:00+00:00,0.005556787647310271
2025-01-04 00:00:00+00:00,0.00701504345498469
2025-01-05 00:00:00+00:00,-0.007412636472110099
2025-01-06 00:00:00+00:00,0.0004939841830632771
2025-01-07 00:00:00+00:00,-0.0006087560284599072
2025-01-08 00:00:00+00:00,-0.008120975342330949
2025-01-09 00:00:00+00:00,-0.003591389518181577
2025-01-10 00:00:00+00:00,0.011234987982515213
2025-01-11 00:00:00+00:00,-0.010514661418961473
2025-01-12 00:00:00+00:00,0.005688171262270418
2025-01-13 00:00:00+00:00,-0.0016273035363748947
2025-01-14 00:00:00+00:00,-0.0011174034730652102
2025-01-15 00:00:00+00:00,-0.005947586942232683
2025-01-16 00:00:00+00:00,-0.018852507898889304
2025-01-17 00:00:00+00:00,-0.021757403220108322
2025-01-18 00:00:00+00:00,0.020668537069930937
2025-01-19 00:00:00+00:00,0.03694324727479564
2025-01-20 00:00:00+00:00,-0.0032042928724726532
2025-01-21 00:00:00+00:00,-0.0017191495276131913
2025-01-22 00:00:00+00:00,0.004747502867021335
2025-01-23 00:00:00+00:00,0.007083011261404831
2025-01-24 00:00:00+00:00,-0.00948642092773113
2025-01-25 00:00:00+00:00,-0.017993538258802448
2025-01-26 00:00:00+00:00,0.014919241904529895
2025-01-27 00:00:00+00:00,0.005385601347979971
2025-01-28 00:00:00+00:00,0.008623126193840357
2025-01-29 00:00:00+00:00,-0.006771304824358263
2025-01-30 00:00:00+00:00,-0.019068762537697428
2025-01-31 00:00:00+00:00,0.0020668338304725593
2025-02-01 00:00:00+00:00,0.00950742007954688
2025-02-02 00:00:00+00:00,-0.00752134751491826
2025-02-03 00:00:00+00:00,0.004589909931217524
2025-02-04 00:00:00+00:00,0.00648377767751847
2025-02-05 00:00:00+00:00,0.001886384616473073
2025-02-06 00:00:00+00:00,-0.004714339385846703
2025-02-07 00:00:00+00:00,0.009129602684814192
2025-02-08 00:00:00+00:00,-0.00010840407346449782
2025-02-09 00:00:00+00:00,0.0074534729674449575
2025-02-10 00:00:00+00:00,0.0004903416072366392
2025-02-11 00:00:00+00:00,0.0053857828815452955
2025-02-12 00:00:00+00:00,0.007353849294670749
2025-02-13 00:00:00+00:00,-0.014962304794614042
2025-02-14 00:00:00+00:00,0.008232240954825339
2025-02-15 00:00:00+00:00,-0.023713689507773396
2025-02-16 00:00:00+00:00,0.019197462127449938
2025-02-17 00:00:00+00:00,0.013414381276288523
2025-02-18 00:00:00+00:00,-0.03179621280024787
2025-02-19 00:00:00+00:00,-0.012749817494349783
2025-02-20 00:00:00+00:00,0.01232128218691626
2025-02-21 00:00:00+00:00,-0.00480107862350283
2025-02-22 00:00:00+00:00,0.02964039411226973
2025-02-23 00:00:00+00:00,-0.005894758141676814
2025-02-24 00:00:00+00:00,0.012371512831828035
2025-02-25 00:00:00+00:00,0.000989232436418354
2025-02-26 00:00:00+00:00,0.0019769951526882436
2025-02-27 00:00:00+00:00,0.0010755660007877217
2025-02-28 00:00:00+00:00,-0.006097958732093232
2025-03-01 00:00:00+00:00,-0.0043564283622587975
2025-03-02 00:00:00+00:00,0.004595270319520917
2025-03-03 00:00:00+00:00,0.0034596760057814717
2025-03-04 00:00:00+00:00,0.003348352685509175
2025-03-05 00:00:00+00:00,0.0052153288699252455
2025-03-06 00:00:00+00:00,-0.005973397501594728
2025-03-07 00:00:00+00:00,0.006426419044887976
2025-03-08 00:00:00+00:00,-0.0018046770707070166
2025-03-09 00:00:00+00:00,-0.027373937741801958
2025-03-10 00:00:00+00:00,-0.017685294369499532
2025-03-11 00:00:00+00:00,0.009404129882065916
2025-03-12 00:00:00+00:00,0.004172266512254717
2025-03-13 00:00:00+00:00,-0.024263844208758274
2025-03-14 00:00:00+00:00,0.023606741772997982
2025-03-15 00:00:00+00:00,0.0009314448804652988
2025-03-16 00:00:00+00:00,0.0009112505949220286
2025-03-17 00:00:00+00:00,0.008194474202842883
2025-03-18 00:00:00+00:00,-0.015872081836043453
2025-03-19 00:00:00+00:00,0.01987851520622517
2025-03-20 00:00:00+00:00,0.003041359347220748
2025-03-21 00:00:00+00:00,-0.006897874095208352
2025-03-22 00:00:00+00:00,-0.006351859325013989
2025-03-23 00:00:00+00:00,-0.005788762934651875
2025-03-24 00:00:00+00:00,0.011226757055627968
2025-03-25 00:00:00+00:00,0.006895587324165722
2025-03-26 00:00:00+00:00,-0.014111067534010684
2025-03-27 00:00:00+00:00,0.0015048442463436375
2025-03-28 00:00:00+00:00,0.003443349403091025
2025-03-29 00:00:00+00:00,-0.002534791925210572
2025-03-30 00:00:00+00:00,0.008453165902463994
2025-03-31 00:00:00+00:00,-0.021258219251396458
2025-04-01 00:00:00+00:00,-0.009138540922487646
2025-04-02 00:00:00+00:00,-0.011194734567068567
2025-04-03 00:00:00+00:00,-0.012026079126553433
2025-04-04 00:00:00+00:00,0.016509960064514526
2025-04-05 00:00:00+00:00,-0.005251578318945067
2025-04-06 00:00:00+00:00,-0.05331077427204635
2025-04-07 00:00:00+00:00,0.0017491926909600803
2025-04-08 00:00:00+00:00,0.007217188944009778
2025-04-09 00:00:00+00:00,0.020074628586516423
2025-04-10 00:00:00+00:00,-0.027915518885573542
2025-04-11 00:00:00+00:00,0.01340327094596612
2025-04-12 00:00:00+00:00,-0.001036324576001449
2025-04-13 00:00:00+00:00,0.005640624145765771
2025-04-14 00:00:00+00:00,0.005223908667194428
2025-04-15 00:00:00+00:00,-0.010746059337050447
2025-04-16 00:00:00+00:00,-0.017942842232641823
2025-04-17 00:00:00+00:00,0.013731803483980159
2025-04-18 00:00:00+00:00,0.004063488512747767
2025-04-19 00:00:00+00:00,0.011304682055197676
2025-04-20 00:00:00+00:00,0.00014080558369309985
2025-04-21 00:00:00+00:00,-0.005935041982332585
2025-04-22 00:00:00+00:00,0.0018287791630365638
2025-04-23 00:00:00+00:00,0.001010704581686877
2025-04-24 00:00:00+00:00,0.0061833813018346085
2025-04-25 00:00:00+00:00,0.0008673321870405548
2025-04-26 00:00:00+00:00,0.0007783027999388933
2025-04-27 00:00:00+00:00,0.006833736873488741
2025-04-28 00:00:00+00:00,-0.004333475147711407
2025-04-29 00:00:00+00:00,-0.0024782869283242154
2025-04-30 00:00:00+00:00,0.010158713695946408
2025-05-01 00:00:00+00:00,-0.027783027696701636
2025-05-02 00:00:00+00:00,0.0037856467542867326
2025-05-03 00:00:00+00:00,-0.001983963656459388
2025-05-04 00:00:00+00:00,0.006254101462884269
2025-05-05 00:00:00+00:00,0.0043251457455933005
2025-05-06 00:00:00+00:00,-0.029544233586187456
2025-05-07 00:00:00+00:00,0.009864422353445363
2025-05-08 00:00:00+00:00,0.0020194947062725467
2025-05-09 00:00:00+00:00,-0.014273502407131638
2025-05-10 00:00:00+00:00,-0.017869422046969733
2025-05-11 00:00:00+00:00,0.02037227275974909
2025-05-12 00:00:00+00:00,-0.011715921389195808
2025-05-13 00:00:00+00:00,-0.005650423366431789
2025-05-14 00:00:00+00:00,0.007955316209744871
2025-05-15 00:00:00+00:00,-0.001843962793774486
2025-05-16 00:00:00+00:00,-0.0012733074026582618
2025-05-17 00:00:00+00:00,0.007901934614930491
2025-05-18 00:00:00+00:00,-0.010920967471978002
2025-05-19 00:00:00+00:00,-0.0022351937927459183
2025-05-20 00:00:00+00:00,0.004937624492567653
2025-05-21 00:00:00+00:00,0.006043356113393036
2025-05-22 00:00:00+00:00,0.00014154714111904235
2025-05-23 00:00:00+00:00,-0.0029840841316008298
2025-05-24 00:00:00+00:00,-0.0018848394222293814
2025-05-25 00:00:00+00:00,-0.0023954432252395992
2025-05-26 00:00:00+00:00,-0.0005202039267944399
2025-05-27 00:00:00+00:00,-0.0027240801522325593
2025-05-28 00:00:00+00:00,0.0014758854269062139
2025-05-29 00:00:00+00:00,0.0029712167546567417
2025-05-30 00:00:00+00:00,-0.01647075698646069
2025-05-31 00:00:00+00:00,0.008135403795920391
2025-06-01 00:00:00+00:00,0.004768367149256542
2025-06-02 00:00:00+00:00,0.0005412293248176793
2025-06-03 00:00:00+00:00,-0.013815217376160645
2025-06-04 00:00:00+00:00,-0.008027816681396741
2025-06-05 00:00:00+00:00,-0.005606969284853511
2025-06-06 00:00:00+00:00,0.006734790784925848
2025-06-07 00:00:00+00:00,-0.0026266125199039016
2025-06-08 00:00:00+00:00,-0.0029384500991265607
2025-06-09 00:00:00+00:00,-0.012893299068430755
2025-06-10 00:00:00+00:00,-0.025109046221717512
2025-06-11 00:00:00+00:00,0.0004461221608045053
2025-06-12 00:00:00+00:00,0.0002470136436235323
2025-06-13 00:00:00+00:00,-0.006593789151179657
2025-06-14 00:00:00+00:00,0.012112801717762068
2025-06-15 00:00:00+00:00,0.010631395919588473
2025-06-16 00:00:00+00:00,-0.012149339939330824
2025-06-17 00:00:00+00:00,0.0029813759802108696
2025-06-18 00:00:00+00:00,0.005445459631933619
2025-06-19 00:00:00+00:00,-0.004655844143821385
2025-06-20 00:00:00+00:00,-0.00010701153222736764
2025-06-21 00:00:00+00:00,-0.0019411877309733847
2025-06-22 00:00:00+00:00,0.0070164843114401175
2025-06-23 00:00:00+00:00,0.0075401366467079175
2025-06-24 00:00:00+00:00,-0.0007330316484357866
2025-06-25 00:00:00+00:00,-0.0014972289657014472
2025-06-26 00:00:00+00:00,-0.0012695753598042428
2025-06-27 00:00:00+00:00,0.005160777220738289
2025-06-28 00:00:00+00:00,-0.0013287701041463241
2025-06-29 00:00:00+00:00,-0.0018170807680572738
2025-06-30 00:00:00+00:00,0.0029928325722715994
2025-07-01 00:00:00+00:00,-1.362653942559716e-06
2025-07-02 00:00:00+00:00,0.003695996623748519
2025-07-03 00:00:00+00:00,-0.0050693532444589864
2025-07-04 00:00:00+00:00,0.006881125821583377
2025-07-05 00:00:00+00:00,-0.008911915568566431
2025-07-06 00:00:00+00:00,0.00250614265519551
2025-07-07 00:00:00+00:00,-0.005692055291249604
2025-07-08 00:00:00+00:00,-0.002328279184826314
2025-07-09 00:00:00+00:00,0.0067563545918765955
2025-07-10 00:00:00+00:00,0.004423980394292694
2025-07-11 00:00:00+00:00,-0.01239432668158338
2025-07-12 00:00:00+00:00,-0.0015760640608120304
2025-07-13 00:00:00+00:00,-0.003850047669707411
2025-07-14 00:00:00+00:00,0.00033317019505750697
2025-07-15 00:00:00+00:00,-0.006496781894364112
2025-07-16 00:00:00+00:00,0.013425843040833227
2025-07-17 00:00:00+00:00,-0.007605824733931237
2025-07-18 00:00:00+00:00,-0.0060451136523713405
2025-07-19 00:00:00+00:00,-0.017922906274762986
2025-07-20 00:00:00+00:00,-0.006180528105813503
2025-07-21 00:00:00+00:00,0.008372751896586744
2025-07-22 00:00:00+00:00,-0.012591723313282514
2025-07-23 00:00:00+00:00,0.021365756219929567
2025-07-24 00:00:00+00:00,-0.00952562621305709
2025-07-25 00:00:00+00:00,-0.01455293152038432
2025-07-26 00:00:00+00:00,0.010964073038837301
2025-07-27 00:00:00+00:00,0.008387340931923493
2025-07-28 00:00:00+00:00,-0.00036787426171633645
2025-07-29 00:00:00+00:00,0.0015629651908971947
2025-07-30 00:00:00+00:00,-0.0054181015318405645
2025-07-31 00:00:00+00:00,0.018949722168154583
2025-08-01 00:00:00+00:00,0.00030960561378659996
2025-08-02 00:00:00+00:00,0.0007735248540627654
2025-08-03 00:00:00+00:00,0.003336711403582724
2025-08-04 00:00:00+00:00,-0.0011826075772196887
2025-08-05 00:00:00+00:00,-0.0031005414439390835
2025-08-06 00:00:00+00:00,0.009841614636211206
2025-08-07 00:00:00+00:00,0.001553874534438518
2025-08-08 00:00:00+00:00,0.0005528145336147047
2025-08-09 00:00:00+00:00,0.02399170358233118
2025-08-10 00:00:00+00:00,-0.005712350497266432
2025-08-11 00:00:00+00:00,0.003040417136052913
2025-08-12 00:00:00+00:00,0.0012408667178848358
2025-08-13 00:00:00+00:00,-0.0001634199738613375
2025-08-14 00:00:00+00:00,0.006908625817813102
2025-08-15 00:00:00+00:00,0.0
2025-08-16 00:00:00+00:00,0.0
2025-08-17 00:00:00+00:00,-0.00023999999999999998
2025-08-18 00:00:00+00:00,0.0010141440134916317
2025-08-19 00:00:00+00:00,0.000746728942474039
2025-08-20 00:00:00+00:00,-0.001625739898386546
2025-08-21 00:00:00+00:00,-0.0007411774911449447
2025-08-22 00:00:00+00:00,-0.0025332979106156687
2025-08-23 00:00:00+00:00,-0.008675306410285646
2025-08-24 00:00:00+00:00,-0.0013500509251363985
2025-08-25 00:00:00+00:00,0.0032620550481886543
2025-08-26 00:00:00+00:00,0.009886545912789443
2025-08-27 00:00:00+00:00,-0.004947242447939019
2025-08-28 00:00:00+00:00,-0.003827950624283439
2025-08-29 00:00:00+00:00,0.0027197255132012043
2025-08-30 00:00:00+00:00,0.0028629181852314945
2025-08-31 00:00:00+00:00,-0.0011058926536631835
2025-09-01 00:00:00+00:00,0.004760644241199994
2025-09-02 00:00:00+00:00,0.000702437544066975
2025-09-03 00:00:00+00:00,-0.00039502062432735554
2025-09-04 00:00:00+00:00,-0.006308118911411277
2025-09-05 00:00:00+00:00,0.000647499553391806
2025-09-06 00:00:00+00:00,0.0005742682937765204
2025-09-07 00:00:00+00:00,-0.003916061421237535
2025-09-08 00:00:00+00:00,0.02159726335585321
2025-09-09 00:00:00+00:00,-0.0002759621653414012
2025-09-10 00:00:00+00:00,0.002655976038448647
2025-09-11 00:00:00+00:00,0.01207637551643482
2025-09-12 00:00:00+00:00,-0.0017221610719334254
2025-09-13 00:00:00+00:00,-0.00028270127460569246
2025-09-14 00:00:00+00:00,0.0013714700833092179
2025-09-15 00:00:00+00:00,-0.004227849757094788
2025-09-16 00:00:00+00:00,0.003114550547367438
2025-09-17 00:00:00+00:00,-0.0015909060470780348
2025-09-18 00:00:00+00:00,-0.009487037841609305
2025-09-19 00:00:00+00:00,-0.00046701507948490454
2025-09-20 00:00:00+00:00,0.0033235429773044883
2025-09-21 00:00:00+00:00,-0.0029811376000242556
2025-09-22 00:00:00+00:00,-0.01076473913620706
2025-09-23 00:00:00+00:00,-0.0011779855243961332
2025-09-24 00:00:00+00:00,-0.004870443312273461
2025-09-25 00:00:00+00:00,-0.0028100742771335315
2025-09-26 00:00:00+00:00,-0.0009030284349245681
2025-09-27 00:00:00+00:00,0.01643936771621867
2025-09-28 00:00:00+00:00,0.0025257336737993198
2025-09-29 00:00:00+00:00,-0.004215111668105115
2025-09-30 00:00:00+00:00,0.002357021025949739
2025-10-01 00:00:00+00:00,-0.0019649342881278256
2025-10-02 00:00:00+00:00,0.0007318908898046178
2025-10-03 00:00:00+00:00,-0.0008554186352748222
2025-10-04 00:00:00+00:00,-0.01229035610519109
2025-10-05 00:00:00+00:00,0.012072725203341265
2025-10-06 00:00:00+00:00,0.007798472069915965
2025-10-07 00:00:00+00:00,-0.004380853003307751
2025-10-08 00:00:00+00:00,0.007919353181140327
2025-10-09 00:00:00+00:00,-0.023782683590693843
2025-10-10 00:00:00+00:00,0.05103667234372813
2025-10-11 00:00:00+00:00,0.08149026060562053
2025-10-12 00:00:00+00:00,0.019923457810124622
2025-10-13 00:00:00+00:00,0.002349172341876088
2025-10-14 00:00:00+00:00,0.002247638256526432
2025-10-15 00:00:00+00:00,0.0035802501268312513
2025-10-16 00:00:00+00:00,-0.002503515272863184
2025-10-17 00:00:00+00:00,0.0009393637561548706
2025-10-18 00:00:00+00:00,0.007627255260290229
2025-10-19 00:00:00+00:00,0.0050252845455264535
2025-10-20 00:00:00+00:00,-0.004332420928537175
2025-10-21 00:00:00+00:00,0.003787063010095927
2025-10-22 00:00:00+00:00,-0.0026385116983669676
2025-10-23 00:00:00+00:00,0.002452586667005278
2025-10-24 00:00:00+00:00,-0.003157839006047182
2025-10-25 00:00:00+00:00,-0.0009648971494654989
2025-10-26 00:00:00+00:00,0.016140938338146817
2025-10-27 00:00:00+00:00,-0.014058842322076692
2025-10-28 00:00:00+00:00,0.0026911767826217573
2025-10-29 00:00:00+00:00,0.0
2025-10-30 00:00:00+00:00,-0.00047999999999999996
2025-10-31 00:00:00+00:00,0.02336209504286351
2025-11-01 00:00:00+00:00,-0.0103604723309729
2025-11-02 00:00:00+00:00,0.006112622856352877
2025-11-03 00:00:00+00:00,-0.0003921681659413312
2025-11-04 00:00:00+00:00,0.01708954919359467
2025-11-05 00:00:00+00:00,0.015734660262055174
2025-11-06 00:00:00+00:00,-0.06952054606581162
2025-11-07 00:00:00+00:00,-0.11436676960487188
2025-11-08 00:00:00+00:00,0.031139562070210965
2025-11-09 00:00:00+00:00,-0.0038579359597079033
2025-11-10 00:00:00+00:00,-0.00708368095885484
2025-11-11 00:00:00+00:00,0.09340950953699152
2025-11-12 00:00:00+00:00,0.03508627335181488
2025-11-13 00:00:00+00:00,-0.015030822308383379
2025-11-14 00:00:00+00:00,0.04436906519298862
2025-11-15 00:00:00+00:00,-0.005015741369136799
2025-11-16 00:00:00+00:00,0.006380159915358905
2025-11-17 00:00:00+00:00,-0.004576130518747949
2025-11-18 00:00:00+00:00,-0.0020621549951456986
2025-11-19 00:00:00+00:00,-0.001652671283189963
2025-11-20 00:00:00+00:00,0.0024734663281457342
2025-11-21 00:00:00+00:00,0.009355652903320941
2025-11-22 00:00:00+00:00,-0.0016118861454171005
2025-11-23 00:00:00+00:00,0.003916043092638406
2025-11-24 00:00:00+00:00,-0.009680209668506015
2025-11-25 00:00:00+00:00,0.002020403673761631
2025-11-26 00:00:00+00:00,0.010430689529424091
2025-11-27 00:00:00+00:00,-0.002234514426798971
2025-11-28 00:00:00+00:00,0.00041626613361186776
2025-11-29 00:00:00+00:00,0.0035956204265844755
2025-11-30 00:00:00+00:00,0.000720080998827858
2025-12-01 00:00:00+00:00,-0.011128156623310854
2025-12-02 00:00:00+00:00,0.004009144582323542
2025-12-03 00:00:00+00:00,0.02053359035580074
2025-12-04 00:00:00+00:00,-0.003225739515438977
2025-12-05 00:00:00+00:00,-0.004378141912665992
2025-12-06 00:00:00+00:00,0.008954461203270536
2025-12-07 00:00:00+00:00,0.0006255123942247962
2025-12-08 00:00:00+00:00,-0.009241120264744098
2025-12-09 00:00:00+00:00,0.0043851643947243266
2025-12-10 00:00:00+00:00,-0.0014336292371580407
2025-12-11 00:00:00+00:00,0.0005540999648130957
2025-12-12 00:00:00+00:00,0.0015554246797615135
2025-12-13 00:00:00+00:00,-0.002348096509744338
2025-12-14 00:00:00+00:00,5.110506022239433e-05
2025-12-15 00:00:00+00:00,0.0001551266360810668
2025-12-16 00:00:00+00:00,-0.00015579249903405911
2025-12-17 00:00:00+00:00,0.0018953569505539163
2025-12-18 00:00:00+00:00,-0.001180847880986987
2025-12-19 00:00:00+00:00,0.012777313535383828
2025-12-20 00:00:00+00:00,0.002168059688356594
2025-12-21 00:00:00+00:00,-0.0049014064602985906
2025-12-22 00:00:00+00:00,0.001956218601324471
2025-12-23 00:00:00+00:00,0.005762463618907489
2025-12-24 00:00:00+00:00,0.017811781113587093
2025-12-25 00:00:00+00:00,0.007702711231938905
2025-12-26 00:00:00+00:00,0.0021736022251177076
2025-12-27 00:00:00+00:00,-0.0003066319883329248
2025-12-28 00:00:00+00:00,0.012803496762663773
2025-12-29 00:00:00+00:00,-0.016860052457069726
2025-12-30 00:00:00+00:00,0.05127262587723612
2025-12-31 00:00:00+00:00,-0.0077675522794389785
2026-01-01 00:00:00+00:00,-0.013979894269549284
2026-01-02 00:00:00+00:00,-0.0033585118289553143
2026-01-03 00:00:00+00:00,0.012080266449209624
2026-01-04 00:00:00+00:00,-0.027588761199452316
2026-01-05 00:00:00+00:00,0.013984923895726902
2026-01-06 00:00:00+00:00,0.019857487734185962
2026-01-07 00:00:00+00:00,-0.0027369544966627415
2026-01-08 00:00:00+00:00,-0.00011268958151311597
2026-01-09 00:00:00+00:00,0.016632413728181434
2026-01-10 00:00:00+00:00,0.012077808929789699
2026-01-11 00:00:00+00:00,-0.02277794985879787
2026-01-12 00:00:00+00:00,0.008821442581033588
2026-01-13 00:00:00+00:00,0.010594224320925685
2026-01-14 00:00:00+00:00,0.0069668437212854805
2026-01-15 00:00:00+00:00,0.004511152796950661
2026-01-16 00:00:00+00:00,0.009712920573654017
2026-01-17 00:00:00+00:00,-0.002329176334363563
2026-01-18 00:00:00+00:00,0.004649812262162738
2026-01-19 00:00:00+00:00,0.0035964695477257494
2026-01-20 00:00:00+00:00,-0.02373591695744995
2026-01-21 00:00:00+00:00,-0.008749203050842931
2026-01-22 00:00:00+00:00,-0.02317053706782309
2026-01-23 00:00:00+00:00,-0.00878744318446978
2026-01-24 00:00:00+00:00,0.01472581971784013
2026-01-25 00:00:00+00:00,0.017813796375640338
2026-01-26 00:00:00+00:00,0.023202319772088042
2026-01-27 00:00:00+00:00,0.005370970523472006
2026-01-28 00:00:00+00:00,0.01099199660009637
2026-01-29 00:00:00+00:00,-0.001975497087936794
2026-01-30 00:00:00+00:00,-0.00302421157931952
2026-01-31 00:00:00+00:00,-0.011040969420512982
2026-02-01 00:00:00+00:00,0.007168291406585503
2026-02-02 00:00:00+00:00,0.017964266059588643
2026-02-03 00:00:00+00:00,-0.0010761032600864883
2026-02-04 00:00:00+00:00,-0.0012436507336621757
2026-02-05 00:00:00+00:00,-0.022580139449591835
2026-02-06 00:00:00+00:00,0.004042067069230065
2026-02-07 00:00:00+00:00,-0.009964594569709308
2026-02-08 00:00:00+00:00,0.011479908581205938
2026-02-09 00:00:00+00:00,-0.008205425326822637
2026-02-10 00:00:00+00:00,0.026430305979793366
2026-02-11 00:00:00+00:00,9.551538011111916e-05
2026-02-12 00:00:00+00:00,0.0014095373238602348
2026-02-13 00:00:00+00:00,-0.001587601975654588
2026-02-14 00:00:00+00:00,0.0010158105379833803
2026-02-15 00:00:00+00:00,0.005588200310742053
2026-02-16 00:00:00+00:00,0.0004465679905051666
2026-02-17 00:00:00+00:00,-0.00708708357074366
2026-02-18 00:00:00+00:00,-0.0025958707838778686
2026-02-19 00:00:00+00:00,-0.020421418546022953
2026-02-20 00:00:00+00:00,-0.0002714685613832993
2026-02-21 00:00:00+00:00,0.008103944101192239
2026-02-22 00:00:00+00:00,0.010660639340615896
2026-02-23 00:00:00+00:00,-0.02133040588435494
2026-02-24 00:00:00+00:00,0.02903342157891665
2026-02-25 00:00:00+00:00,0.018809301647571726
2026-02-26 00:00:00+00:00,-0.004405676004346792
2026-02-27 00:00:00+00:00,-0.0019377854618324378
2026-02-28 00:00:00+00:00,-0.0015559287591180241
2026-03-01 00:00:00+00:00,0.00685851623331705
2026-03-02 00:00:00+00:00,0.003821124509492356
2026-03-03 00:00:00+00:00,-0.0021466113234516497
2026-03-04 00:00:00+00:00,-0.0002052756307953351
2026-03-05 00:00:00+00:00,1.619794520485592e-05
2026-03-06 00:00:00+00:00,0.005903342518733716
2026-03-07 00:00:00+00:00,-0.0025838849272676705
2026-03-08 00:00:00+00:00,-0.0008294473964461924
2026-03-09 00:00:00+00:00,-0.004904125680851169
2026-03-10 00:00:00+00:00,-0.002417886418992915
2026-03-11 00:00:00+00:00,-0.00195559704147875
2026-03-12 00:00:00+00:00,-0.006425372097147311
2026-03-13 00:00:00+00:00,0.005006496488782119
2026-03-14 00:00:00+00:00,-0.009920292612114964
2026-03-15 00:00:00+00:00,0.00474160146305479
2026-03-16 00:00:00+00:00,0.026660379900566876
2026-03-17 00:00:00+00:00,0.0018235824013385475
2026-03-18 00:00:00+00:00,0.0020088118844466462
2026-03-19 00:00:00+00:00,3.256522434325025e-05
2026-03-20 00:00:00+00:00,-0.002195158725817093
2026-03-21 00:00:00+00:00,-0.00391858078528085
2026-03-22 00:00:00+00:00,-0.0018400776330235139
2026-03-23 00:00:00+00:00,0.051998591647143
2026-03-24 00:00:00+00:00,-0.004462718989667351
2026-03-25 00:00:00+00:00,-0.0028392979875152694
2026-03-26 00:00:00+00:00,-0.0001755740960746967
2026-03-27 00:00:00+00:00,0.0015459826561382982
2026-03-28 00:00:00+00:00,-0.0005478174222699703
2026-03-29 00:00:00+00:00,-0.005252156559432106
2026-03-30 00:00:00+00:00,0.008254742696619535
2026-03-31 00:00:00+00:00,-5.5352877087544094e-05
2026-04-01 00:00:00+00:00,-0.0023069488173668436
2026-04-02 00:00:00+00:00,-0.0026150831856504905
2026-04-03 00:00:00+00:00,-0.0009272870938449496
2026-04-04 00:00:00+00:00,0.006192450216727425
2026-04-05 00:00:00+00:00,-0.002291137948259531
2026-04-06 00:00:00+00:00,0.005431579764481659
2026-04-07 00:00:00+00:00,-0.005039235054222909
2026-04-08 00:00:00+00:00,0.013519698362400554
2026-04-09 00:00:00+00:00,0.0
2026-04-10 00:00:00+00:00,0.0
2026-04-11 00:00:00+00:00,-0.00023999999999999998
2026-04-12 00:00:00+00:00,0.0021821213279520314
2026-04-13 00:00:00+00:00,-0.001646868388627183
2026-04-14 00:00:00+00:00,0.008861220369361347
2026-04-15 00:00:00+00:00,-0.01813761495418277
2026-04-16 00:00:00+00:00,-0.008626548292834777
2026-04-17 00:00:00+00:00,0.0018991718063436046
2026-04-18 00:00:00+00:00,-0.0005088127855969116
2026-04-19 00:00:00+00:00,0.005137523518983787
2026-04-20 00:00:00+00:00,0.005464462792435688
2026-04-21 00:00:00+00:00,0.002363723491947596
2026-04-22 00:00:00+00:00,0.006435494960749263
2026-04-23 00:00:00+00:00,-0.00244507979001841
2026-04-24 00:00:00+00:00,0.0006002746393356401
2026-04-25 00:00:00+00:00,-0.007276414152439617
2026-04-26 00:00:00+00:00,0.010050966569648627
2026-04-27 00:00:00+00:00,-0.0021095718794878517
2026-04-28 00:00:00+00:00,0.006605715463256843
2026-04-29 00:00:00+00:00,-0.002356821399634195
2026-04-30 00:00:00+00:00,0.02552036309361741
2026-05-01 00:00:00+00:00,0.006468246563236656
2026-05-02 00:00:00+00:00,0.011731426949465735
2026-05-03 00:00:00+00:00,0.002892042103340304
2026-05-04 00:00:00+00:00,-0.008040699389235323
2026-05-05 00:00:00+00:00,0.0002960924220756677
2026-05-06 00:00:00+00:00,0.0016136560990670603
2026-05-07 00:00:00+00:00,0.00609242680313535
2026-05-08 00:00:00+00:00,-0.033667083871313064
2026-05-09 00:00:00+00:00,0.016829713166651883
2026-05-10 00:00:00+00:00,-0.00359243704962033
2026-05-11 00:00:00+00:00,0.004968230362942879
2026-05-12 00:00:00+00:00,-0.009359879519114633
2026-05-13 00:00:00+00:00,0.025308681504624665
2026-05-14 00:00:00+00:00,0.002844964477719686
2026-05-15 00:00:00+00:00,0.005181467481325942
2026-05-16 00:00:00+00:00,-0.0003035046401885643
2026-05-17 00:00:00+00:00,-0.0009104277146848305
2026-05-18 00:00:00+00:00,-0.0029504668475390057
2026-05-19 00:00:00+00:00,-0.001545573837251023
2026-05-20 00:00:00+00:00,0.0016940762858246694
2026-05-21 00:00:00+00:00,-0.0036066654528457503
2026-05-22 00:00:00+00:00,0.0010146369802468934
2026-05-23 00:00:00+00:00,-0.004623863401850154
2026-05-24 00:00:00+00:00,0.001244900680270397
2026-05-25 00:00:00+00:00,-0.011227258305734877
2026-05-26 00:00:00+00:00,-0.0023191173779121763
2026-05-27 00:00:00+00:00,0.010151938515866809
2026-05-28 00:00:00+00:00,0.0019866002331510317
2026-05-29 00:00:00+00:00,0.004085348505259182
2026-05-30 00:00:00+00:00,-0.002304672968196482
2026-05-31 00:00:00+00:00,-0.0031564811818354647
2026-06-01 00:00:00+00:00,-0.0018576969749003179
2026-06-02 00:00:00+00:00,-0.0021558475175462596
2026-06-03 00:00:00+00:00,-0.0038612660227137123
