pair,adf_p,beta,tr_sharpe,te_sharpe,te_total,te_trades,te_sharpe_maker
AAVE/ADA,0.0007396371536076447,0.8165861422096873,-0.15913888193878234,0.0370831484972918,0.045627399189704515,38,0.15979195008293792
AAVE/ALGO,0.1173145791403003,0.3993813727790196,-0.6666443729988448,-0.09324213608075549,-0.10380407671682024,28,0.007328651579423814
AAVE/APE,0.13062390624474413,0.16178589556520007,-0.32561408691766597,0.35666552915170824,0.4047668600011672,31,0.4636237223173048
AAVE/ARB,0.4383610318362038,-0.2017571298526685,0.9410807845756081,0.6189652243688871,0.6182010090981754,21,0.7001020141640322
AAVE/ATOM,0.030242281627789434,0.9201207184560648,-0.3911096100841914,-0.18275970132235414,-0.2462776891781825,41,-0.05927684355040034
AAVE/AVAX,0.0001883860362397353,0.5152573016529237,-0.4667253866294151,-0.20789188583033943,-0.22940781047973224,30,-0.0986831152777859
AAVE/BCH,0.17843004195228263,0.8742468372438542,-0.218834297937485,0.05060374972211125,0.06829675694142012,38,0.16405994629022969
AAVE/BNB,0.051051780054078844,1.7337806616602314,-0.09744999571626928,0.11814695444938197,0.18443250107898757,37,0.21213130899419957
AAVE/BTC,0.14526536382014638,1.3622241483370172,0.19282767722444943,0.33573600187287433,0.3925184088037363,37,0.4596457340175391
AAVE/COMP,0.0013124490282421693,0.7124000232415905,-0.021791098669221,0.6378838696800303,0.7743139350087089,38,0.7586695850684247
AAVE/CRV,0.08142631822983593,0.6210855107271424,0.07631730232906384,0.055399346082589035,0.06936547872898513,34,0.16483557555252284
AAVE/DOGE,0.003639578750215556,1.1654556073701787,0.6450234094347795,-0.16028186057290958,-0.2516541853910029,37,-0.06579622854728626
AAVE/DOT,0.003785818565285529,0.6612221584567028,-0.09586489583989136,1.0239300380087244,1.1611847373524453,33,1.1335195886373486
AAVE/ETC,0.03201179737899462,1.2707472504731185,0.8718145606134383,0.47099472345617266,0.6384347105256598,35,0.5721898729616008
AAVE/ETH,0.012343889048037182,1.3762017206828685,0.1347040359639944,-0.24260588822962012,-0.2668740103628997,36,-0.11106644116281808
AAVE/FET,0.02215720362784156,0.1256928692744572,0.12200104472090822,0.4073409512067931,0.4632367385269717,27,0.5000623487658448
AAVE/FIL,0.0005679737090835315,0.5564911517235447,0.2551668439892224,-0.23591482841704298,-0.3191694601878724,28,-0.15260186439450177
AAVE/LINK,0.05826238902622622,0.6513776002560577,-0.6702027061328003,0.04444120511618987,0.04104401061785748,35,0.19485696840072536
AAVE/LTC,0.1886717855446084,1.249392208588043,0.569257454449627,0.47532848717098836,0.7025823612209401,35,0.5684305636706224
AAVE/MANA,0.0814668420335053,0.4413152240715645,0.05633257353791166,1.4417390842713926,1.7171465704655597,35,1.5514636443621777
AAVE/MKR,0.13522524025164623,0.9970467970303082,-0.6215290264774662,-1.4470523092143188,-1.880388471758461,23,-1.371512150540348
AAVE/NEAR,0.005794549236791959,0.3809641994766912,0.4144768451182392,0.02222956481993135,0.025621368014017154,32,0.13261106264114636
AAVE/OP,0.041380117629716384,0.27660171482444423,-0.028140182348036957,0.38129594360913727,0.39517129015549446,26,0.4794694272220738
AAVE/SAND,0.33923143369942804,0.19244607814252673,-0.05838187947013865,0.4343745409921874,0.4701904394673051,26,0.5282580183877323
AAVE/SHIB,4.289764864942492e-07,0.7682057289893849,-0.7642145133746283,-0.018759306435897145,-0.027610331260265464,33,0.07071416263611445
AAVE/SOL,0.011822586135323812,0.5931424525336424,-0.4541987527059062,0.15099414155710095,0.1747360920976418,30,0.2535916228663582
AAVE/SUI,0.16937320693371455,0.5669702211037133,0.1433535063705092,0.6265772230058589,0.3302272710510122,22,0.7880379214391094
AAVE/UNI,0.05025152802763092,0.9956397765783084,0.4203374430483428,-0.7014681343711204,-1.0094236406351444,30,-0.6160190663293224
AAVE/XLM,0.019983001315662385,1.172870436112556,1.1457529736025258,-0.27474875101603813,-0.5580169688975252,37,-0.20137023886574024
AAVE/XRP,0.2213888430999515,0.7743666537710039,1.3372311184380248,0.39004863617891866,0.23590168047004442,25,0.5520048584138503
ADA/ALGO,0.5971017368923673,0.5609695068075075,-0.6202546212648875,0.38462845675622,0.33089403487246466,36,0.5488014013847353
ADA/APE,0.49925848744019735,0.24514073613802803,-0.14095790206128478,-0.05209098497711983,-0.06879427328063001,31,0.043150722123573
ADA/ARB,0.9614554040659608,0.3947804461944592,-1.411787483621675,0.9082443203307523,0.7523188983529842,22,1.011424308120616
ADA/ATOM,0.3072904118676717,1.1455044292342689,-0.10833619386546144,0.7094805280879635,1.010854631584142,44,0.8310024362164795
ADA/AVAX,0.00013252866591277593,0.663477744898246,0.20282970417365423,-0.35453651285018783,-0.3154974098327385,28,-0.22801533945807817
ADA/BCH,0.012188205252642524,0.8191248916812031,-0.6623923026192964,-0.9599461636711973,-1.4927702083463272,32,-0.8746963998948318
ADA/BNB,0.7951929789913961,0.84848000301684,-0.4344706571479204,-0.7891493718345154,-1.209249898084479,30,-0.7068385762577999
ADA/BTC,0.05809932510792566,1.5442928466171182,-1.3690220017488086,-0.9770821614444384,-1.2128206961119274,30,-0.8755440072703927
ADA/COMP,0.001491668123300852,0.626275614312998,-0.4350153077780016,0.41769820191240736,0.6669188208092189,44,0.5271472716671941
ADA/CRV,0.07367999474295946,0.7805687923607733,0.19618310622899485,0.09361208492011594,0.10914365007293436,32,0.20427324589263252
ADA/DOGE,0.28687642858765083,0.7470270738234592,-0.1257906178044273,-0.07161969858433055,-0.07911721614355116,38,0.0675082837047786
ADA/DOT,0.04389767695943177,0.8618169150168468,0.7718399262684855,0.40877339882393127,0.4258771441985093,35,0.542418800085651
ADA/ETC,0.5012476721759359,0.9434333273232164,-0.1506081460687488,0.2536687566529191,0.35572208804835825,42,0.3729005698773271
ADA/ETH,0.4433862371510153,1.5339503885723826,-0.8178230288773696,-0.8533246780803598,-1.2667391003921664,39,-0.7459083193731858
ADA/FET,0.22913098128653464,0.1167407840004975,-0.2003378420615425,-0.3947756516208781,-0.5144404197004515,30,-0.30005466316170853
ADA/FIL,0.017020055159104368,0.6524655704530673,0.04020885095601003,0.34628809770847074,0.4622404375235328,31,0.4389401071282424
ADA/LINK,0.5453871697811395,0.772111416222126,0.05950413470197495,-0.7506710342473352,-0.6750108741907074,28,-0.6215830059310429
ADA/LTC,0.009396410974012863,1.152776326589297,-0.3787987898994431,-0.15625566118396256,-0.23964230548330356,36,-0.06083988164786201
ADA/MANA,0.5187682704301938,0.596305291312677,0.5595918764757501,-0.22749336641631943,-0.21233964513289108,27,-0.1092177147671998
ADA/MKR,0.012745730731798924,1.0151761720564432,-0.2986727596500624,-1.4197487757044274,-2.5998024165910767,28,-1.3563587271707191
ADA/NEAR,0.02890173800776078,0.5220865894508191,0.44712526797451285,-0.33251511833974434,-0.3978472323027072,30,-0.22981755288897063
ADA/OP,0.15257140154788273,0.2880806639410805,-0.6910698082719512,-0.07882242968787287,-0.09501127627616623,29,0.018988476538001394
ADA/SAND,0.6943059928209756,0.41365616826219326,-0.34190689248093387,-0.005949237289050844,-0.005967230484810987,24,0.08943738041634537
ADA/SHIB,1.7642422201472072e-06,0.9536233677683272,-0.5990332482457728,-0.6146518203269685,-0.7681983399297962,32,-0.5091866441088525
ADA/SOL,0.7061909194962324,0.5238997085696273,-0.06927701435789814,-0.398442536050688,-0.49071152569470905,38,-0.2720541040880097
ADA/SUI,0.32898764038560824,0.43699029292927744,-1.608211179060909,0.237273944082909,0.10771237283588808,18,0.39904003283955486
ADA/UNI,0.0874771349923475,0.9410511574196195,-0.06401407107212989,0.2515272643270587,0.35748973120495614,42,0.369538976945503
ADA/XLM,0.1626090429693477,1.0059986137952277,-0.18778184881180138,0.584617126980399,1.0120846448818308,40,0.6750385199566574
ADA/XRP,0.3621008813838047,0.7192344174751896,-0.8000403372977267,0.9819413512406069,0.48416110523460687,23,1.1648661637043631
ALGO/APE,0.4826327184833834,0.6674238017783408,-0.5491783937482877,-0.6775395093738106,-0.8734772512064306,26,-0.595301635016605
ALGO/ARB,0.688763924267846,0.43602646353803803,-1.4542524628392501,0.11632054965255333,0.07143000267919371,17,0.22626909116229235
ALGO/ATOM,0.3027371304870514,1.4100301754593558,0.7046444699848554,0.15861976921971424,0.18517159093211616,31,0.2655784475967001
ALGO/AVAX,0.7161200301772542,0.822586216724998,-0.18533198186034697,-0.10734514777474859,-0.11173863067568207,32,0.015575895287300232
ALGO/BCH,0.1875516867205424,0.38701548910223726,-0.419727349445706,-0.7124192685757736,-0.9318553165446609,29,-0.6215898010408258
ALGO/BNB,0.8805716927139656,2.154380625567072,-0.7691054274018011,-1.3842347038520886,-2.206910181110012,27,-1.313935661228157
ALGO/BTC,0.10884020198865829,0.37630851919807645,-0.5823309779715957,0.13220335596625887,0.16856485594004322,32,0.2317078638574414
ALGO/COMP,0.4843790122738477,1.2348960645748044,-0.6083259541298278,1.9223295284460888,3.035374360279935,34,2.0043161539481718
ALGO/CRV,0.2263186408527943,1.0875522625125187,0.5723620612369129,1.052715485533459,1.6234310826582703,34,1.1388962496468678
ALGO/DOGE,0.6573168656487632,1.597015721688039,-0.2612388905498025,-0.722651350921254,-1.1772858384207519,25,-0.6604312081417528
ALGO/DOT,0.482851150512765,1.3133562899900855,0.7165251379946656,0.7073246089109451,0.7793680133004315,33,0.8240225137337649
ALGO/ETC,0.08390510424375347,1.6272709809721502,-0.7450666623600035,1.4111009342819498,1.8606491050805105,33,1.5043707141828842
ALGO/ETH,0.2918544080296539,0.8922687599195749,-0.5171983243878009,-0.9478375242532612,-1.109999587678977,28,-0.8496340105761526
ALGO/FET,0.3676745327301911,-0.07440170055628062,-0.8335024610507932,0.28553235157940526,0.4092383426795527,31,0.3721986613751339
ALGO/FIL,0.31344905869788464,1.066970245294927,0.9681511006002798,0.6618538676460286,0.9189844017839216,32,0.7519787113034524
ALGO/LINK,0.4498102060242084,0.6464819327026632,-0.2015190402097054,-0.5631629803295546,-0.5992849140019976,28,-0.4566184098717212
ALGO/LTC,0.3165694208676286,1.06536420822292,-1.0093991590831322,-0.19163582328523004,-0.21188242299129645,28,-0.08990163008016294
ALGO/MANA,0.06097951336118621,0.9841792349860262,-0.1524556720844331,0.8368692613966803,0.9622288149038608,36,0.9591204341637465
ALGO/MKR,0.7467849746446715,0.9177350477891858,-0.9457209450858757,-1.1817384738708283,-1.56083296728419,26,-1.0996566680705588
ALGO/NEAR,0.7101440092749858,0.7821480825421497,0.12175456940722157,-0.9001408464711677,-1.0264825257533419,27,-0.8030956628273026
ALGO/OP,0.4126026291518523,-0.05995308029279429,-0.5996021701151513,0.5010835166291928,0.7166486476447458,33,0.5925608246890302
ALGO/SAND,0.29978060862511924,1.0629237453949223,0.930816849631522,1.6585584471967822,2.6641392840345866,30,1.7269581807210261
ALGO/SHIB,0.6738742549145706,1.3851655645743446,0.058236514071192076,0.8096030781525981,1.0372601311899634,35,0.9171799133613736
ALGO/SOL,0.6192835063937032,0.5207865559670399,0.17136604139464814,-0.4658302629790903,-0.5624657515568865,34,-0.3517782620315468
ALGO/SUI,0.2602849489041797,0.4471442335717046,-1.9868779795548772,1.0662875072449365,0.563772348305532,21,1.2183446064679737
ALGO/UNI,0.6674878815433766,1.6242432735835728,-0.48390608422846415,0.5975765105642069,1.030041759860901,31,0.667691492096191
ALGO/XLM,0.6087653698801866,1.5562880708324822,-0.7303587224315297,-0.07527305505866204,-0.1432025198729468,33,-0.005878010721777976
ALGO/XRP,0.3737308882355631,0.7159422167677582,-0.9180832250436822,-0.06039706455070804,-0.03018901716703118,16,0.06727487375921287
APE/ARB,0.07849025733689807,0.7947361943973357,0.003253446961041619,1.0821215524009613,0.8288471843266081,23,1.1981041987114398
APE/ATOM,0.4840703978466798,1.6801368746164786,1.0865947355502683,0.28602915358470127,0.4903708336657702,31,0.3575308902427317
APE/AVAX,0.9098749284540723,0.41615365470453236,-0.39593842753968655,-0.3023765628466521,-0.5256698091700449,34,-0.22370817918441083
APE/BCH,0.14071231085083158,-0.48106850787605215,-0.4617902638071737,-0.12150510333205436,-0.2628144722898617,31,-0.06313856393691636
APE/BNB,0.8924417693546229,0.6613072857998212,-0.4680461194683791,-0.8398972473190893,-1.4848074302222614,30,-0.7705656247335417
APE/BTC,0.1648881954774345,-0.6175435197450345,-0.5469544439387021,-0.5451820219698085,-1.1589805013158634,29,-0.4888516711203228
APE/COMP,0.8683886874528692,0.8096188148983016,0.2718762466087689,0.9614539613635961,1.4344600400909615,35,1.0528813002924908
APE/CRV,0.02144489849547573,1.440715178390746,0.7691593582714029,-0.44142841036095876,-0.97172263050354,32,-0.3816248689840139
APE/DOGE,0.7674149660196259,0.3740295727025385,-0.28058115804327216,-0.25170327242551027,-0.44452628618546314,34,-0.1743859769280194
APE/DOT,0.9329441144551174,1.200502064599043,0.12435903833667572,-0.4808169542310789,-0.8203969917910123,27,-0.4156060883008545
APE/ETC,0.8358516954004658,1.0877633859746907,-0.25050588986656536,-0.07544054461095935,-0.12697911981337973,32,0.0006053233734638732
APE/ETH,0.3739810850640015,-0.24320294102040677,-0.3259962607945013,-0.25645562570523345,-0.5154214076016121,30,-0.19635444362563378
APE/FET,0.4406031905186767,-0.3165956936864598,-0.5703999881834286,-0.09221256702067272,-0.19548390268695243,26,-0.042145267251741336
APE/FIL,0.8870536883284317,0.9899176838251001,0.6484846791611967,0.40935229089431496,0.570074192985466,31,0.4977729017580996
APE/LINK,0.27229350775931005,-0.371516231603406,0.0102177242631116,-0.15811442896129882,-0.3377349094452152,30,-0.10174619596184162
APE/LTC,0.7582482690801383,0.5377504718475465,-0.7597207932043091,-0.3741366221364909,-0.6516982753729507,31,-0.3023253114916464
APE/MANA,0.561177349438119,1.1446908424732056,0.29228093893968776,0.38465334314602223,0.6939966417365395,28,0.4469867157445242
APE/MKR,0.562203184998788,0.012075669585082783,-0.2059692827426477,-0.11299150481557724,-0.15770810687235703,26,-0.03839348535792974
APE/NEAR,0.9811775661215143,0.5788748413871837,-0.03664349030437423,-0.4361246708609092,-0.7357267698841436,32,-0.35950222220837186
APE/OP,0.6858359995859693,-0.4252419169113364,-0.4526459324164129,-0.608689939792151,-1.3542889269592688,25,-0.5627722797612904
APE/SAND,0.42258389672639707,1.6093488145761659,0.05970559745608075,0.37456288899938295,0.9433717701603421,27,0.4176126701604016
APE/SHIB,0.966265268831323,0.7320083035428038,-0.0958647136364341,-0.41423145622813445,-0.6734931716638798,31,-0.3373122347217633
APE/SOL,0.47767314782863474,-0.044325248379052176,-0.563791131459824,-0.08880664678333273,-0.16927665349479104,30,-0.025799680266262635
APE/SUI,0.46732406085358114,0.03415757488951099,-0.40214956034082644,-0.3961202546148497,-0.4378291658619169,18,-0.3304184818177629
APE/UNI,0.8350716830342082,0.7623531667596342,0.10323124365162059,-0.13362563886366405,-0.21996934573511906,34,-0.05089187836835726
APE/XLM,0.7727046840299473,0.6105889801136761,-1.0680917231237812,-0.7302714129211851,-1.1690217053790297,33,-0.6466937111511243
APE/XRP,0.273195776183449,0.2340764486922606,-0.26619755825530983,-0.6145348021499505,-0.7170526415263785,18,-0.5520138639640684
ARB/ATOM,0.12110626349326686,1.1529665489620433,0.07526659259606404,-0.3881401247554114,-0.3033852717506881,21,-0.27684399069003124
ARB/AVAX,0.7300501050852195,0.21684123860519594,-0.3718413944890166,-0.1275159788539948,-0.11740566672573877,26,-0.014506140901680148
ARB/BCH,0.6184391478692862,-0.1273636478598781,0.17351242875373915,0.18722608549933126,0.1977584445131022,23,0.27545567505639534
ARB/BNB,0.5171113891562048,-0.2909463172743839,-0.25201198565618993,0.1778963680058342,0.1983703301219722,23,0.2614598444465129
ARB/BTC,0.5732703392468981,-0.2172700806695816,0.214284841273983,-0.006218371533058538,-0.006762984040462661,23,0.07997095506334573
ARB/COMP,0.5457428386450686,0.8763069658486848,0.3154224677801733,0.8043243411779961,0.7008925364767649,21,0.898418019199908
ARB/CRV,0.4260236651882233,0.7985892083146248,-0.17183673896786947,-0.08947243927201474,-0.0720528008937491,20,0.012305112227578519
ARB/DOGE,0.559661150788994,-0.11846755128018498,0.07931931575624948,0.08368575238721081,0.09318572060640434,24,0.17118358801630162
ARB/DOT,0.6317822450240934,1.1401608976831465,0.35859147121406315,-0.24393474399167353,-0.15944916703091605,18,-0.1301787154454603
ARB/ETC,0.8697825949581366,0.884860235602463,0.30979994318042114,0.29931464386973294,0.21507206610395385,25,0.43643957881042245
ARB/ETH,0.6852269214415744,0.09774708547418666,-0.11631675700313675,0.3651820820288346,0.33215303682716535,24,0.4688554106955455
ARB/FET,0.6377801454528216,-0.0359316486990879,0.17420853049566906,0.19028091439526576,0.19179769976382516,21,0.27474211832106843
ARB/FIL,0.6080001648842552,1.0056366829048191,1.1317504360430641,0.3384319375365886,0.30826698494428434,20,0.4250433863218121
ARB/LINK,0.6888428950040416,0.29094809809759564,-0.35513436672647675,0.15927521154408553,0.13403631471177904,26,0.28165505562868093
ARB/LTC,0.819889107866018,1.3726092798306788,0.47276042692625303,-0.2837767349069459,-0.23815484932799055,17,-0.20208778989239873
ARB/MANA,0.4483691215186081,1.3070978118229408,0.5197139238625628,0.3830444939179261,0.3259052047069715,24,0.4938797942863442
ARB/MKR,0.8348259787492349,0.14504521492763958,-1.0804616444291824,0.18302820358477084,0.15299589513799527,18,0.26836463856890536
ARB/NEAR,0.633402209488564,-0.03675131460894671,-0.12099734152045596,0.21175564505047892,0.2182223265314383,23,0.3020238672650405
ARB/OP,0.7226017841943367,0.7696487360692961,0.2947498391619425,0.1652421196942722,0.09430635567471717,20,0.30327063002851173
ARB/SAND,0.1811358295446654,1.2150022688574669,0.4045506560677246,2.031536099931478,2.1833544857293927,21,2.100885748886952
ARB/SHIB,0.6076009636177812,-0.07765016658456443,0.12967794009227132,0.13012459060615408,0.1365522922628465,24,0.2209585464472222
ARB/SOL,0.6194131054072598,-0.06533531469192186,-0.08141817221232514,0.05715428344565006,0.060204848867801586,23,0.14594049655473937
ARB/SUI,0.7622343491106216,-0.09470499645724038,-0.41142276448201726,0.22917941806974648,0.2086252254687117,20,0.31828645927380844
ARB/UNI,0.7361479699865627,0.2453637578242398,-0.4588205626629615,-0.30919956657541303,-0.27813170736083204,24,-0.2017783586661542
ARB/XLM,0.9426598110136971,1.2600047164941794,0.04185418980489251,0.24916148995237278,0.24445158981609832,25,0.35065856981882815
ARB/XRP,0.6580066269904494,0.03542632183550604,-0.6538583959162396,0.147636219282588,0.13861652799742416,24,0.24905755705325236
ATOM/AVAX,0.3282736989718368,0.5411004932984441,-0.027188861977868174,0.6990856060751554,0.5568823949384909,34,0.867704779103839
ATOM/BCH,0.08157879256596207,0.41421464789991413,-0.18915559681313335,-0.18000315183268517,-0.2307137254856077,37,-0.06271376821276622
ATOM/BNB,0.2714480945999188,0.6764866237358443,0.027420899701454608,0.07597005900450815,0.10172157472910426,40,0.19456848868893398
ATOM/BTC,0.05352349610402156,0.956785125665904,-0.4357985933232025,-0.27587718039894416,-0.3370507341735231,35,-0.15897734744656483
ATOM/COMP,0.06322849412717389,0.3095990131337518,-0.03488569317601869,0.3954046943245937,0.48820624362417314,44,0.5354227536591342
ATOM/CRV,0.006184510780495496,0.6741571284287198,0.02466229385507488,0.3333246229362389,0.3445170933053408,35,0.4684264105511926
ATOM/DOGE,0.2534595373614852,0.4284586536728731,0.10302855448704362,0.7683097199591442,0.8856787789782407,42,0.9105119495193743
ATOM/DOT,0.15581690996589875,0.7503224196305543,0.3124463213596735,1.0676589021875613,0.7535451629071013,38,1.274721966110517
ATOM/ETC,0.36685531839006325,0.5270316945921779,-0.3925020337581314,0.7586262327350963,0.7839349450290976,43,0.9197801286744773
ATOM/ETH,0.15852382344889676,1.0745940731411492,-1.0586657455557849,-0.920842051159986,-1.187285930997084,36,-0.8047000915823367
ATOM/FET,0.08166185741521648,-0.003594082801884185,0.3962140090165327,0.28590142547461495,0.32969273603822924,29,0.38485474683951926
ATOM/FIL,0.03561107729059197,0.3838875759228943,0.36625186137438004,0.39399936825786264,0.3854894185282588,33,0.5259032101392115
ATOM/LINK,0.31113616106910036,0.5101370269463159,-0.42615778379869945,-0.15708781656511098,-0.13444378144715657,28,-0.02378771212371322
ATOM/LTC,0.032852494399508846,0.672643536368954,-0.20950046692058383,0.11641023406314943,0.12988966717885086,35,0.24234729058304802
ATOM/MANA,0.07294802371379978,0.5688361351029952,0.8680378001847014,0.8400780571703237,0.679830914995251,35,1.0088363945362913
ATOM/MKR,0.12423357860756262,0.5031268787699217,-0.12301321578344898,-0.827231108296663,-0.9356904436346362,31,-0.7142546742700606
ATOM/NEAR,0.19190828633567508,0.42232814967091625,0.7392196486960803,0.33050988990968544,0.28602157402312517,34,0.4852109918051709
ATOM/OP,0.25897440045657083,0.08522724142020024,0.4446903316778043,0.26812330688028335,0.2692748608179922,27,0.37399963795938385
ATOM/SAND,0.0013710885365366425,0.7389659084794965,1.5004407416277836,2.036786129781599,2.1607116703489897,30,2.1420983261668725
ATOM/SHIB,5.483925934006694e-05,0.8139479732524877,0.04392880315221263,0.08780828035580199,0.10322765230581465,34,0.20434756369916504
ATOM/SOL,0.1353143983500978,0.4062721292749902,0.6932623886880291,0.7502173183341464,0.8982089391345729,42,0.8861679880120835
ATOM/SUI,0.6135138329842057,-0.07188259615521204,-0.2992613198326966,1.1613693344466476,0.8258283455455695,22,1.278668461507572
ATOM/UNI,0.1651908693838376,0.5018407370469292,0.3418731707768783,0.3446824928347613,0.39062762959902264,42,0.4922078388574854
ATOM/XLM,0.16668687878514038,0.5138430139118919,-0.576434516333409,0.23448172478392332,0.2919660078519403,43,0.37072742483090254
ATOM/XRP,0.6268912850511945,0.1952054987327792,-0.3236042560176,1.2365132147436424,0.788944637335526,20,1.3570222678292292
AVAX/BCH,0.5961135299818416,1.1441426985066798,-0.9178061717038007,0.00885899942436129,0.010806525690527757,35,0.12478490850563641
AVAX/BNB,0.17919852732761726,2.578465494993554,0.01338455701790026,0.21213563222171067,0.346995287876469,31,0.2873200957125529
AVAX/BTC,0.7647771466444386,1.6425216348721396,-0.5682874542215739,-0.04614925126717926,-0.04275520448068926,31,0.08723327546428876
AVAX/COMP,0.08737485343553392,1.2542433888112205,-0.1265253562589585,1.6165057823143583,2.411444634135722,34,1.7025954938209071
AVAX/CRV,0.8310024913433585,0.9226973331934463,0.07049334862490039,-0.2563907956425042,-0.32135214154214076,29,-0.1617787481711572
AVAX/DOGE,0.05301583803430058,1.9800925021525417,0.1716427175379907,-0.051812913707605594,-0.10402251894976655,30,0.007943895750256457
AVAX/DOT,0.08605573145457884,1.264477316468503,0.25872037608179216,0.27838347353007287,0.27971961066829554,33,0.40808582676749316
AVAX/ETC,0.1758915094601856,1.889013943346412,0.37190655384436566,1.3530040224572863,1.8000622691990507,33,1.4460838806780343
AVAX/ETH,0.531246011416455,1.9082887180546517,0.1393197068189816,-0.682745077139152,-0.8347330823220218,33,-0.5720865749679068
AVAX/FET,0.4357351944415481,0.30479174338847875,-0.23848603726635115,-0.6641314712612958,-0.6105026855592147,24,-0.5547581051310904
AVAX/FIL,0.07391263921883909,0.9656216410036579,-0.1375369931049566,0.479484961741811,0.5980675305422726,32,0.5800778216485639
AVAX/LINK,0.4627040010702044,1.284825466181253,-0.0944013654766185,0.023069102734109597,0.019349463825731772,32,0.17728594908242593
AVAX/LTC,0.6728798916400202,1.6076750187593398,0.6381531651265027,0.7216654836751176,0.9215648903229372,32,0.8187746725727854
AVAX/MANA,0.9008128972401368,0.8623833945936642,-0.4169513966662772,1.505399269775356,1.2294370603381788,34,1.6694028846146285
AVAX/MKR,0.9437168190081732,1.3553401904438294,0.42090790239536524,-0.5766006560907105,-0.8758237930650894,25,-0.5093508362171614
AVAX/NEAR,0.36233221141784155,0.7899694767070208,0.20606201818501835,0.11060969222828063,0.10421737903568062,33,0.2519526703007645
AVAX/OP,0.22855785044584892,0.6466918207897477,-0.060271616965755254,-0.08208754701402576,-0.05743809317997228,26,0.06905806709188318
AVAX/SAND,0.7788723309932476,0.4583932589286311,-0.47780879370806645,0.39847040693819336,0.3585256198793823,22,0.4965630715452871
AVAX/SHIB,0.23243899742365182,1.4379303968337742,0.8739623787173851,0.8245430694943893,0.8052491504738961,36,0.9679843094187239
AVAX/SOL,0.5540771418837238,0.8707426245473083,0.01559783833175898,0.14306820510813303,0.11043648392471941,30,0.29919736489711096
AVAX/SUI,0.09278474220921251,0.2615279724607945,-0.3212366939413784,0.7763489296278961,0.3688051075089294,17,0.9163809749966829
AVAX/UNI,0.07337390531867007,1.7481153442781616,0.5481192835598308,0.2888141084960932,0.5714343242731789,30,0.34873229511062886
AVAX/XLM,0.46676878287822454,1.765171792648005,-0.3906579201729391,-0.5175500913903552,-1.3251238048791496,33,-0.46539140257111433
AVAX/XRP,0.6122999670678955,0.46151930542323477,-1.143186685871562,-0.26002727709350754,-0.15023833311177093,18,-0.13130946168245503
BCH/BNB,0.5319576158275153,0.3377548636390958,-0.3339863228007274,0.12959054631063874,0.18534914436977598,35,0.22807439631526613
BCH/BTC,0.16837039986187863,1.7237511187407895,-0.04127882655720148,-0.8914564733628882,-1.3353536681992941,32,-0.8011641446163201
BCH/COMP,0.08079522285170199,0.6946270409942177,0.12364119645904048,0.7593436431522311,1.1388656414785094,42,0.8688835735110394
BCH/CRV,0.7064880249732579,0.49659322112153226,-0.6408813725894656,0.03191009071039621,0.03630385512379736,34,0.15273795547105898
BCH/DOGE,0.12748379783222757,0.5202146549300938,-0.3781178585524284,0.3540231639771938,0.4862682774141977,39,0.46692286471996863
BCH/DOT,0.8219626411579887,0.5414639230964774,-0.4910051353298792,-0.0422400948822617,-0.042161570625173894,32,0.08752848020816374
BCH/ETC,0.3017332212549618,0.6068939506156036,0.14179848338382878,-0.13949180486547808,-0.17515049302827923,40,-0.010436343028586521
BCH/ETH,0.021867700515007096,1.3239354571558597,0.33030137951494987,-0.6991045672345904,-1.1248000510825524,36,-0.605962231137535
BCH/FET,0.31836661583249215,0.3985372208673238,-0.5888477957420116,-0.16535709102272286,-0.13570107111608176,30,-0.01661508449377075
BCH/FIL,0.6052372691750478,0.4999686142351641,0.19715274232238442,0.39783852124323826,0.43414353965199887,36,0.5291205516770914
BCH/LINK,0.5779274300307472,0.8582502528557241,-0.7153171512361145,-0.20893918103101322,-0.2084834868152612,30,-0.08635453908987892
BCH/LTC,0.33412325231642714,1.3862232652297755,0.4707216979243843,0.7103920149292334,1.1284001729723263,40,0.809345671424253
BCH/MANA,0.9148493531731018,0.2515562750667864,-0.48475092787112384,0.11955409589211785,0.10958545910655826,33,0.26437738318578813
BCH/MKR,8.719588422471255e-07,1.141551369432629,0.5850436742340712,0.3657416838564362,0.6118376079665684,30,0.43582952988180185
BCH/NEAR,0.9506937668476486,0.26718065648622924,-0.43456182775445834,0.14945943563563505,0.13030826004853868,34,0.30583877301130424
BCH/OP,0.7969953648980046,0.6349091074323099,-1.54950561543151,-0.7874560579833205,-0.722357103137927,24,-0.6776424745057475
BCH/SAND,0.4245570871583042,-0.6587696478993054,-0.04543474910604367,0.3021685473382383,0.4949917162353334,24,0.3610467687295977
BCH/SHIB,0.014372793087063176,0.6544518610696687,-0.5642453708826307,-0.10012264862751769,-0.113632114574859,35,0.02489138021395718
BCH/SOL,0.4209972603045644,0.27064668839774947,-0.2285141328527999,0.150168675008999,0.21130751477438137,37,0.2559588190694005
BCH/SUI,0.452028769753685,0.23275933313707292,0.25372853342383034,0.018125089763332627,0.00956264203601595,22,0.18774507768132606
BCH/UNI,0.03475819849530184,0.9453066829169833,0.22887166545460155,-0.6167412462485647,-1.0336913800119363,29,-0.5452574371918494
BCH/XLM,0.00012287823517966216,1.150500937763394,0.17301345671257784,-0.9144873025809546,-1.9613964871384884,41,-0.8362730359317903
BCH/XRP,0.2208396856248595,0.24916567111021454,0.3262751763326833,0.5022831405285253,0.3043190611390369,23,0.6539912214737786
BNB/BTC,7.041400560649629e-06,0.4481233822341372,-1.5297791827213367,-0.21020393316816244,-0.1627756490901428,36,-0.024096998649548184
BNB/COMP,4.0171307896145996e-05,0.10557006073075656,-1.1927936235462377,-0.6558444165165629,-0.6268361409309902,34,-0.5087495153909921
BNB/CRV,0.06218025380596175,0.3514155471430893,0.003052872512278787,-1.1952771313679398,-0.9546646735792776,27,-1.0535447671921598
BNB/DOGE,0.0030284374145546403,0.5493753433238576,0.8382069215252754,-0.8863292203416833,-0.800011214474508,36,-0.7224552992012941
BNB/DOT,0.3031114115174118,0.383742048747286,-0.05403099952498179,0.14547258936312157,0.09574889365314676,29,0.31985841449131786
BNB/ETC,0.006406450538874276,0.6509882999230963,-1.0245120007456825,0.08178979863304356,0.0808476371300027,39,0.23852481801210218
BNB/ETH,0.007626738390574616,0.8756948917887419,-0.5692249501191687,0.04879486237012377,0.04300199002683891,40,0.23111884436803984
BNB/FET,0.7341247101766721,0.2001624636308016,0.09679838366352779,-0.1301376742933065,-0.07728393939888856,28,0.05799340820992607
BNB/FIL,0.04410032347419446,0.2103553260973158,-0.3646483231741619,0.42138131550285635,0.33019445262750674,40,0.6205395890462109
BNB/LINK,0.7539474453058315,0.343484835072053,-1.2082648740967157,0.2556919759908363,0.1559259448595548,25,0.4172623391171437
BNB/LTC,4.25271400220147e-06,0.2804724592305381,-1.370115320109417,-0.4840965196336124,-0.4393634450116931,36,-0.32356051653999846
BNB/MANA,0.963832370735045,0.24108721316802595,-0.662475503074388,-0.012413819794696369,-0.008033886555195435,30,0.17189105809100896
BNB/MKR,0.0008707872508099852,0.30439683515216054,-1.1504482832797294,-0.8036210498081013,-0.630923020547731,30,-0.646151700530932
BNB/NEAR,0.7895511727891775,0.22669038246856624,-0.09417037182801727,0.11419213387403873,0.07414175730083067,34,0.32152070641553265
BNB/OP,0.9425080333697771,0.3545627322984485,-0.527512149512364,-0.15828883554010317,-0.08733109626520405,24,0.015656357071123082
BNB/SAND,0.9156895690197806,0.11186579062550017,-0.7666752604755481,0.3581333473646851,0.1872637735213367,25,0.5442096639650625
BNB/SHIB,6.558503919548569e-05,0.4549275512397053,0.345803485280698,-0.04156566387733588,-0.03377160341095531,31,0.11045817144799489
BNB/SOL,0.017985467647077254,0.40579502222273656,-0.8447996568912964,0.06597770748915066,0.055681036216643276,40,0.2539181972912505
BNB/SUI,0.4766352757579732,0.34224559933352766,-0.40844574811413364,-0.5656131392359713,-0.21548028038157352,18,-0.3741898279847871
BNB/UNI,0.00013776735780812258,0.2660205266240295,-1.1793657751438966,-0.5041485784763864,-0.46272072362152417,41,-0.32339633512493515
BNB/XLM,0.00010719612419295069,0.17520286355556333,-1.2499366173417659,-0.661843631562028,-0.6542045023465641,35,-0.5180084073440493
BNB/XRP,0.014021576913560579,0.6364013794249501,-1.3176229368738732,-0.6418232416955456,-0.27408741819645727,18,-0.46971526472103986
BTC/COMP,0.2608764872168341,0.3236133860392664,-0.7736709863173666,-0.09070377703963098,-0.06802046296239556,35,0.09789843696733168
BTC/CRV,0.9380379129594592,0.30773171870184246,-0.17764399861042138,-0.6734209622695354,-0.42266384732376755,28,-0.4888176279154363
BTC/DOGE,0.30110092707263614,0.2484443374990398,-0.2154710190027721,-0.48401955362064464,-0.30045663854954724,34,-0.25921185567206695
BTC/DOT,0.9816566119336725,0.3580047222269012,-0.6858268916155116,-0.9759919567935739,-0.5615962611207466,26,-0.7895318675169999
BTC/ETC,0.5136911817065498,0.266996143596141,-0.6047780116352919,-0.7022783329610481,-0.5181666777913861,39,-0.48421893849888975
BTC/ETH,0.007346686422343582,0.7999477483510261,-1.0349596878059235,-0.02615709565850542,-0.016596915400005963,42,0.23611551909234182
BTC/FET,0.17435094106418236,0.3638990509519468,0.020734517506516163,-1.941983608248136,-1.0466741579969996,25,-1.7424636306370485
BTC/FIL,0.6848047508582369,0.25833492562540356,-0.6491291106108966,-0.7068986524043598,-0.4995699273461746,32,-0.5223911229974868
BTC/LINK,0.22024382800511938,0.727073307999024,-0.13331912655522304,0.09600625589569489,0.05917486504634034,27,0.27308579992055326
BTC/LTC,0.16924631931158002,0.7071350039877146,-0.3372787173855065,-0.13249677921415595,-0.10314260761000987,35,0.04710778263827489
BTC/MANA,0.9890280053963494,0.16747672399996955,-0.6523947300719857,-0.4031274435112366,-0.2301785220008723,28,-0.2052355454429626
BTC/MKR,0.049913295445254045,0.5662109879823212,-0.20644730021804455,-0.9429069917245245,-0.7962490062673475,31,-0.7916270362525591
BTC/NEAR,0.9716186617618024,0.20532474655984947,-0.16954559942080405,-1.4004355546327032,-0.7990072738365119,24,-1.2257268447114429
BTC/OP,0.7830448439385214,0.6382059652459293,-1.060185751088174,-0.5393909523104601,-0.3659588208777967,27,-0.3783871760849151
BTC/SAND,0.7093484625112134,-0.39664527860147064,-0.2363649455994656,0.4193005614134406,0.4268802685290063,29,0.5333286944871019
BTC/SHIB,0.36728308405324306,0.4224036812123291,-0.49697320034612663,-0.41504673527220376,-0.2568270929850435,28,-0.22924262462976644
BTC/SOL,0.3029514090696117,0.1961259528750158,-0.036003068568158415,-0.5311564748873079,-0.37600451518279615,36,-0.32231097169696304
BTC/SUI,0.41646807716148715,0.38176909548979704,-1.058434890057342,-0.6775423651090331,-0.15947521955991384,16,-0.4012662191040934
BTC/UNI,0.24152031227350246,0.45520295162627905,0.14961527864165525,-0.53566012500555,-0.41884284192739285,30,-0.3798501165602266
BTC/XLM,0.1046855526667142,0.5560374504758081,-0.023138426870132997,-1.2723561855828183,-1.2172364278734185,38,-1.1084364501783626
BTC/XRP,0.7216540569653048,0.4634497238387273,-1.4313909802471534,-1.4338778894846007,-0.4015602895922637,19,-1.1517283258055608
COMP/CRV,0.0344314211002881,0.8309399562612645,0.7055853744540742,0.6117581737425583,0.8787171975290688,35,0.7078552397503406
COMP/DOGE,0.2833153194082765,0.7052244505328154,0.37309550474983755,0.8258454024953438,1.198202858075842,42,0.9385249235255884
COMP/DOT,0.027799608053706154,0.847701731365741,-0.326135013553469,1.586715825324468,1.7233941808619613,37,1.7155707689632143
COMP/ETC,0.495064331877502,0.8397199400047265,-0.8000896911342644,1.1990856565841697,1.7223657651664432,44,1.3165749706200212
COMP/ETH,0.2394449633321828,1.618874281803177,-1.4195903901032598,0.06082512789226594,0.10159127171157001,37,0.15025126424714721
COMP/FET,0.03459438797062939,0.10576710480785793,-0.2383775643025171,0.7340066030865154,0.943885367607578,28,0.8184127177858501
COMP/FIL,0.010746004710228477,0.7684870076912003,0.37219963802291,1.3147043850016848,2.0325583569815078,38,1.4090013925718168
COMP/LINK,0.15880487846611824,0.6994141418386817,-0.6932512081590426,1.56250099521265,1.6249778964960915,30,1.6708819229148146
COMP/LTC,0.08838645645236004,1.8546221867041754,0.8132552195052911,1.0015954584457867,2.0055915135239646,43,1.0852878924057403
COMP/MANA,0.11229644366935576,0.543770249272112,0.1607527689846408,1.2625435785625079,1.4493978442482458,32,1.3673596836097577
COMP/MKR,0.0007214064797668324,1.4728847146063078,0.6182086624993859,-0.3062602903349473,-0.5625771912624506,32,-0.23587467473078574
COMP/NEAR,0.04271551860545593,0.4483799304110618,-0.07918291693421249,0.5625504554571258,0.7013513108129599,27,0.6467737248551921
COMP/OP,0.06714984941675797,0.20909698534329577,-0.5652217019917957,0.6498558484572021,0.8090615929723157,29,0.7408560191040017
COMP/SAND,0.1799205674939473,0.20738104743514865,-0.2329646367665409,0.6878915913773459,0.7863780409207413,24,0.7706192040105012
COMP/SHIB,3.0928160781342615e-07,1.019600547672711,-0.42521418757809437,1.3997649883948782,2.277723511909951,40,1.4925815964247549
COMP/SOL,0.7156761576077149,0.3381285740409126,0.038674611386003206,0.7295520315857777,1.1741826671464233,40,0.8274585655827358
COMP/SUI,0.13555927456124917,0.2129474179402128,0.16412115301820368,1.5446112253538284,1.1279435068144306,22,1.6555920645626176
COMP/UNI,9.069088437417872e-05,1.3928942574492729,0.4755583006367511,0.8754131508138536,1.8766039466937428,42,0.9523631115453508
COMP/XLM,2.410160872823151e-05,1.5924279506064862,0.9656480865524469,-0.009335794995335123,-0.025567200632485965,42,0.051888517693942454
COMP/XRP,0.00038910165252419515,0.22024300515215847,1.04561057025818,1.268904056670108,1.1457384324638142,21,1.3581379948553516
CRV/DOGE,0.2806134238094006,1.4734174874399435,0.1557936408839955,-0.777624647764866,-1.494154499104044,28,-0.7171664309217495
CRV/DOT,0.3406179441033265,1.1018862866268628,0.011711850397000024,0.10979262564579306,0.13201794482747228,35,0.22685836716331295
CRV/ETC,0.4040712087858508,1.5923121232428776,-0.5798575657898138,0.2734511908152743,0.40448551480890726,32,0.3599587085599122
CRV/ETH,0.9184621999552862,1.541255096383767,0.1653761199154834,-1.3679568936608835,-2.18101237224883,29,-1.2909304903314653
CRV/FET,0.15604745148078875,-0.12443648052693526,-0.35779768524868866,0.2727195393514134,0.4476105865420744,26,0.3364635872735756
CRV/FIL,0.014920469087605175,0.7473998084347107,0.011779488775911102,-0.046912172979872775,-0.06824695843119255,31,0.03956694710048088
CRV/LINK,0.12133658409937109,0.3986112720941889,-1.190656134758564,-0.25813326675024656,-0.35390451800276834,32,-0.16269114752512187
CRV/LTC,0.48290432766184366,1.4974488012995935,1.041600237471142,-0.0787814081136298,-0.13825786397115125,34,-0.00014641354647504964
CRV/MANA,0.0045561870151295675,0.8182707946144131,0.2088613007675093,0.14969782428921774,0.19426646176276335,33,0.25203827979825716
CRV/MKR,0.7998053783575012,1.1554730109086464,-0.8671289497413371,-0.7543166954394606,-1.2202504275011306,28,-0.6831567626192165
CRV/NEAR,0.5937366393391698,0.5724813178598089,0.15776062278899297,-0.9156665896472056,-1.2882901836018543,26,-0.8381373900347424
CRV/OP,0.4684121432015664,-0.11452568560014662,-0.5493871007602829,-0.05264378252689218,-0.08260783256111513,28,0.018670953436949845
CRV/SAND,0.2961250863693701,0.995181096419257,1.5931490866336278,1.7821690447609408,2.677911843568994,30,1.856107354141224
CRV/SHIB,3.455210465597707e-06,1.2111132879622073,0.5079499060772573,-0.1644110352603962,-0.2803050092637024,35,-0.08090217415580582
CRV/SOL,0.9745064087655819,0.6634004712971665,0.28840687019459643,-0.608787918578059,-0.9418043681505637,32,-0.5234850745872207
CRV/SUI,0.5017570445339075,0.2718028736816237,-0.44376536820418433,0.10541710639892228,0.07418235743477525,18,0.2096172474143226
CRV/UNI,0.3292699017311693,1.2972175601793967,0.02336849306235266,0.06798402006694028,0.11406269677905415,28,0.13546376091983195
CRV/XLM,0.46038273177152916,1.3839731190327307,0.5358247492040725,-0.07313412484911336,-0.15831578196890467,34,-0.010298080469171586
CRV/XRP,0.29281265635975495,0.5848206381084413,0.6516887171618841,0.10790345746218533,0.0852392128182852,19,0.20600276720345456
DOGE/DOT,0.11484289065223924,0.5013745537002248,-0.04430758132126312,-0.46980886437606506,-0.5044610828697538,30,-0.35684154583377314
DOGE/ETC,0.0015406103906898331,1.1478844740112806,-0.09806248516828373,-0.15848100532664977,-0.23631750824272454,38,-0.05637747727237803
DOGE/ETH,0.027465470584617038,1.440747832360145,-0.025505553700925856,-1.0696613396705972,-1.4517140157315993,35,-0.9610673031835453
DOGE/FET,0.07376088845571349,0.21968385260627357,0.5280699124593626,-1.169319032599388,-1.3088982968564755,26,-1.073341981059389
DOGE/FIL,0.0027984328820954037,0.44613208060336046,0.2313285317655052,-0.23086463128789328,-0.32219898370815264,35,-0.13011608202431077
DOGE/LINK,0.3592408544298049,0.5134114224631676,-0.02485287016001769,-1.271205146958505,-1.3308397499905689,26,-1.1657520726606438
DOGE/LTC,0.0012452157354285978,0.7520595037312672,-0.27276586277896875,-0.23308921386236928,-0.34385829121079103,37,-0.13233249678342493
DOGE/MANA,0.6899969099193308,0.3090098283287026,-0.63732334557446,-0.3481285735237176,-0.3871807542415434,32,-0.23211161072729
DOGE/MKR,0.024288298708263652,0.7780544612606893,0.37085640863450836,-1.3063169537513208,-1.8088829078935484,29,-1.2163730992444333
DOGE/NEAR,0.4818897609147472,0.2761034261541954,-0.039922291626641015,-0.8757662699915297,-1.005072696638717,30,-0.7685203018795871
DOGE/OP,0.3197013800701742,0.36954100373531323,-0.5212355423936249,-0.661158708983055,-0.67005412084232,27,-0.5504559202939212
DOGE/SAND,0.3620782774689657,0.18858206245502124,-0.13561350716822973,-0.6253554404026743,-0.6529816957821701,28,-0.5164325678497537
DOGE/SHIB,8.289710090613825e-06,0.6334910725774434,-0.5370339982162791,-0.6622798936112807,-0.6605266203120684,34,-0.5222019455116003
DOGE/SOL,0.05859907331638199,0.5471429624799807,0.3176085887766347,-0.33727533973638757,-0.43035176346893583,39,-0.2143001994129896
DOGE/SUI,0.27627551812719675,0.6827709041081363,-1.1138382832198324,0.6483359945595696,0.2526069786383538,17,0.8205409688343902
DOGE/UNI,0.011008738415520662,0.6441143615770317,0.41417504774763875,-0.49251355318953904,-0.7012108980410724,35,-0.39282520039271096
DOGE/XLM,0.01152731448030744,0.5692066428538162,-0.3769677347377832,-0.5313793397736448,-0.8210075565289472,38,-0.4316439091077087
DOGE/XRP,0.13745917021983667,1.2239863299597082,-0.3933856333438271,-0.6291563509772536,-0.38934590612537645,17,-0.517409659066778
DOT/ETC,0.2322260081204206,1.4051853386684998,-0.35597077789953196,1.5670374328887984,1.6996024929411315,35,1.6883799620864675
DOT/ETH,0.7585686938710461,1.294024716527909,-0.36297998405682563,-0.8890709248687487,-0.9162546530949175,30,-0.7689191227158177
DOT/FET,0.16641328226869184,0.08017725854024246,-0.2862832276349999,-0.5645843553183458,-0.6270320701722172,27,-0.4638573995235511
DOT/FIL,1.1342027692435746e-05,0.7975188102501589,1.5829076275703975,0.6049625181509174,0.5514664650241211,34,0.7505731244102278
DOT/LINK,0.47214147885282387,0.715361036941491,-0.7379068934045898,-0.455151360044855,-0.3586221011934702,29,-0.3034691663970897
DOT/LTC,0.5823140085256403,1.2805301470111436,0.4656956172521413,0.47348010183462685,0.4982181878319928,34,0.600394684849275
DOT/MANA,0.284547556973744,0.693318220480037,0.507497168144814,1.5591166871828295,1.1522277917944952,38,1.7510283445667696
DOT/MKR,0.9206344675928451,1.0287174066070277,-0.49881691972236347,-0.6482153999362001,-0.7095968987009971,25,-0.5541249584096307
DOT/NEAR,0.07691067151335639,0.5733956447621137,1.377247268937121,-0.2288749434155052,-0.17382676541769182,30,-0.06775870604299825
DOT/OP,0.07208932942726402,0.21802885644262315,0.19241519883013247,-0.6404201458608031,-0.6077109383476336,26,-0.5265514895916916
DOT/SAND,0.43813659976092567,0.45340453927139746,0.5392981453834385,1.1732404251088338,0.9572356258806262,29,1.3098807923967657
DOT/SHIB,0.20289058289462164,1.1558006381495587,0.12320281166344062,1.5165860255978958,1.1884510606961505,38,1.6981147554920937
DOT/SOL,0.6023740215266855,0.5836123319506371,-0.1666562537876921,-0.12012696614321106,-0.1111148692967627,30,0.011718032055843753
DOT/SUI,0.3344893497355418,0.09819923718410235,-0.6489757906503332,-0.0026870687983593087,-0.0017252035800710136,18,0.11228045369550622
DOT/UNI,0.4921517345541345,1.3795925758768692,0.4238957204702489,0.7338122520268987,1.1255192181197295,28,0.8054625235298379
DOT/XLM,0.34950994550962666,1.4291008881693377,0.48422407062276807,-0.7019228185878816,-1.2431228163092598,38,-0.6151884139949654
DOT/XRP,0.49808647666613526,0.3094608724069087,0.24856400091847328,0.22248672759600727,0.13806370419441313,20,0.35301431745339434
ETC/ETH,0.21221450204107,1.0779849735503786,-0.45868742981322574,-0.06554476315170682,-0.06929919253927247,40,0.0853223954930214
ETC/FET,0.14824999728392918,0.08039455184979719,0.044400958063015604,0.12527907515694092,0.12118695784053131,27,0.23807340653578474
ETC/FIL,0.010813587333151848,0.37294671140868474,-0.1988533362480968,0.4154018779264003,0.38127492869416724,36,0.5683942787141011
ETC/LINK,0.15848173946082583,0.3923406862847989,-0.6822873835962449,0.5378344250822761,0.3930015427236426,28,0.6903275373440022
ETC/LTC,0.022608301627286716,0.460863233889773,-1.6139522797852273,0.2949960417799881,0.31913966871451965,37,0.4292972191106673
ETC/MANA,0.09115464974748239,0.3079650210113855,-0.14281515403053266,0.39265098190040515,0.3050426568797745,30,0.5437183167078783
ETC/MKR,0.09198188921940637,0.5246311831132774,-0.6244063449970163,-0.29520330948305074,-0.31871352806242603,28,-0.19062090558268863
ETC/NEAR,0.008981643201799743,0.3050161339410894,0.040231942761290884,0.24376716418168506,0.2119721765290437,31,0.38668597705247637
ETC/OP,0.2780343835552191,0.21242305686519794,0.06835776515258092,0.022103324317290573,0.018201088257034814,25,0.14526656734895543
ETC/SAND,0.3239913270372798,0.33651590916964086,1.1435554223527336,0.8733434335147146,0.6613320722423173,28,1.0174308558610627
ETC/SHIB,0.00012352404722084005,0.5280387077465238,-0.7604924354032182,0.7570095369087705,0.7076009603256262,34,0.9009996149298173
ETC/SOL,0.09587674030769622,0.4337304759358652,-0.4333422507390425,0.2457597768133005,0.27678234719530415,37,0.3770460355229525
ETC/SUI,0.2036327084161249,0.1463156707744952,0.7197286290355351,0.4765550197128424,0.25164401304071454,15,0.5905563538276559
ETC/UNI,0.0684595356097967,0.44497408072570305,-0.7958695695069469,1.1408340172630578,1.141732476003423,43,1.3053254790922943
ETC/XLM,0.06319636154745155,0.3923709810573999,-1.193696829563591,1.3545260913248107,1.471933300234847,36,1.4806536110140185
ETC/XRP,0.015130020056552444,0.4378846984699917,1.622879140670895,0.5806286379314393,0.34629652680860323,19,0.7079329364431567
ETH/FET,0.050996534885164514,0.2722466351773578,0.2588109847893364,-1.1168496615174042,-0.8957315576598942,23,-0.9951787215918644
ETH/FIL,0.10365719861070283,0.2892255491310895,-0.5285356542625427,-0.4670433807608193,-0.4647124003961448,34,-0.3268131715015452
ETH/LINK,0.2864018175434392,0.6240799454645655,-1.3893388558706463,-0.04804761499629922,-0.030648110152935726,30,0.14220197138697935
ETH/LTC,0.0008145824667727701,0.5461271305855501,-0.3432427397986917,-1.0982944994020298,-1.0448953354491861,32,-0.955568143103489
ETH/MANA,0.8696979949770187,0.24021533077671123,-0.17268815510484242,-0.39189232614930736,-0.326668860525365,29,-0.24882972800498251
ETH/MKR,0.15215789354882286,0.5060481783134155,-0.806293564713921,-2.138029084031742,-2.025008639754367,27,-2.0158222078320573
ETH/NEAR,0.7299847246358216,0.24143209095916127,-0.2049697625184313,-1.49708435542987,-1.2877589116135815,27,-1.363729366901636
ETH/OP,0.856876472008012,0.5116579997780185,-1.3079003458133827,-1.5882349581732367,-1.0912988431187203,24,-1.4421669678354663
ETH/SAND,0.5227551172467285,-0.19147988866828547,-0.325786875476599,-0.15883907203543537,-0.16884520275002848,28,-0.051435300452241296
ETH/SHIB,0.012969396229508068,0.531629952074119,-0.42666345820590407,-0.32804713403383473,-0.26771557010644076,31,-0.1725546874501517
ETH/SOL,0.06985675449763963,0.33345646466996665,-0.058322913761770165,-0.05582273989759178,-0.05386557015169352,40,0.11136008541314174
ETH/SUI,0.3035024628431492,0.1588077563643203,-0.4648450205673265,-1.215770657672618,-0.6770303668917649,15,-1.1012270891088127
ETH/UNI,0.09328243205273568,0.3673652432512559,-0.618578843325015,-0.9062936722980597,-0.8777768731511657,36,-0.7519588739896902
ETH/XLM,0.037333827947921706,0.40506588687604594,-0.40622991115740825,-0.15012499123475861,-0.17552373927999504,40,-0.013224029229883291
ETH/XRP,0.043154659079232285,0.35810550077654185,0.1346802253564535,-1.888079269734555,-1.1289375726702053,17,-1.7668258328430315
FET/FIL,0.8335254273571292,1.711643931480656,0.6505153941470593,-0.00858829618575685,-0.01481244483772215,26,0.05161262968898238
FET/LINK,0.46744706561470717,2.1548033128834865,-0.39416150277111894,-1.3786262564664609,-2.9149842909645387,24,-1.331715307179251
FET/LTC,0.6822944305237203,3.23534869778331,1.4594947804521459,-0.4638994350327208,-1.224373477482665,27,-0.4214089902846154
FET/MANA,0.9218395017252387,-0.42252617744763554,-1.2527225826754398,0.0443251409892592,0.09297069271723782,30,0.10123928786470415
FET/MKR,0.7494926489174771,0.9543795315598753,-0.9902881626290975,-0.8174817203006135,-1.0210126977281284,22,-0.7452769076896647
FET/NEAR,0.7809785836627678,0.8571071692398132,-0.4538143137518141,-1.326740403647926,-1.4461192373651972,25,-1.2310828955261253
FET/OP,0.20650629797550418,1.8413386319779799,0.5263219419838162,-0.2270481573919193,-0.4350524485480795,26,-0.1724881978060846
FET/SAND,0.605801415109578,-0.3932293900066178,-0.9890641496262029,0.44134125442458494,0.8222209491835683,29,0.5019723328881196
FET/SHIB,0.650056589529004,1.8362984788095098,0.2815840688341168,-0.18832134555346025,-0.2914296986732896,27,-0.11822822045915972
FET/SOL,0.6126027719008172,1.0662109902730532,-0.6962119480001098,-1.8240435817597849,-2.2496013707884317,27,-1.7305867515913833
FET/SUI,0.3853967567699683,0.3130731357275215,-1.5858652624662988,-0.20755473572920025,-0.1684342204439082,20,-0.1085327260858977
FET/UNI,0.5685095203620407,2.3060528861534486,0.23078140753046533,0.021026061182059717,0.05448937105122864,27,0.06257469516020273
FET/XLM,0.9385636041974306,1.9497304372136102,-0.5664460844270868,-1.3871120820526996,-3.7883353289341852,26,-1.347453319302477
FET/XRP,0.4769651350199021,0.39397446173418216,-1.0610732565335121,-0.5048404956382923,-0.49698261790437337,22,-0.4137591202395751
FIL/LINK,0.3853492674829208,0.8564564750633329,0.108398395850258,0.4908908101034004,0.5793601409747879,35,0.6087692735754251
FIL/LTC,0.1874163990406621,2.294277394400124,1.4105458473851205,0.46526969169637894,1.0083843746091208,33,0.5260145947714852
FIL/MANA,0.02807298828710299,0.8328164280038097,0.34805013069541385,0.8325754192322106,1.1007309785357715,37,0.9416620236013604
FIL/MKR,0.18314782544368507,1.7291577347462677,0.45685657171740707,-0.6409286158621735,-1.1417022987142003,29,-0.5741476513225205
FIL/NEAR,0.010907760300047984,0.6731967072130794,1.7028802712646667,0.9708249610510004,0.965274942401084,36,1.1104889182503574
FIL/OP,0.05611805802818248,0.2908811343159071,0.03172647911751715,0.2859675336738869,0.3499218554476551,31,0.3876077684393702
FIL/SAND,0.24980234409316443,0.6154511025876791,1.301213735296899,1.3447610874091867,1.338396625844776,28,1.4516802676040208
FIL/SHIB,4.602280554360622e-08,1.417099771706391,-0.11139779940415331,0.532718669456848,1.0245800757124457,36,0.6064994053591153
FIL/SOL,0.14049111171548034,1.0232593425259102,0.04728529585605952,-0.2611020611979066,-0.42047964401539817,36,-0.17122047793045864
FIL/SUI,0.47302353414982135,0.07788020980596386,-0.46580144190038353,1.5614850360514105,1.3359025817022938,22,1.6601455041456679
FIL/UNI,0.004955251689436224,1.7689674465390228,1.1457140614153571,0.6607106591735789,1.6313036038308726,33,0.7135832961584483
FIL/XLM,0.07271527058639228,2.0826285549666146,0.7436858557864616,-0.4547450817488615,-1.5014415053121901,36,-0.4106496663280036
FIL/XRP,0.5138435970297696,0.24272241626364047,-0.4820339272100876,1.623368368732026,1.4111689503489844,24,1.7284712953822385
LINK/LTC,0.6107144791486755,0.6916916525107447,-0.6186761366205138,0.21889421492945513,0.19388579818923624,32,0.3614954646838468
LINK/MANA,0.7006790163807708,0.29107480256883844,-0.17052073424778788,-0.41127065222378145,-0.45264394285691,32,-0.2937850472795834
LINK/MKR,0.014362675446517394,0.6706514757937065,-0.8308708020129276,-1.3454043527179875,-1.4768621367219648,24,-1.2542289881838533
LINK/NEAR,0.6430536918395594,0.3163077866785823,-0.1406752583609556,-0.6674831438659198,-0.7128218038471601,31,-0.5486719811116914
LINK/OP,0.42675236641308967,0.579456292265001,-0.22243354695981135,-0.3986500492719354,-0.29683165020704205,28,-0.2467924936582924
LINK/SAND,0.6271130763502628,-0.06564926731146645,-0.5444254046701763,0.21629671669993794,0.24408842704164474,26,0.309176051772937
LINK/SHIB,0.3253808145634731,0.6087453753706307,-0.31734521210644306,-0.25663518322044926,-0.22439466865503122,32,-0.10733015014022994
LINK/SOL,0.02068148203021188,0.5111600885220803,-0.04904067927978596,-0.1732904682368749,-0.17037275057206142,30,-0.05104067501619461
LINK/SUI,0.1735467220649501,0.24553176763421863,0.21808224355629385,0.5257690133639241,0.2716648815222792,19,0.673043547441898
LINK/UNI,0.38310102060907303,0.9698797933535415,0.02165713008943079,0.3416373415495816,0.38974128405407926,32,0.4521365619178535
LINK/XLM,0.7094615125355288,0.9993243820266711,0.3976205238824054,-0.5457097986906582,-0.8240941540331386,31,-0.4625090464454457
LINK/XRP,0.2121407073930045,0.44920250844227855,0.4789747598258901,-0.033906805211868035,-0.020326281466249277,20,0.09909184053269378
LTC/MANA,0.20320071015604746,0.19333800333353068,0.7458232449889748,0.24748661411150064,0.22251716317890466,29,0.37695606525687014
LTC/MKR,0.016499588862732045,0.6706627484765011,0.7726276579447159,-0.09284926846844639,-0.10014235915214567,33,0.02937445548044871
LTC/NEAR,0.19073941134541955,0.11248159597845599,0.8054238727618718,-0.6426266050379976,-0.6375959490401506,27,-0.5298188524238985
LTC/OP,0.08003663281072732,0.23407236729536024,1.5349899964819007,-0.37166607353446246,-0.3340908897668289,26,-0.2530649952835948
LTC/SAND,0.00843119063667292,0.18835420521970464,0.6781875927319828,0.018377294603279578,0.01500809124777458,23,0.13041586141363065
LTC/SHIB,0.0023047831159238854,0.5136233451186959,-0.09580619960815479,-0.3346623044925529,-0.34769102904556975,31,-0.2125192656564375
LTC/SOL,0.40024763236130334,0.14162753959612157,0.7345463481897835,-0.4466792401261211,-0.5771160367299427,34,-0.3387591770491324
LTC/SUI,0.09868051829776664,0.2267207701136538,0.7738831786954813,0.3933101577672849,0.1668653556912395,18,0.5654009084952216
LTC/UNI,0.0045938745659919135,0.6213817680380532,1.2080837469560397,0.7100299839682169,0.8307757690206251,40,0.842596329487286
LTC/XLM,0.030046381770342336,0.7027590175624625,1.0571304780991757,-0.13915227489036106,-0.17233562116625856,38,-0.016353197567699856
LTC/XRP,0.000321882948496068,0.19648346642588907,0.7313905279371635,0.5705620023497481,0.3128644803601349,17,0.6945197249883623
MANA/MKR,0.7370163843187783,1.1126846272010102,-0.6154475919372907,-0.8286779775049448,-1.0425163065125533,27,-0.7401737308289558
MANA/NEAR,0.6099081186747686,0.7695534745757754,0.34624188396580824,0.626122387124078,0.6739948909519419,39,0.7674256567731489
MANA/OP,0.24494059933581686,0.01532685002003127,-0.8476304263466444,0.4833571943891659,0.6419436535112188,28,0.5672130048956017
MANA/SAND,0.17766145875590578,0.8717877471778214,0.7263504449571343,2.648208390626239,2.401132064105778,33,2.774401889716432
MANA/SHIB,0.7871177228040431,1.3811138342460718,0.12872212368404523,1.273568309347976,1.391326024751237,36,1.4036931402595203
MANA/SOL,0.7957790851272852,0.5579925632129394,-0.20895491412706751,0.03338609781593837,0.03679840173591148,27,0.13267225292085993
MANA/SUI,0.40753653193080075,0.13278007766131472,-0.34086956349675024,0.7195378534654463,0.5112164683005931,18,0.8199507112565163
MANA/UNI,0.6966223241013956,1.5789737384053737,-0.2045115871618151,0.8527982363674977,1.4663236826525594,31,0.9238312425284118
MANA/XLM,0.5077086582117527,1.726238470395545,0.9260232840698128,-0.5705752705143662,-1.2952196893343155,32,-0.5133638559231827
MANA/XRP,0.3965938211793725,0.3759595704019809,-0.11758532248363214,0.4791786873688748,0.33993967653495993,20,0.5920475004584355
MKR/NEAR,0.6199724771449086,0.29280496505743825,-0.3338701065155002,-0.6411495883263072,-0.670938879659308,25,-0.5437598260351671
MKR/OP,0.8038864614098604,0.23482486525011562,-1.0570237535800096,-0.553813645147983,-0.5250944669915787,22,-0.4591263047349405
MKR/SAND,0.9834500883921031,-0.3580703467659126,0.04065736335045311,0.7935664488341271,0.9346351061209119,23,0.868655101510094
MKR/SHIB,0.002713223137534953,0.7389468560963456,-0.48883148915504326,-0.7285387420663182,-0.9398828347654377,30,-0.6332577264742643
MKR/SOL,0.7089236326467983,0.30695933519750185,0.7822696264772238,-0.7562818915450876,-0.958432251455893,25,-0.6749311619709601
MKR/UNI,0.08229057582554478,0.8388364401324444,0.2539957711234983,-1.1032928992805318,-1.6876336512984742,31,-1.0184548723319173
MKR/XLM,0.002680540008411003,0.9497785355280907,0.9675159426781562,-0.4207652025669815,-0.7703736515508081,33,-0.3477242553996834
MKR/XRP,0.10776819118977038,0.1877968566671413,-0.6091492355601912,0.2583973024997827,0.16277237708210457,13,0.33971193379042985
NEAR/OP,0.638662114054217,0.42707907424460745,-0.6749374539253311,-0.09436008619943737,-0.09775528434027339,28,0.01368655703911454
NEAR/SAND,0.920810049763151,0.4413430964837046,-0.5777238159218664,0.9098300516031994,0.8921667669960326,27,1.0147043245571523
NEAR/SHIB,0.09960468259932592,1.6313267628151231,0.40787725614811765,0.13428906149129471,0.19746616320993038,34,0.22629870617875572
NEAR/SOL,0.6313215585994056,0.7905343047925331,0.8884338094026968,-0.20957449431096928,-0.23518665690005336,33,-0.09151848898544626
NEAR/SUI,0.18161862005630458,0.3005792650110317,-0.6592977536659038,0.6087838098891811,0.48173046962606436,20,0.7063295594970715
NEAR/UNI,0.280492122271973,2.0227138822044153,0.22835362824863065,0.49097693931395125,1.2020474159925738,28,0.5363219593954747
NEAR/XLM,0.5312661807958317,2.1087462796616685,0.8520964260576338,-0.41138434743758395,-1.2797647665790957,30,-0.37232878614711995
NEAR/XRP,0.5785239747124554,0.4286263807767213,-0.6355369572863586,0.2872876937623806,0.2384120131870847,23,0.39631579694304586
OP/SAND,0.1370515631612214,0.3761651816721781,-0.10541322099493451,0.9393909376472648,0.9890493274033056,29,1.0463243065734726
OP/SHIB,0.10026792450146244,0.6042727549193753,0.0023758863454498872,0.3487470278549658,0.3565928740692331,28,0.4564569609199217
OP/SOL,0.05117872654520296,0.37813506119337537,0.2022715420604235,0.3577711768064984,0.39845698182050215,32,0.47088745261948517
OP/SUI,0.5971369214230939,0.020019252308876734,-0.34683244033847593,1.0012710087201093,0.9074544873153969,22,1.0941267653394082
OP/UNI,0.1687960589768166,0.99893726637264,-0.08141831647376863,-0.25520025510116107,-0.2564042645212111,24,-0.15911477409636712
OP/XLM,0.11311070112578614,0.709517612847663,-0.6677611729350494,-0.5962953139886931,-0.8080582792658497,30,-0.5065648485968542
OP/XRP,0.4402062008614833,0.12160256442540775,0.45592506845336456,-0.01623571908666952,-0.015897639624163518,22,0.07337455712727867
SAND/SHIB,0.46203278672570414,0.15977659852449802,0.023444772459792377,0.2860883137659568,0.4647821876418172,26,0.35028494934101784
SAND/SOL,0.2861477106133681,-0.03846615977086455,-0.335211041077935,0.26196955069299344,0.4659437874339679,28,0.32518598294423623
SAND/SUI,0.3759448930452095,0.19963483832212778,-0.5958271843864704,1.747809064273654,1.5501552346969456,19,1.8265333253981175
SAND/UNI,0.5413056927205522,0.36801112183669693,-0.23001265804960186,0.6424941438966869,1.0234393938627284,27,0.70942581534595
SAND/XLM,0.3020405824698883,-0.10616479423846303,-0.26132664395926863,0.35354798865585985,0.6404695011286042,29,0.4173839486162333
SAND/XRP,0.34462234071685804,0.4686505690830587,0.0547318365010163,1.9086815332869398,1.906411985574306,23,1.9942082414011655
SHIB/SOL,0.06497511527411927,0.5015644904631585,0.27570525908675136,0.03500633580211717,0.047131674249882405,36,0.14161907261860895
SHIB/SUI,0.44189069303715744,0.3513094443866101,-0.12594129323961795,1.7529599441191561,0.5880031719663106,17,1.9364439890967362
SHIB/UNI,4.5273115492978054e-05,0.882533796796957,-0.0798015831180443,-0.19558565992602164,-0.2997993087413808,35,-0.10271775150312355
SHIB/XLM,0.0014877923201239327,0.9911034655754947,-0.6121838729085681,-0.6791331039521382,-1.1632588230599223,35,-0.5960612817617545
SHIB/XRP,0.47599964698282626,0.4468315936654832,-1.2776343961906438,0.856635502373977,0.422932599631623,21,1.0222280350958093
SOL/SUI,0.02222981412567342,0.47694452883339244,-0.404553170078795,1.2825449636089674,0.49434850818259657,20,1.481106652370502
SOL/UNI,0.02175465341587904,0.5482387090249502,-1.0990320270108163,-1.1560806789181428,-1.4991929856105728,32,-1.053719571218317
SOL/XLM,0.012683102830691871,0.542388577629477,-0.2781749467795238,-1.2439534732489255,-1.873900748868307,35,-1.147396543402999
SOL/XRP,0.00651262310407311,1.102414081881666,-2.108587491005956,-0.09406964352312815,-0.04995557018657629,17,0.03374668382784063
SUI/UNI,0.43241109554417045,1.5109707511093298,-0.7696788347961591,0.24068319422259243,0.2330868010099885,20,0.3242826691489542
SUI/XLM,0.14173931294728448,0.9456543006714486,0.17502777304960074,-1.1485800653037983,-0.8995142414172569,21,-1.038402256786509
SUI/XRP,0.222163685944248,0.8690909683335113,0.08646857704776002,-0.7578157484160593,-0.44806241380421485,15,-0.653742591610791
UNI/XLM,0.03064289132595029,1.0503987577061218,0.22304306731283025,-0.6105855140063805,-1.2987568903124393,37,-0.5398955899787755
UNI/XRP,0.27942096588454113,0.4929888041362848,-0.5606205080727049,0.15165257095449342,0.10152553962336236,17,0.25508828035573194
XLM/XRP,0.00013795294558332992,0.7923419042182814,0.010462669147203856,-0.21089232268895436,-0.13310326869520905,22,-0.07130341728934085
