sym,side,ts,k,v,fwd6,fwd12,fwd24,fwd48,fwd72
1000PEPE,-1,2025-08-14 12:00:00+00:00,4.0,2.0,154.63090121100697,86.0546826231956,188.2501917280488,250.49492589487855,-46.103907685173255
1000PEPE,-1,2025-09-25 17:00:00+00:00,4.0,2.0,-322.0521567395296,-270.8828942053043,-562.6374612864126,-367.49854122716476,-408.680820503613
1000PEPE,-1,2025-10-10 15:00:00+00:00,4.0,2.0,2500.598884363985,1965.7095924164125,1945.4045606470227,1534.9691431961032,1081.1859051139006
1000PEPE,-1,2025-10-30 04:00:00+00:00,4.0,2.0,54.45821435930753,592.2698772482404,323.21686144064057,348.97412498896216,110.38827234994608
1000PEPE,-1,2025-11-03 15:00:00+00:00,4.0,2.0,74.2134420403473,-28.396223128115405,335.3541688442907,-54.527716804291245,706.2471690881855
1000PEPE,-1,2025-11-21 07:00:00+00:00,4.0,2.0,-86.12372638068466,333.19999058757156,623.573428712616,156.71694472551013,-10.353672023908356
1000PEPE,-1,2025-12-01 00:00:00+00:00,4.0,2.0,223.4255444379052,353.8552089464408,502.6486168334321,-815.5385520894631,-1328.5462036492036
1000PEPE,-1,2025-12-18 17:00:00+00:00,4.0,2.0,168.3653209794833,-197.48510919920471,-763.7326273990741,-876.5056254136327,-629.516876240901
1000PEPE,-1,2026-01-19 00:00:00+00:00,4.0,2.0,-69.14934713744935,24.723788920650858,-125.93679981457217,170.94182183419628,-55.4353704705246
1000PEPE,-1,2026-01-21 16:00:00+00:00,4.0,2.0,-526.3481019134342,-569.5282922337053,-203.8268699478163,-587.7417374398841,-246.3931239128203
1000PEPE,-1,2026-02-28 06:00:00+00:00,4.0,2.0,-300.56464456348573,-436.65846242942007,-529.0285217894897,146.5180251918341,-57.91226292167329
1000PEPE,1,2025-08-22 14:00:00+00:00,4.0,2.0,704.4065016403223,351.1780495079031,527.699075454815,64.02848195645738,-562.1831195943927
1000PEPE,1,2025-09-12 17:00:00+00:00,4.0,2.0,547.1542480065983,815.9862346669966,542.1873752738437,228.6535340186435,-531.1892999370282
1000PEPE,1,2025-12-02 15:00:00+00:00,4.0,2.0,424.64276085198094,484.85665498337215,650.2201851352552,807.9446391659917,-255.23501393008075
1000PEPE,1,2026-01-01 17:00:00+00:00,4.0,2.0,960.0303003297372,1410.5249086534188,3151.2342928437743,3561.8483201140716,5685.322163800018
1000PEPE,1,2026-01-21 19:00:00+00:00,4.0,2.0,65.56425877574767,-87.80582148728344,-427.2314089546458,-303.45227734261624,-322.0191470844214
1000PEPE,1,2026-02-25 01:00:00+00:00,4.0,2.0,-293.9017227877827,155.63821456538784,60.93382928739288,-618.1480031323405,-1036.6092404072035
1000SHIB,-1,2025-10-10 21:00:00+00:00,4.0,2.0,-1161.8572358429158,-1392.9268821870244,-751.7899761336499,-1569.7548275113893,-2114.3415057496195
1000SHIB,-1,2025-11-03 15:00:00+00:00,4.0,2.0,109.3191903885704,2.1647364433385885,361.510986037451,80.0952484035078,391.81729624418347
1000SHIB,-1,2025-11-20 16:00:00+00:00,4.0,2.0,201.92421902838876,340.89559330086615,572.5145504216655,896.7810903907824,614.0871837510398
1000SHIB,-1,2025-12-01 00:00:00+00:00,4.0,2.0,-41.43646408839796,-2.5113008538424353,5.022601707684871,-699.3972877950782,-1206.6800602712212
1000SHIB,-1,2025-12-12 15:00:00+00:00,4.0,2.0,-124.80117459928941,-230.02569435947694,-227.57861250458865,105.22451976018532,427.01578367796424
1000SHIB,-1,2025-12-17 15:00:00+00:00,4.0,2.0,227.89071604298883,302.9910656480639,463.55043376926085,265.44089084552525,378.09141525314004
1000SHIB,-1,2026-01-21 16:00:00+00:00,4.0,2.0,-390.7776475185609,-349.09469844991656,-289.17545916373524,-451.99947896313654,-194.08623160088513
1000SHIB,-1,2026-01-31 14:00:00+00:00,4.0,2.0,182.35294117647015,-32.352941176470026,244.11764705882243,-264.70588235294247,-289.7058823529419
1000SHIB,-1,2026-02-15 12:00:00+00:00,4.0,2.0,195.95928907792936,13.671578307763443,104.8154336928464,59.24350600030381,262.7981163603221
1000SHIB,-1,2026-02-23 01:00:00+00:00,4.0,2.0,-224.43469456631783,-342.55821802227524,-96.18629767127906,-188.99763752953103,-499.49375632804663
1000SHIB,-1,2026-02-28 06:00:00+00:00,4.0,2.0,-181.422351233671,-330.1886792452824,-502.53991291727027,-45.35558780841775,175.9796806966629
1000SHIB,-1,2026-03-10 18:00:00+00:00,4.0,2.0,197.20767888307233,202.44328097731247,-120.41884816754056,-354.2757417102971,-389.17975567190234
1000SHIB,-1,2026-04-02 01:00:00+00:00,4.0,2.0,117.22731906218087,6.795786612300292,62.861026163777424,-15.29051987767538,-96.8399592252811
1000SHIB,1,2025-07-02 16:00:00+00:00,4.0,2.0,-108.14889336016043,124.91616364855851,-52.81690140845008,-477.8672032193154,-404.0912139503683
1000SHIB,1,2025-07-10 21:00:00+00:00,4.0,2.0,299.756542909313,255.62994522215553,65.4290931223378,28.910529519172723,16.737674984785844
1000SHIB,1,2025-08-22 14:00:00+00:00,4.0,2.0,509.3352081868607,164.8308725880776,303.101320209358,57.02679478165828,-371.06476056558034
1000SHIB,1,2025-10-21 14:00:00+00:00,4.0,2.0,-73.11207311207268,-354.01635401635434,-422.31842231842285,-319.3843193843182,-295.33429533429523
1000SHIB,1,2025-11-05 02:00:00+00:00,4.0,2.0,-75.27119769758728,97.40978525569987,115.12065530219218,210.31658180207913,1153.420411777728
1000SHIB,1,2025-11-07 16:00:00+00:00,4.0,2.0,207.65472312703758,126.22149837133722,-3.053745928338625,91.61237785016318,236.15635179153216
1000SHIB,1,2025-12-02 15:00:00+00:00,4.0,2.0,1.172470395121028,159.45597373666408,921.5617305663027,327.11924023918425,-329.4641810294285
1000SHIB,1,2025-12-17 14:00:00+00:00,4.0,2.0,-584.5380263984912,-604.6511627906981,-638.592080452547,-590.8233815210561,-646.1345065996238
1000SHIB,1,2025-12-26 02:00:00+00:00,4.0,2.0,-62.12037548315785,-146.32799558255027,-66.26173384870148,121.47984538928736,419.657647708449
1000SHIB,1,2026-01-02 12:00:00+00:00,4.0,2.0,478.33935018050556,455.13151108818926,190.82001031459407,1432.4394017534803,1277.7204744713777
1000SHIB,1,2026-01-04 16:00:00+00:00,4.0,2.0,-134.32346838484156,-515.4526591678499,351.6435513814553,-329.8023370099379,-310.1452440755703
1000SHIB,1,2026-02-03 19:00:00+00:00,4.0,2.0,10.407374368124334,135.29586678560744,-74.33838834374207,-1556.6458519179305,-718.1088314005347
1000SHIB,1,2026-03-04 15:00:00+00:00,4.0,2.0,-181.09692997585358,-282.85615729561897,-507.0714039323909,-767.5060365643327,-774.4049672300802
1000SHIB,1,2026-04-07 22:00:00+00:00,4.0,2.0,8.134049129657761,-144.78607450788994,-344.88368309744556,-387.1807385716597,-292.8257686676416
AAVE,-1,2025-08-14 12:00:00+00:00,4.0,2.0,24.761230986912743,-57.88339711225943,136.66913207061816,662.1217480785934,228.31784416503243
AAVE,-1,2025-09-05 14:00:00+00:00,4.0,2.0,-108.86625480046818,-85.49006511938461,24.37802638169839,-5.677074636833979,-223.40958423776814
AAVE,-1,2025-09-22 00:00:00+00:00,4.0,2.0,728.305965205871,579.7859359202317,720.6359167451093,321.0961196527551,447.65191925530746
AAVE,-1,2025-10-10 20:00:00+00:00,4.0,2.0,689.5001430498215,204.76560264846455,617.1578043895853,-303.6743368618966,-633.5063554992448
AAVE,-1,2025-11-03 15:00:00+00:00,4.0,2.0,39.94607280171869,-95.87057472412175,315.0746492235479,-101.86248564437949,266.64003595146534
AAVE,-1,2025-12-12 15:00:00+00:00,4.0,2.0,32.7187743443269,-106.98519864970058,-260.19215788106953,10.386912490263356,515.7102051415219
AAVE,-1,2026-04-07 10:00:00+00:00,4.0,2.0,18.225310399818675,-912.4046018908749,-867.98040779132,-232.3727075976745,-250.59801799749204
AAVE,1,2025-07-06 21:00:00+00:00,4.0,2.0,-2.4270161569928117,-18.722696068234068,-292.9755218084729,127.59170653907415,508.63324318701774
AAVE,1,2025-08-22 14:00:00+00:00,4.0,2.0,712.6816792464607,816.8548437402534,1304.0359303848793,967.8123635456304,157.50732954899814
AAVE,1,2025-10-31 19:00:00+00:00,4.0,2.0,-267.0318384115034,-298.69907565902133,-411.67408421773354,-387.2817528243755,-1479.8014378637458
AAVE,1,2025-11-02 16:00:00+00:00,4.0,2.0,63.49758622189228,-707.6066628974042,-1027.7040838516073,-1661.3752011481763,-1136.86774235637
AAVE,1,2026-01-02 20:00:00+00:00,4.0,2.0,280.9443717685167,66.03127141344257,55.44135052637955,214.91310035507416,672.1485080670275
AAVE,1,2026-04-07 22:00:00+00:00,4.0,2.0,-14.699706005879554,17.849643007139537,-364.34271314573664,-500.83998320033515,-177.44645107097833
ADA,-1,2025-08-14 12:00:00+00:00,4.0,2.0,235.28136181286018,66.13900032527376,-183.23755827821753,187.57454190610366,-545.3756912067664
ADA,-1,2025-09-15 08:00:00+00:00,4.0,2.0,-40.911747516072516,-105.20163646990044,-161.3091759205143,-188.19403857393445,-725.8912916423133
ADA,-1,2025-09-22 05:00:00+00:00,4.0,2.0,67.25111084424196,175.33325327248605,82.86297586165503,207.75789600096073,516.3924582682844
ADA,-1,2025-10-10 15:00:00+00:00,4.0,2.0,2098.197161488301,1590.5894386907048,1677.5348420918035,1213.3998209947572,847.7176831607214
ADA,-1,2025-10-30 04:00:00+00:00,4.0,2.0,-0.0,437.4801145402496,262.4880687241504,321.34902958956377,213.17212853961266
ADA,-1,2025-11-03 15:00:00+00:00,4.0,2.0,25.449918196692735,-129.06744228322165,372.6595164515556,29.085620796219793,523.5411743319407
ADA,-1,2025-12-01 00:00:00+00:00,4.0,2.0,-12.893243940175214,263.02217637957705,38.679731820525646,-1237.7514182568339,-1565.2398143372893
ADA,-1,2025-12-12 15:00:00+00:00,4.0,2.0,-53.92156862745079,-58.8235294117645,-88.23529411764896,210.78431372549056,632.3529411764706
ADA,-1,2025-12-17 15:00:00+00:00,4.0,2.0,353.77358490566115,435.0104821802936,267.29559748427613,201.78197064989467,141.50943396226467
ADA,-1,2025-12-18 17:00:00+00:00,4.0,2.0,231.71412618648856,-153.5455053043,-410.3852596314894,-510.8877721943039,-134.0033500837512
ADA,-1,2025-12-25 22:00:00+00:00,4.0,2.0,-222.41478913922475,-254.18833044482892,-92.43212016175617,-681.6868861929515,-644.1363373772391
ADA,-1,2026-01-18 23:00:00+00:00,4.0,2.0,338.5763796320973,226.60623833644422,183.95094641428855,490.5358571047713,210.61050386563474
ADA,-1,2026-01-21 16:00:00+00:00,4.0,2.0,-532.52734599885,-515.2561888313189,-423.1433506044913,-521.013241220496,-322.39493379389694
ADA,-1,2026-01-31 14:00:00+00:00,4.0,2.0,248.23884602482303,87.21905400872143,295.2029520295196,-97.28279100972958,-191.21100301912276
ADA,-1,2026-02-23 01:00:00+00:00,4.0,2.0,-255.41795665634749,-460.5263157894735,-65.78947368421018,-390.86687306501443,-1478.3281733746123
ADA,-1,2026-02-28 06:00:00+00:00,4.0,2.0,-305.57677616501076,-511.8411000763956,-798.3193277310941,-332.3147440794516,-259.74025974025983
ADA,-1,2026-04-02 01:00:00+00:00,4.0,2.0,205.84602717167556,37.05228489090162,115.27377521613813,-86.45533141210305,-168.79374228077282
ADA,1,2025-07-02 16:00:00+00:00,4.0,2.0,-188.26693561943108,109.26206085056344,-30.257186081694698,-389.98150949739465,-334.51000168095544
ADA,1,2025-07-10 17:00:00+00:00,4.0,2.0,240.37730108017686,483.79735280693836,1317.5110299710946,731.7815305035747,1349.4599117602313
ADA,1,2025-07-12 01:00:00+00:00,4.0,2.0,-160.4058129969843,-323.5536057033184,-145.32492459555903,334.5215245407185,-93.22731011790597
ADA,1,2025-08-01 14:00:00+00:00,4.0,2.0,-160.50054406963943,-194.5048966267682,-495.10337323177333,-129.21653971708304,122.41566920565772
ADA,1,2025-08-14 00:00:00+00:00,4.0,2.0,643.1999999999994,-37.333333333332554,-227.19999999999962,217.60000000000002,-286.9333333333335
ADA,1,2025-08-22 14:00:00+00:00,4.0,2.0,377.2958619163513,-33.19318433281704,126.1341004647032,-61.96061075459225,-430.40495684886105
ADA,1,2025-09-01 07:00:00+00:00,4.0,2.0,-293.59112065878935,-521.5419501133778,-192.14703425229794,-94.28332736603484,-264.9480844969565
ADA,1,2025-10-01 08:00:00+00:00,4.0,2.0,140.01207000603478,152.08207604103796,318.64815932407976,357.27217863608774,195.53409776704945
ADA,1,2025-11-07 16:00:00+00:00,4.0,2.0,162.31474947071334,195.83627381792422,-112.91460832745126,82.92166549047408,347.5652787579397
ADA,1,2025-12-02 15:00:00+00:00,4.0,2.0,184.53632328895077,280.30833917308985,200.88764307404804,436.81382854473316,-336.370007007708
ADA,1,2026-01-02 16:00:00+00:00,4.0,2.0,141.3518375738887,97.66126959650512,-25.700334104343803,349.52454381906864,637.3682857877138
ADA,1,2026-01-21 19:00:00+00:00,4.0,2.0,-62.58503401360471,-87.07482993197235,-212.24489795918288,-231.29251700680254,-231.29251700680254
ADA,1,2026-02-03 19:00:00+00:00,4.0,2.0,16.97792869269854,254.66893039049364,-169.7792869269954,-1582.3429541595913,-645.1612903225789
ADA,1,2026-02-20 15:00:00+00:00,4.0,2.0,-138.2647770480472,-214.31040442447258,-307.6391289319047,-632.561354994815,-808.8489457310743
ADA,1,2026-02-25 01:00:00+00:00,4.0,2.0,48.652694610780145,741.0179640718551,1100.299401197604,733.5329341317376,441.6167664670678
ADA,1,2026-03-10 14:00:00+00:00,4.0,2.0,-386.0294117647067,-452.2058823529429,-352.9411764705881,-378.67647058823616,-29.411764705883357
ADA,1,2026-03-23 11:00:00+00:00,4.0,2.0,119.64492473948152,34.73562331146374,150.52103434967324,594.3651099961422,-54.033191817831614
ADA,1,2026-04-07 21:00:00+00:00,4.0,2.0,338.71602993304384,192.98936589208228,-86.64828672705904,78.77116975187005,19.69279243796862
ADA,1,2026-04-13 22:00:00+00:00,4.0,2.0,-226.5372168284785,-157.76699029126263,-315.5339805825241,-52.58899676375384,481.3915857605178
BNB,-1,2025-07-03 15:00:00+00:00,4.0,2.0,-105.29038540541214,-44.276737215280804,80.18501894313968,55.5361136892718,-94.03100893142336
BNB,-1,2025-09-25 17:00:00+00:00,4.0,2.0,12.639319774790936,133.39182935873885,-31.33715646642221,-125.0352543010247,-227.29884156978298
BNB,-1,2025-10-10 21:00:00+00:00,4.0,2.0,-213.8629157572347,-172.09632364168837,-285.0906739241732,-1561.2621594675447,-1603.0287515830887
BNB,-1,2026-01-06 17:00:00+00:00,4.0,2.0,-186.29922141936817,-247.46541197557815,-49.963591553241486,45.594577942081884,-38.20086260012179
BNB,-1,2026-01-29 15:00:00+00:00,4.0,2.0,-40.385104954985266,155.407438265176,155.9860214307196,822.9766946700922,1277.743062787845
BNB,1,2025-07-10 21:00:00+00:00,4.0,2.0,64.36358859845059,66.69877548637571,19.119342644891013,0.0,82.02343943838785
BNB,1,2025-08-22 14:00:00+00:00,4.0,2.0,283.2176641700457,119.21940493369254,185.8723287294728,-63.33172999839598,-107.07986898462974
BNB,1,2025-09-10 13:00:00+00:00,4.0,2.0,-140.15951856809482,-147.68189209818928,-49.22729736606346,56.41780147571218,361.51642200515477
BNB,1,2025-10-23 15:00:00+00:00,4.0,2.0,-112.58231253982842,98.7750477943794,-268.2680733555187,-163.2089499398126,-42.83792395383345
BTC,-1,2025-07-15 14:00:00+00:00,4.0,2.0,-132.89042273362472,-127.4072056025366,-265.28080365340935,-248.4259459627225,-160.92724995107278
BTC,-1,2025-08-01 13:00:00+00:00,4.0,2.0,33.4733158355216,57.121609798774784,108.95888013998211,49.06386701662324,-33.39457567804072
BTC,-1,2025-08-14 12:00:00+00:00,4.0,2.0,78.23879408926038,15.491247571340905,94.45369581113638,105.24119140399857,37.54586999637266
BTC,-1,2025-08-24 19:00:00+00:00,4.0,2.0,-72.97506411412469,106.50894932785704,270.0299450932597,116.97329814422174,19.942668160219945
BTC,-1,2025-09-05 14:00:00+00:00,4.0,2.0,-2.1533394857331523,-45.89870256772155,16.349094330745384,-66.37352297197197,-184.5357653402835
BTC,-1,2025-09-25 17:00:00+00:00,4.0,2.0,-58.43067182863982,-45.51654662504623,-81.41873384585274,-54.69890326446958,-131.42075598645332
BTC,-1,2025-10-10 20:00:00+00:00,4.0,2.0,169.87249930606185,227.67293064210992,295.2103835878661,-54.402981349925824,-126.66008775578331
BTC,-1,2025-10-30 04:00:00+00:00,4.0,2.0,-108.23917124459737,98.24006517389682,-125.06715989446081,-146.40165810061222,-181.0160750605694
BTC,-1,2025-11-03 15:00:00+00:00,4.0,2.0,-65.7545076781374,-90.81555260076924,331.8460627679876,177.48894004074089,464.5655738790155
BTC,-1,2025-11-12 15:00:00+00:00,4.0,2.0,20.003661952799902,4.347345035263794,151.55001454010718,505.10470345525806,589.6527313370137
BTC,-1,2025-12-01 00:00:00+00:00,4.0,2.0,52.81629405095134,115.09651364162265,63.7866281516708,-601.804470468641,-709.3114447953019
BTC,-1,2025-12-12 15:00:00+00:00,4.0,2.0,-45.163178268265995,-50.7265163156001,-20.9070243818843,120.67992892279334,390.24591066836865
BTC,-1,2025-12-17 15:00:00+00:00,4.0,2.0,102.19282803828888,52.294837375670426,-91.96322388497879,-86.97457163532762,-104.81903807316506
BTC,-1,2025-12-26 14:00:00+00:00,4.0,2.0,-8.002280478212054,-14.47050432684005,-19.026881480386226,-51.44813801014392,-33.18828484454972
BTC,-1,2025-12-29 09:00:00+00:00,4.0,2.0,53.47617874148614,83.22932979323738,16.75034267226483,-84.09239829702875,25.324246887559188
BTC,-1,2026-01-06 17:00:00+00:00,4.0,2.0,-124.09685672275073,-112.6812567865465,73.01614351539199,55.17722036149642,82.91330479979541
BTC,-1,2026-01-18 23:00:00+00:00,4.0,2.0,116.12965247624673,64.44170285036854,100.5452923803274,504.33937374158245,401.0489267727346
BTC,-1,2026-01-21 16:00:00+00:00,4.0,2.0,-211.6403325026095,-276.8456567474775,-223.90701988025842,-343.95837092909386,-206.31791507432106
BTC,-1,2026-01-29 15:00:00+00:00,4.0,2.0,44.08762872633587,236.7516263423286,211.91037360820175,538.1682491333828,875.415640448487
BTC,-1,2026-02-05 17:00:00+00:00,4.0,2.0,407.5496682735247,182.997525467129,-540.7844435475462,-501.9809867596625,-747.6959030382191
BTC,-1,2026-02-23 01:00:00+00:00,4.0,2.0,-195.2086284450405,-235.1574343298779,47.40425954919414,-228.6339123735659,-596.2033102214259
BTC,-1,2026-02-28 06:00:00+00:00,4.0,2.0,-300.9022792171701,-506.1601106111646,-629.5365385864127,-445.54886672653504,-791.050378444127
BTC,-1,2026-03-21 23:00:00+00:00,4.0,2.0,-34.810429773806106,39.67343810333812,180.10550550608627,-255.86682034740792,-278.1495600066197
BTC,-1,2026-04-02 01:00:00+00:00,4.0,2.0,131.56017830609156,69.21248142644943,119.34621099554232,72.25854383358099,22.317979197622464
BTC,-1,2026-04-12 01:00:00+00:00,4.0,2.0,-7.310738538353068,115.81160380549792,68.53642648863678,-384.91108296779595,-384.1702241866618
BTC,1,2025-07-09 19:00:00+00:00,4.0,2.0,-47.83232634484214,-45.37043419720388,155.42148936417811,529.5664294596291,474.59013971909326
BTC,1,2025-07-10 21:00:00+00:00,4.0,2.0,32.81236582224123,129.6006869901234,97.49248604551397,75.69772434521171,174.32374409617867
BTC,1,2025-08-11 02:00:00+00:00,4.0,2.0,-36.097290323002795,-126.32410080976709,-248.34738758377827,-194.18503677852584,128.37601590316217
BTC,1,2025-08-13 13:00:00+00:00,4.0,2.0,93.91707468929144,160.4738401438399,-244.26324707977344,-362.7479245673571,-332.545625841405
BTC,1,2025-08-22 14:00:00+00:00,4.0,2.0,104.92591178518308,-20.1006500966594,-85.42128440303554,-120.18063807254786,-312.2899883732366
BTC,1,2025-09-02 13:00:00+00:00,4.0,2.0,22.36343232339344,18.754685296562545,97.74214827540595,-116.64982284741777,-53.42025524010641
BTC,1,2025-10-01 08:00:00+00:00,4.0,2.0,112.69180828175962,121.49760597760294,237.2395633634028,361.83901588748625,525.478653695206
BTC,1,2025-10-03 15:00:00+00:00,4.0,2.0,12.16408674049152,17.76758332235895,-47.053010713722365,80.53492532624995,259.38871987507105
BTC,1,2025-10-05 02:00:00+00:00,4.0,2.0,-81.00985730137067,-100.21804763502229,-15.216563878925893,21.61929399014273,-215.63653136531414
BTC,1,2025-10-11 02:00:00+00:00,4.0,2.0,-138.9171144966128,-125.94609782691224,-224.96054796360298,141.0112091496929,23.68005768037973
BTC,1,2025-10-21 14:00:00+00:00,4.0,2.0,-121.6003624377504,-354.40240578758943,-334.62172343431183,-202.95265478517788,-189.521767668841
BTC,1,2025-12-09 15:00:00+00:00,4.0,2.0,23.691311386939695,-14.743658931463122,-55.94171613599652,-318.8343227199142,-286.5515380464101
BTC,1,2025-12-17 14:00:00+00:00,4.0,2.0,-412.68421011528164,-342.44198824759155,-130.34305560359115,-186.76219727844833,-166.12240845138015
BTC,1,2025-12-26 02:00:00+00:00,4.0,2.0,-40.54963544587786,-229.78126752664085,-187.7173303421198,-162.64722378014574,104.85698261357257
BTC,1,2026-01-02 16:00:00+00:00,4.0,2.0,-43.88712651667959,-39.20509511275539,-31.180336796339247,106.55772180985457,435.14113612868056
BTC,1,2026-01-13 22:00:00+00:00,4.0,2.0,-80.27727782205729,-102.07801676995976,123.21021365141904,-17.05826866407523,-22.90801174544832
BTC,1,2026-01-21 19:00:00+00:00,4.0,2.0,-45.37643171611094,-48.39931259910113,-103.6748487452277,-93.95290949516743,-106.55378291950512
BTC,1,2026-02-06 01:00:00+00:00,4.0,2.0,-123.31727584111385,377.47544543930144,709.0324535980108,559.1692951101046,751.3109218868763
BTC,1,2026-02-25 01:00:00+00:00,4.0,2.0,-55.86439483781902,164.32848081948893,359.1174063371705,207.17961488644355,11.342947253019098
BTC,1,2026-03-02 14:00:00+00:00,4.0,2.0,333.5269932070073,180.38672387081346,85.10606602311954,926.0368251698247,665.4451197711842
BTC,1,2026-03-23 11:00:00+00:00,4.0,2.0,135.7215610975282,78.54560809364975,117.6900230244482,226.97769167781877,-99.41597217665077
BTC,1,2026-04-07 22:00:00+00:00,4.0,2.0,31.437433630918665,23.728476830455758,-60.49642323991744,38.572765696680555,202.2237052520226
BTC,1,2026-04-13 22:00:00+00:00,4.0,2.0,-57.10539967747508,-34.383885017070796,-66.22081558843362,21.568682648136495,68.09751886421856
DOGE,-1,2025-08-01 22:00:00+00:00,4.0,2.0,-206.56565656565596,-82.32323232323147,360.60606060606125,-26.26262626262532,-623.7373737373741
DOGE,-1,2025-08-14 12:00:00+00:00,4.0,2.0,115.45096651479625,7.519794753837461,-53.96558588047995,-41.137700712170485,-367.142920334409
DOGE,-1,2025-09-05 14:00:00+00:00,4.0,2.0,-226.26983381842214,-217.81992301192378,-37.08571965073793,-492.4420242230787,-1182.9875129095858
DOGE,-1,2025-09-09 14:00:00+00:00,4.0,2.0,7.9044805924199935,-22.465365894246414,-133.9601447768035,-268.75234014227976,-1074.593335274785
DOGE,-1,2025-09-22 00:00:00+00:00,4.0,2.0,491.13397110034816,325.02101428971696,479.526077732858,387.8637473481972,498.3388704318936
DOGE,-1,2025-10-10 15:00:00+00:00,4.0,2.0,1870.8184304649699,1728.5924679150012,1899.8527245949927,1311.5926783084365,1134.8621922996006
DOGE,-1,2025-10-30 04:00:00+00:00,4.0,2.0,-24.010244370931133,370.29132429836744,130.18888058905165,75.76566001494034,-8.003414790309638
DOGE,-1,2025-11-03 03:00:00+00:00,4.0,2.0,178.27552711273677,357.122450145706,320.5531112507853,592.5375692817547,474.2586137934979
DOGE,-1,2025-11-04 05:00:00+00:00,4.0,2.0,-186.91008445106849,73.27372081470385,-261.42573273720825,-139.71684053651234,-278.19175360159096
DOGE,-1,2025-11-21 07:00:00+00:00,4.0,2.0,-68.43455945252374,107.64185913886392,283.71827773025274,-214.5708582834338,-452.6660963786733
DOGE,-1,2025-12-12 15:00:00+00:00,4.0,2.0,-96.66469893742757,-141.67650531286878,-281.877213695394,1.4757969303413887,436.0979929161746
DOGE,-1,2025-12-17 15:00:00+00:00,4.0,2.0,251.7902517902537,344.96034496034554,98.56009856009874,-88.55008855008784,-150.92015092015077
DOGE,-1,2025-12-18 17:00:00+00:00,4.0,2.0,103.6185541973611,-230.7131870800605,-620.901805229499,-690.5205213308508,-495.42621225613146
DOGE,-1,2025-12-25 22:00:00+00:00,4.0,2.0,-131.5258613733561,-109.73936899862923,151.69853949810297,-28.24174937464674,4.841442749939917
DOGE,-1,2026-01-02 11:00:00+00:00,4.0,2.0,-682.1693448702115,-961.8355995055605,-1015.142150803463,-1817.0580964153294,-1380.5624227441294
DOGE,-1,2026-01-18 23:00:00+00:00,4.0,2.0,362.6273376919564,288.1252850843841,222.74593279610679,488.8246921088635,341.3410369469361
DOGE,-1,2026-01-21 16:00:00+00:00,4.0,2.0,-478.20321564727266,-513.840543676447,-377.09265705287544,-463.28526437924734,-285.09862423338194
DOGE,-1,2026-01-31 14:00:00+00:00,4.0,2.0,391.3124882980723,181.61392997566028,265.8678150159144,-245.27242089496414,-303.31398614491746
DOGE,-1,2026-02-05 15:00:00+00:00,4.0,2.0,483.11743469951153,353.57825440645587,-520.2803142917811,-380.1231684009343,-140.15714589084683
DOGE,-1,2026-03-21 23:00:00+00:00,4.0,2.0,-63.554678939294895,-20.819636204252312,107.38549200087655,-261.88910804295415,-408.7223317992561
DOGE,-1,2026-04-12 01:00:00+00:00,4.0,2.0,-24.170511975389886,62.62359920896521,-2.197319270489384,-266.97429136453457,-226.32388486046872
DOGE,1,2025-07-02 16:00:00+00:00,4.0,2.0,-186.75820339771997,121.596462648359,-58.76192692576332,-528.2755410751694,-498.6036769839419
DOGE,1,2025-07-06 13:00:00+00:00,4.0,2.0,-150.91939400948328,4.047646582630016,-258.471146062218,-245.1717358621497,-39.89823060020936
DOGE,1,2025-07-09 20:00:00+00:00,4.0,2.0,-76.54185022026417,-19.823788546255994,574.8898678414083,1175.6607929515405,808.370044052864
DOGE,1,2025-08-22 14:00:00+00:00,4.0,2.0,558.8621444201314,129.9781181619264,344.85776805251555,113.34792122538184,-445.51422319474955
DOGE,1,2025-09-13 09:00:00+00:00,4.0,2.0,-172.87590458322177,-341.39640846957974,-289.46663093004645,-1153.8461538461543,-1172.2728491021185
DOGE,1,2025-10-01 08:00:00+00:00,4.0,2.0,117.28267602725717,130.08465826966687,659.5085690687586,600.867231055131,355.56473260375697
DOGE,1,2025-10-21 14:00:00+00:00,4.0,2.0,-195.17003449975311,-457.86101527846233,-534.7461803844255,-371.11877772301625,-395.76145884672286
DOGE,1,2025-12-09 15:00:00+00:00,4.0,2.0,164.84268125855016,68.39945280437743,-30.095759233925712,-640.2188782489749,-751.7099863201094
DOGE,1,2025-12-17 14:00:00+00:00,4.0,2.0,-647.6799524092802,-678.9113622843546,-372.5461035098143,-366.5972635336101,-182.1832242712651
DOGE,1,2026-01-01 15:00:00+00:00,4.0,2.0,158.8957547548353,292.91389134098455,1099.430222293556,1326.538801059305,2190.032902656289
DOGE,1,2026-01-21 19:00:00+00:00,4.0,2.0,-78.86928002498905,-129.62673746681253,-321.72419178510216,-338.122754958613,-302.202092769015
DOGE,1,2026-02-03 15:00:00+00:00,4.0,2.0,-347.8339841976208,-157.11561166106614,-631.1869948233584,-1446.735083098719,-1001.7255471800923
DOGE,1,2026-02-25 14:00:00+00:00,4.0,2.0,426.90174326466047,-15.847860538826808,-239.698890649761,-692.3534072900151,-1011.2916006339145
DOGE,1,2026-03-10 14:00:00+00:00,4.0,2.0,-506.03621730382355,-689.134808853119,-711.267605633803,-539.2354124748499,-145.87525150905554
DOGE,1,2026-03-23 11:00:00+00:00,4.0,2.0,316.68828361435254,122.13575443147384,191.30998702983072,560.9597924773025,-108.0847384349326
DOGE,1,2026-04-14 13:00:00+00:00,4.0,2.0,-461.5226125476457,-411.0435768002485,-325.53827135057276,-173.07097970536756,401.77191717317487
ETH,-1,2025-08-14 12:00:00+00:00,4.0,2.0,69.42347003541238,-72.72830735424618,69.18272029695527,388.00103303524236,76.16446271224264
ETH,-1,2025-09-05 14:00:00+00:00,4.0,2.0,-53.891696886128045,-109.70308062919099,9.177039608758708,-60.04874131751548,-230.38583364742848
ETH,-1,2025-09-15 08:00:00+00:00,4.0,2.0,21.53614123805103,-28.855324151086936,-1.486015924767603,35.24297469336912,-192.27271719120864
ETH,-1,2025-09-22 00:00:00+00:00,4.0,2.0,327.291606576291,295.2408422267083,395.0850879723111,336.8445341794046,540.5018748197288
ETH,-1,2025-09-25 17:00:00+00:00,4.0,2.0,-242.03698829685428,-212.56413797776207,-531.7360837852414,-409.12798409352024,-529.8077098474763
ETH,-1,2025-10-07 14:00:00+00:00,4.0,2.0,221.73697227253598,329.9602898146847,322.64525567785915,609.7168036784162,1072.4580256374527
ETH,-1,2025-10-09 08:00:00+00:00,4.0,2.0,30.64847173683716,-67.95362511788028,15.023760655313856,1145.3421719272937,1120.6338640187862
ETH,-1,2025-10-10 15:00:00+00:00,4.0,2.0,603.5895435037064,688.6217323449096,691.4016777214205,-7.778969957079607,-153.55540382364418
ETH,-1,2025-10-29 18:00:00+00:00,4.0,2.0,-16.204891069957483,-50.0692854791418,593.5328448898458,86.68978734589494,102.25669057845165
ETH,-1,2025-11-03 15:00:00+00:00,4.0,2.0,-2.871248212439337,-101.49723049990288,444.0120536672521,422.46375397584245,870.2390941351268
ETH,-1,2025-12-01 00:00:00+00:00,4.0,2.0,-17.218566413210734,78.04809202053508,142.93527159818686,-635.5344635957861,-1296.8967768113894
ETH,-1,2025-12-12 15:00:00+00:00,4.0,2.0,-68.6424306001232,-60.49786123608403,-114.02397109655294,-89.55768472697744,267.14187514049416
ETH,-1,2025-12-17 15:00:00+00:00,4.0,2.0,236.52780217925164,227.6054746574885,-136.86643723538782,-215.9272158548742,-256.2327108373563
ETH,-1,2025-12-18 17:00:00+00:00,4.0,2.0,49.379937114441,-363.1746657006385,-428.2056512594701,-470.4810675070159,-506.2146972137605
ETH,-1,2025-12-26 14:00:00+00:00,4.0,2.0,-25.54860922973523,-54.18362762816153,-32.40729627127514,-109.36176487734927,-61.72818337385699
ETH,-1,2026-01-06 17:00:00+00:00,4.0,2.0,-199.5326488037441,-180.42512670479738,146.87732970812385,230.98175075020544,309.3225913558828
ETH,-1,2026-01-18 23:00:00+00:00,4.0,2.0,269.5753632062692,180.43788860557464,304.6698166375739,987.1228945612743,849.0603399165897
ETH,-1,2026-01-21 16:00:00+00:00,4.0,2.0,-307.0539419087148,-438.9695712309805,-235.9958506224058,-325.6915629322266,-245.95435684647393
ETH,-1,2026-01-31 14:00:00+00:00,4.0,2.0,471.8122524581758,367.57374529547417,883.1701117263391,656.9193481644942,929.0823464501763
ETH,-1,2026-02-23 01:00:00+00:00,4.0,2.0,-134.0027178016001,-277.01084963654756,65.08703436077789,-353.52990660253215,-1066.8449774595024
ETH,-1,2026-02-28 06:00:00+00:00,4.0,2.0,-350.1630434782621,-575.3260869565202,-903.6413043478265,-543.5326086956516,-843.5326086956518
ETH,-1,2026-03-21 23:00:00+00:00,4.0,2.0,-119.19849453693621,7.824951514104894,194.6156652648956,-283.6184880081416,-372.2852698888191
ETH,-1,2026-04-02 01:00:00+00:00,4.0,2.0,254.43073565223128,169.98584642658022,223.02600540409,234.08199541557596,187.18934812548383
ETH,-1,2026-04-12 01:00:00+00:00,4.0,2.0,21.149752877087646,169.60388181391895,109.22111187272154,-671.0649734838925,-479.09376240124146
ETH,1,2025-07-02 16:00:00+00:00,4.0,2.0,37.069588484599514,110.85720982011881,62.18628542411064,-251.0107224468283,-225.85496377023895
ETH,1,2025-07-09 18:00:00+00:00,4.0,2.0,204.50213774275028,264.8814123083931,357.1244600451839,1061.218182219572,816.0216644222196
ETH,1,2025-07-10 21:00:00+00:00,4.0,2.0,-8.34516686968767,105.45868132903368,-75.88044875461941,-119.2887764235584,-46.907913775582344
ETH,1,2025-07-24 14:00:00+00:00,4.0,2.0,-23.196138619696605,-372.45070150908833,-269.16627827866523,1.6606935270457868,225.74717816027157
ETH,1,2025-08-08 13:00:00+00:00,4.0,2.0,146.61898569570786,79.62388716614922,492.39771931579355,547.1141342402719,693.2079623887155
ETH,1,2025-08-22 14:00:00+00:00,4.0,2.0,518.0466354722735,178.9485552717518,299.24500318737836,400.1569838289321,-4.206472764172187
ETH,1,2025-09-25 18:00:00+00:00,4.0,2.0,59.5282083691151,35.03907812822504,249.50371923887494,196.65204793855474,288.8494186061319
ETH,1,2025-10-01 08:00:00+00:00,4.0,2.0,81.74996678251833,29.371245550606773,232.0561503621299,423.76180386068717,461.15186565685474
ETH,1,2025-10-12 14:00:00+00:00,4.0,2.0,397.57960020631253,411.9460064661395,402.0329345460483,274.99968549898665,14.668327232012501
ETH,1,2025-10-21 14:00:00+00:00,4.0,2.0,-191.2969941175735,-403.53691750923406,-449.0542103495876,-363.043937867652,-330.68437612704946
ETH,1,2025-12-02 15:00:00+00:00,4.0,2.0,38.67210250436681,168.46659455861612,271.8695398951665,541.176470588236,88.0272901239687
ETH,1,2025-12-09 15:00:00+00:00,4.0,2.0,253.90378220793818,234.98195646747487,322.9653644300501,-219.78902472472362,-544.17198522002
ETH,1,2025-12-18 13:00:00+00:00,4.0,2.0,-618.1485581596291,-433.12587752457057,44.04498325953021,54.57527810778684,20.858084026351698
ETH,1,2025-12-26 02:00:00+00:00,4.0,2.0,-1.0429282734492062,-171.477593863546,-136.55631812676705,-100.96218543937607,234.75979006863045
ETH,1,2026-01-02 16:00:00+00:00,4.0,2.0,-20.569888111307,-63.945521737325265,-74.77345973380456,16.67310806537703,259.5511037150367
ETH,1,2026-01-13 22:00:00+00:00,4.0,2.0,-2.6725763636137323,-135.3404682113546,69.27678281863692,-39.428008600290724,-104.8010281911771
ETH,1,2026-01-21 19:00:00+00:00,4.0,2.0,-121.17440927475465,-160.506967528532,-382.22338666099034,-377.3109106093109,-322.0946797884361
ETH,1,2026-02-03 19:00:00+00:00,4.0,2.0,220.01216489791585,343.79454032119173,-147.88521420206368,-1520.4760651094384,-680.1448893811346
ETH,1,2026-02-25 01:00:00+00:00,4.0,2.0,-42.03411751821373,416.11690282608913,702.9502109528618,560.8373446536885,61.9559945553827
ETH,1,2026-03-16 03:00:00+00:00,4.0,2.0,180.48669262718198,264.4932557796409,325.96692493058964,400.54007412606785,-197.6099037434098
ETH,1,2026-03-23 11:00:00+00:00,4.0,2.0,161.6213683223977,38.238050609182835,128.3973758200574,226.61668228678656,-289.456419868791
ETH,1,2026-04-07 22:00:00+00:00,4.0,2.0,91.46945911360005,121.47865111836076,-134.50065785916564,-136.66348250815696,110.75464556711046
ETH,1,2026-04-13 22:00:00+00:00,4.0,2.0,9.396338404237259,89.92423404960981,-130.5283208190533,29.50705363140793,-21.896444697658836
ETH,1,2026-04-17 13:00:00+00:00,4.0,2.0,-44.935981615233935,-76.37065003283095,-300.9274458305988,-411.89264609323817,-604.2760998030205
ETH,1,2026-04-22 02:00:00+00:00,4.0,2.0,63.36932553619556,128.17215544246753,-134.83373457401692,-107.17553261011648,-107.17553261011648
GIGGLE,-1,2026-01-19 00:00:00+00:00,4.0,2.0,26.08047690014881,9.314456035767193,-443.3681073025331,251.4903129657231,175.11177347242835
GIGGLE,-1,2026-01-31 17:00:00+00:00,4.0,2.0,-172.12659633536907,-297.0571904497499,-324.8195446973878,-274.84730705163554,841.1993337034984
GIGGLE,-1,2026-02-23 01:00:00+00:00,4.0,2.0,-294.8207171314743,-235.05976095617552,99.60159362549791,-7.968127490038945,-1278.8844621513929
GIGGLE,-1,2026-02-25 23:00:00+00:00,4.0,2.0,399.85590778098043,255.76368876080724,317.00288184438153,407.06051873198976,684.4380403458217
GIGGLE,-1,2026-02-28 06:00:00+00:00,4.0,2.0,-231.40495867768783,-508.2644628099176,-933.8842975206618,-578.5123966942151,-1024.7933884297522
GIGGLE,-1,2026-03-17 03:00:00+00:00,4.0,2.0,211.17166212534121,425.74931880108966,333.7874659400542,698.2288828337879,698.2288828337879
GIGGLE,-1,2026-03-18 11:00:00+00:00,4.0,2.0,85.56547619047672,126.48809523809534,-0.0,-167.41071428571396,-148.8095238095255
GIGGLE,-1,2026-04-02 01:00:00+00:00,4.0,2.0,-40.816326530612734,-36.28117913832219,-4.53514739228833,312.925170068028,-376.4172335600891
GIGGLE,-1,2026-04-08 13:00:00+00:00,4.0,2.0,345.20348837209224,639.5348837209292,824.8546511627908,552.3255813953488,-232.55813953488413
GIGGLE,-1,2026-04-15 15:00:00+00:00,4.0,2.0,-546.3441152487092,-500.1359064963307,122.31584669747053,-883.3922261484095,43.4900788257675
GIGGLE,-1,2026-05-15 13:00:00+00:00,4.0,2.0,-263.6419374616805,-288.1667688534661,153.28019619865074,-478.234212139792,-318.8228080931932
GIGGLE,-1,2026-05-28 03:00:00+00:00,4.0,2.0,319.11203607353445,13.874436351023478,-270.55150884495396,-364.2039542143594,-1061.3943808532777
GIGGLE,-1,2026-06-04 01:00:00+00:00,4.0,2.0,299.19042590637156,256.9517775431185,700.457585357268,1158.0429426258354,-366.0682858148534
GIGGLE,1,2026-02-03 20:00:00+00:00,4.0,2.0,-412.11790393013035,-313.8646288209601,32.75109170305601,-1779.475982532751,-750.5458515283847
GIGGLE,1,2026-02-25 21:00:00+00:00,4.0,2.0,-200.90058884655426,-765.5005195704889,-717.0072739868372,-876.3422237616902,-1073.7790093522692
GIGGLE,1,2026-03-18 12:00:00+00:00,4.0,2.0,-671.353251318102,-653.7785588752198,-502.63620386643225,-471.0017574692438,-411.2478031634437
GIGGLE,1,2026-03-21 04:00:00+00:00,4.0,2.0,-172.84839755131398,-180.050414115952,-731.0046813107673,-586.9643500180044,-226.86352178609926
GIGGLE,1,2026-03-23 01:00:00+00:00,4.0,2.0,104.29201764941887,742.0778178900922,581.6285599679105,348.97713598074586,160.4492579221817
GIGGLE,1,2026-04-06 00:00:00+00:00,4.0,2.0,-257.47822794396023,-227.18667171526042,-965.5433547898529,-484.6648996592207,-219.61378265808463
GIGGLE,1,2026-04-08 12:00:00+00:00,4.0,2.0,-998.6320109439117,-1166.210670314638,-1367.989056087552,-1203.8303693570451,-235.97811217510144
GIGGLE,1,2026-04-13 00:00:00+00:00,4.0,2.0,2685.0690087829366,2402.7603513174413,2111.0414052697624,6298.619824341281,1587.20200752823
GIGGLE,1,2026-04-26 06:00:00+00:00,4.0,2.0,-577.2966971967796,-568.9703025256742,-893.6996946988618,-341.382181515405,-416.3197335553703
GIGGLE,1,2026-05-04 09:00:00+00:00,4.0,2.0,-67.13142266976502,-165.24657887941996,-725.5357603924595,-472.501936483346,-753.9375161373596
GIGGLE,1,2026-06-07 01:00:00+00:00,4.0,2.0,-93.17803660565782,-33.27787021630613,-299.50083194675625,-392.67886855241295,-835.2745424292851
LINK,-1,2025-09-15 08:00:00+00:00,4.0,2.0,29.27375263678922,-252.70136467346882,-203.19428300830998,0.4304963623047442,-455.8956476817766
LINK,-1,2025-09-22 00:00:00+00:00,4.0,2.0,473.5663082437269,334.22939068100345,385.3046594982079,296.5949820788527,458.3333333333328
LINK,-1,2025-10-10 15:00:00+00:00,4.0,2.0,2145.432410919137,1703.4227653696676,1650.5127124596142,1031.980147024395,831.5774687456101
LINK,-1,2025-11-03 15:00:00+00:00,4.0,2.0,49.04525241956503,41.198012032435116,354.43369081872845,55.58461940884052,576.1182317551661
LINK,-1,2025-12-01 00:00:00+00:00,4.0,2.0,66.8950889215203,170.50089737314366,177.84304127916428,-1178.8219937999677,-2023.9843367596677
LINK,-1,2025-12-07 14:00:00+00:00,4.0,2.0,-412.97935103244754,-497.6930640647459,-388.0190605854317,-881.1738900234478,-595.2651085394444
LINK,-1,2026-01-18 23:00:00+00:00,4.0,2.0,406.3511174655721,404.8461133268122,339.3784332906924,769.0571149070657,641.8842651817291
LINK,1,2025-07-10 21:00:00+00:00,4.0,2.0,175.19594283079698,219.324244220509,19.758940920766577,-91.5497595995518,266.7457024303488
LINK,1,2025-08-10 14:00:00+00:00,4.0,2.0,-79.45106536655922,74.93680028891391,-89.83387504514329,837.3961719032152,657.7284218129287
LINK,1,2025-08-12 12:00:00+00:00,4.0,2.0,480.4119095589887,561.8983657935961,574.8824714573542,189.83657935975006,-55.96597268860526
LINK,1,2025-08-22 14:00:00+00:00,4.0,2.0,347.6459076781402,-47.19696097617132,-22.25547753347934,-193.3924254633368,-636.1996853535945
LINK,1,2025-08-28 13:00:00+00:00,4.0,2.0,-498.6256823196933,-605.4740428167704,-944.9885796136426,-1017.7693469087524,-848.9799078626447
LINK,1,2025-10-01 08:00:00+00:00,4.0,2.0,101.10128181982425,79.88806643798529,146.68712764037028,96.13648673045816,-146.68712764036806
LTC,-1,2025-08-14 12:00:00+00:00,4.0,2.0,75.81933800750006,58.6988423283874,280.45002445785116,389.69509212457234,67.66672101744642
LTC,-1,2025-09-11 14:00:00+00:00,4.0,2.0,-128.27271129854267,-151.1157968722565,-231.94517659462343,-459.4974521173789,-72.92215779300726
LTC,-1,2025-09-22 00:00:00+00:00,4.0,2.0,545.0470640968175,470.64096817570623,558.4939489018382,370.2375616315545,593.4558493948894
LTC,-1,2025-09-25 17:00:00+00:00,4.0,2.0,-264.7496281606343,-206.24690133862256,-361.92364898363974,-355.9742191373339,-444.2240951908771
LTC,-1,2025-10-10 15:00:00+00:00,4.0,2.0,2251.1027095148074,2091.209829867675,2429.89918084436,2199.117832388153,2262.917454316319
LTC,-1,2025-11-03 15:00:00+00:00,4.0,2.0,101.49389896225381,-155.0918006614199,165.35522864636775,-90.0900900900914,164.21484775915096
LTC,-1,2025-12-12 15:00:00+00:00,4.0,2.0,-83.64083640836517,-119.3111931119306,-70.11070110701124,244.77244772447614,523.985239852397
LTC,-1,2026-01-15 03:00:00+00:00,4.0,2.0,-248.8504192588592,142.00703272923997,308.358128212064,-73.0321882607532,-83.85177170678881
LTC,-1,2026-01-31 17:00:00+00:00,4.0,2.0,-243.98625429553178,-173.539518900343,-171.8213058419238,-364.26116838487843,207.9037800687289
LTC,-1,2026-04-02 01:00:00+00:00,4.0,2.0,201.46864997175663,192.0542270758796,158.1623046507241,-5.648653737526654,-69.66672942948504
LTC,1,2025-07-02 16:00:00+00:00,4.0,2.0,-45.61523548865188,232.637700992131,238.33960542821276,-53.597901699167224,-125.44189759379543
LTC,1,2025-07-19 19:00:00+00:00,4.0,2.0,-75.41478129713397,572.2651051370775,381.51007009138647,230.68050749711634,380.6228373702436
LTC,1,2025-08-22 14:00:00+00:00,4.0,2.0,322.17467908381536,85.57764913163845,142.62941521939743,11.745951841597435,-631.7644097659203
LTC,1,2025-10-02 00:00:00+00:00,4.0,2.0,118.67423921335885,52.5557345087746,-17.80113588200294,135.62770195812536,335.67856234635985
LTC,1,2025-10-09 22:00:00+00:00,4.0,2.0,267.7725118483432,446.2875197472349,-2367.298578199052,-2632.701421800948,-2189.57345971564
LTC,1,2026-04-13 22:00:00+00:00,4.0,2.0,-93.57798165137598,1.8348623853214896,-45.871559633027246,115.59633027522942,333.94495412844003
NEAR,-1,2025-08-14 12:00:00+00:00,4.0,2.0,89.76660682226355,78.99461400359131,172.35188509874376,323.15978456014415,86.17594254937133
NEAR,-1,2025-09-15 08:00:00+00:00,4.0,2.0,-23.09468822170979,-111.62432640492659,-311.7782909930722,-484.98845265589006,-1227.8675904541947
NEAR,-1,2025-10-10 20:00:00+00:00,4.0,2.0,1344.3565780014378,1013.6592379583032,1782.890007189073,1110.711718188354,506.82961897915214
NEAR,-1,2025-11-03 03:00:00+00:00,4.0,2.0,264.8357037763616,500.2452182442374,568.9063266307015,907.3075036782741,500.2452182442374
NEAR,-1,2025-11-04 05:00:00+00:00,4.0,2.0,-273.2240437158451,16.393442622951724,-169.39890710382377,-387.9781420765016,-2021.8579234972678
NEAR,-1,2025-12-12 15:00:00+00:00,4.0,2.0,-136.90105787180994,-292.47044181704985,-336.0298693217168,-24.891101431239182,522.7131300560051
NEAR,-1,2026-01-31 17:00:00+00:00,4.0,2.0,-324.23208191126207,-196.24573378839605,-76.79180887372183,-435.1535836177489,392.4914675767921
NEAR,-1,2026-02-23 01:00:00+00:00,4.0,2.0,-215.38461538461507,-235.8974358974364,-61.53846153846176,-256.4102564102577,-1897.4358974358975
NEAR,-1,2026-04-02 01:00:00+00:00,4.0,2.0,128.3147989734823,34.21727972626187,8.554319931566301,-359.2814371257491,-761.334473909323
NEAR,1,2025-07-10 21:00:00+00:00,4.0,2.0,243.2216905901119,299.04306220095657,-47.84688995215336,-115.62998405103664,35.885167464113636
NEAR,1,2025-08-22 14:00:00+00:00,4.0,2.0,541.9103313840168,249.51267056530168,428.84990253411195,249.51267056530168,-354.77582846003776
NEAR,1,2025-09-23 06:00:00+00:00,4.0,2.0,-224.02597402597425,-457.7922077922081,-311.6883116883118,-707.7922077922073,-1243.5064935064931
NEAR,1,2025-12-02 15:00:00+00:00,4.0,2.0,-16.47446457990087,-5.49148819329992,-137.2872048325091,-43.931905546402696,-812.740252608456
NEAR,1,2025-12-26 02:00:00+00:00,4.0,2.0,-32.61578604044302,-143.50945857795173,26.09262883235486,384.86627527723584,469.6673189823874
NEAR,1,2026-02-25 01:00:00+00:00,4.0,2.0,29.910269192423566,877.3678963110676,1565.3040877367896,1166.500498504488,857.4277168494526
NEAR,1,2026-03-23 11:00:00+00:00,4.0,2.0,122.8878648233489,61.443932411673345,-46.08294930875556,23.041474654377225,-606.7588325652839
NEAR,1,2026-04-07 21:00:00+00:00,4.0,2.0,-30.581039755351867,382.2629969418956,191.13149847094667,474.0061162079523,389.9082568807333
ONDO,-1,2025-08-14 12:00:00+00:00,4.0,2.0,53.72599741319317,-0.0,63.675256193413965,198.9851756044192,-157.19828872748698
ONDO,-1,2025-09-05 14:00:00+00:00,4.0,2.0,-8.800880088009055,-34.10341034103315,107.81078107810815,-37.40374037403793,-364.1364136413649
ONDO,-1,2025-10-10 15:00:00+00:00,4.0,2.0,2111.8963486454654,1193.1684334511183,1197.8798586572436,554.7703180212015,477.0318021201414
ONDO,-1,2025-10-29 18:00:00+00:00,4.0,2.0,67.90710308298253,32.59540947983086,949.341301100095,598.9406491919048,423.7403232378112
ONDO,-1,2025-11-03 15:00:00+00:00,4.0,2.0,31.173092698933978,-241.18129614437933,342.90401968826933,-113.20754716980908,539.7867104183762
ONDO,-1,2025-11-20 16:00:00+00:00,4.0,2.0,136.09467455621305,323.4714003944783,658.7771203155812,936.8836291913208,656.8047337278105
ONDO,-1,2025-12-01 00:00:00+00:00,4.0,2.0,70.15306122448939,225.3401360544216,176.44557823129236,-693.0272108843538,-882.227891156464
ONDO,-1,2025-12-12 15:00:00+00:00,4.0,2.0,-59.236507240019165,-127.24879333040784,-155.77007459411928,116.27906976744096,939.0083369899082
ONDO,-1,2025-12-15 15:00:00+00:00,4.0,2.0,191.25029882859246,358.5943103036104,126.70332297394226,518.7664355725552,475.7351183361236
ONDO,-1,2025-12-17 15:00:00+00:00,4.0,2.0,285.78528827037707,390.1590457256454,99.4035785288272,223.6580516898601,114.3141153081506
ONDO,-1,2025-12-18 17:00:00+00:00,4.0,2.0,489.016736401674,18.30543933054485,-193.51464435146238,-392.25941422593945,-83.68200836819994
ONDO,-1,2026-01-18 23:00:00+00:00,4.0,2.0,465.8385093167705,477.13156408808686,194.8051948051954,525.1270468661772,299.26595143986435
ONDO,-1,2026-01-21 16:00:00+00:00,4.0,2.0,-356.7073170731705,-454.2682926829267,-503.04878048780256,-890.2439024390252,-545.7317073170719
ONDO,-1,2026-01-31 14:00:00+00:00,4.0,2.0,281.73913043478274,-76.52173913043514,403.4782608695653,3.478260869564931,-288.6956521739137
ONDO,-1,2026-02-03 16:00:00+00:00,4.0,2.0,21.489971346704273,-143.26647564469886,419.0544412607444,1500.7163323782236,462.0343839541552
ONDO,-1,2026-02-23 01:00:00+00:00,4.0,2.0,-169.76556184316928,-295.06871463217396,-0.0,-343.5731608730808,-1123.6863379143092
ONDO,-1,2026-02-26 16:00:00+00:00,4.0,2.0,-246.72320740169562,-397.0701619121031,50.11565150347064,424.0555127216661,212.02775636083305
ONDO,-1,2026-02-28 06:00:00+00:00,4.0,2.0,-265.12013256006605,-654.5153272576631,-923.7779618889807,-405.96520298260106,-571.665285832641
ONDO,1,2025-07-10 21:00:00+00:00,4.0,2.0,148.6365668305756,273.8042020563247,-126.28520339740822,-234.6893160482788,-2.235136343318178
ONDO,1,2025-07-17 12:00:00+00:00,4.0,2.0,-275.43186180422174,278.31094049904027,112.2840690978899,-271.5930902111319,246.64107485604657
ONDO,1,2025-08-22 14:00:00+00:00,4.0,2.0,408.07956526196955,69.72213677842731,209.16641033528194,-21.53183635804412,-514.7134215113291
ONDO,1,2025-09-10 01:00:00+00:00,4.0,2.0,-122.33009708737863,-84.46601941747511,-199.99999999999906,902.912621359222,608.7378640776686
ONDO,1,2025-10-10 22:00:00+00:00,4.0,2.0,1143.0290269213406,1464.881937133402,783.5764776658127,2245.4504436757406,2514.6638592269487
ONDO,1,2025-12-02 15:00:00+00:00,4.0,2.0,-105.63380281690016,13.693270735524177,-146.7136150234727,-301.251956181533,-952.660406885758
ONDO,1,2025-12-08 12:00:00+00:00,4.0,2.0,-449.5061479540408,-407.17597258617235,-290.26405966538937,-52.40878855069519,-570.4495061479543
ONDO,1,2025-12-26 02:00:00+00:00,4.0,2.0,-36.486838676049736,-297.10711493354137,-190.25280166796944,114.67292155329822,375.29319781079096
ONDO,1,2026-01-02 16:00:00+00:00,4.0,2.0,126.73362027737944,162.60162601625882,117.16881874701102,602.5824964131998,703.0129124820661
ONDO,1,2026-01-13 22:00:00+00:00,4.0,2.0,-128.78607202480353,-324.35010732172697,-441.211543047938,-939.6613403291199,-856.18888623897
ONDO,1,2026-02-03 15:00:00+00:00,4.0,2.0,-520.6220419202168,-429.34415145368445,-933.0628803245444,-1768.0865449628136,-1118.999323867479
ONDO,1,2026-02-20 15:00:00+00:00,4.0,2.0,-59.32517612161625,-81.57211716722234,-14.831294030404063,-326.2884686688905,-723.0255839822031
ONDO,1,2026-02-25 01:00:00+00:00,4.0,2.0,-23.43749999999978,507.8125,749.9999999999995,332.03125,58.59375
ONDO,1,2026-03-10 14:00:00+00:00,4.0,2.0,-433.79856657865037,-441.3428894756688,-328.1780460203687,-350.8110147114285,113.16484345530009
ONDO,1,2026-03-23 11:00:00+00:00,4.0,2.0,55.40166204986097,-3.9572615749894346,217.64938662445667,356.1535417491091,182.03403244954507
ONDO,1,2026-03-27 01:00:00+00:00,4.0,2.0,-96.49749821300846,-589.7069335239457,-636.1686919228016,-364.5461043602571,-400.28591851322346
ONDO,1,2026-04-22 02:00:00+00:00,4.0,2.0,139.72809667673891,90.63444108761365,-305.8912386706947,-287.00906344410913,-287.00906344410913
SOL,-1,2025-07-11 15:00:00+00:00,4.0,2.0,42.5191027853089,-4.313532166624334,219.3739216169588,85.03820557061891,-176.85481883164877
SOL,-1,2025-08-13 14:00:00+00:00,4.0,2.0,-239.97554389361574,-602.7411219238799,74.89682580119172,548.7338869924085,387.7311866306621
SOL,-1,2025-09-05 14:00:00+00:00,4.0,2.0,-49.00747487748269,-98.01494975496317,44.55224988861861,-148.01247462996824,-641.0573733973579
SOL,-1,2025-09-15 08:00:00+00:00,4.0,2.0,-40.52422831522628,-136.2303845490609,-137.95481979651524,-135.79927573719618,-645.8010001724434
SOL,-1,2025-09-22 05:00:00+00:00,4.0,2.0,89.86564640982353,240.67977578076326,254.9159177862792,617.9375389269514,944.0341667408136
SOL,-1,2025-09-24 03:00:00+00:00,4.0,2.0,-110.82325849165242,-250.91153329495296,199.5778161581274,615.0450969103815,234.59988485895144
SOL,-1,2025-10-10 15:00:00+00:00,4.0,2.0,1050.6816130717712,1175.6044269225285,1333.3016672208232,803.6859354961279,500.641238778321
SOL,-1,2025-11-03 03:00:00+00:00,4.0,2.0,194.43192064923286,519.6122633002709,707.2813345356188,1153.0658250676283,866.2082957619477
SOL,-1,2025-11-04 05:00:00+00:00,4.0,2.0,-233.36926881856846,79.26945272369812,-14.585579301160667,-63.415562178958936,60.8789396918008
SOL,-1,2025-11-20 16:00:00+00:00,4.0,2.0,-73.1688919061635,39.97887908274933,260.9941917477543,382.4394659425201,95.79844610394406
SOL,-1,2025-12-01 00:00:00+00:00,4.0,2.0,23.50912937857497,91.6856045764436,54.0709975707232,-880.0250764046713,-1293.785753467598
SOL,-1,2025-12-12 15:00:00+00:00,4.0,2.0,58.45761822678597,47.21576856778764,24.73206924979432,188.11361762722134,525.3691073971378
SOL,-1,2025-12-17 15:00:00+00:00,4.0,2.0,254.2239065213958,243.96020843202248,-15.7903047528829,113.690194220748,31.580609505762467
SOL,-1,2025-12-26 14:00:00+00:00,4.0,2.0,11.461318051575464,-118.7065083913219,-90.05321326238214,-180.92509209987728,-95.78387228816877
SOL,-1,2026-01-06 16:00:00+00:00,4.0,2.0,-158.44436442203903,31.688872884407804,241.26755491537642,9.362621534029225,32.40907454087116
SOL,-1,2026-01-18 23:00:00+00:00,4.0,2.0,330.260579226247,269.28939536909445,298.3232924439294,762.8656456412864,568.338535239894
SOL,-1,2026-01-21 16:00:00+00:00,4.0,2.0,-311.50414276609473,-360.1019757807511,-250.95602294455065,-225.46207775653303,-132.2498406628436
SOL,-1,2026-01-25 19:00:00+00:00,4.0,2.0,-345.2956647153638,-402.98634088402395,-487.82557054381834,-803.4275048782557,-630.355476372273
SOL,-1,2026-01-31 14:00:00+00:00,4.0,2.0,523.8051554903222,379.78167140629296,682.5061920924691,404.5500412806169,595.3582240161459
SOL,-1,2026-02-05 15:00:00+00:00,4.0,2.0,566.5956943458727,806.7187130352504,-242.48876271587338,-294.53513129879207,-191.62526614620256
SOL,-1,2026-02-23 01:00:00+00:00,4.0,2.0,-100.11551790527484,-279.81003722243656,37.222436144267455,-578.8730586574253,-1315.6205878577841
SOL,-1,2026-02-28 06:00:00+00:00,4.0,2.0,-414.30046463603486,-602.7361899845118,-1175.7872999483743,-690.50077439339,-1038.9778007227667
SOL,-1,2026-03-27 10:00:00+00:00,4.0,2.0,95.24957800819745,-9.645526886905564,1.2056908608626404,49.43332529539379,-153.12273932963637
SOL,-1,2026-04-02 01:00:00+00:00,4.0,2.0,23.974763406939825,22.712933753944455,-6.309148264984632,-108.51735015772857,-161.51419558359638
SOL,-1,2026-04-12 01:00:00+00:00,4.0,2.0,1.2161011796185672,86.3431837528894,42.56354128663653,-486.44047184725815,-133.77112975799577
SOL,1,2025-07-10 21:00:00+00:00,4.0,2.0,68.35520292950869,56.1489166920981,-137.93103448275778,-214.22032346658514,-189.19743667988988
SOL,1,2025-08-22 14:00:00+00:00,4.0,2.0,443.493686736931,341.2292601481792,577.5853073150361,735.1560054262762,249.9217364082229
SOL,1,2025-10-12 14:00:00+00:00,4.0,2.0,490.73825503355596,447.24832214765087,540.1342281879207,851.0067114093966,582.5503355704686
SOL,1,2025-10-21 14:00:00+00:00,4.0,2.0,-74.73143390938853,-389.7451865691004,-455.6541595308528,-91.33841922258523,-177.48715553479565
SOL,1,2025-12-02 15:00:00+00:00,4.0,2.0,150.92149180090163,315.6290814105356,205.34029894064832,343.2012770280091,-412.8573501668842
SOL,1,2025-12-09 15:00:00+00:00,4.0,2.0,27.466570292735693,43.36826888326595,-166.96783520057878,-510.299963859776,-453.19840983014
SOL,1,2025-12-26 02:00:00+00:00,4.0,2.0,20.259319286872746,-157.21231766612775,16.207455429497752,56.72609400324102,414.91085899513894
SOL,1,2026-01-06 14:00:00+00:00,4.0,2.0,-115.59878762247178,-168.46408684006553,-440.54416014661314,-388.38373158525343,-217.80503277648577
SOL,1,2026-01-13 22:00:00+00:00,4.0,2.0,-169.50306330837384,-217.83526208305037,-19.741320626275318,-311.095983662355,-138.18924438393498
SOL,1,2026-01-21 19:00:00+00:00,4.0,2.0,-140.63093880653966,-126.94792854428094,-238.69251235271838,-358.79893576586943,-328.3922462941857
SOL,1,2026-02-25 01:00:00+00:00,4.0,2.0,58.56515373352966,439.2386530014658,756.4665690580786,557.5890678379714,17.08150317227819
SOL,1,2026-03-13 00:00:00+00:00,4.0,2.0,-124.77718360071388,228.386809269161,-173.79679144385096,-239.52762923351244,257.3529411764697
SOL,1,2026-03-15 22:00:00+00:00,4.0,2.0,143.5974951414387,116.60548477650634,382.2068667674361,208.3783200172751,-281.7965882098894
SOL,1,2026-03-23 11:00:00+00:00,4.0,2.0,289.8876404494377,220.22471910112307,284.26966292134813,447.19101123595453,-166.29213483146165
SOL,1,2026-04-07 22:00:00+00:00,4.0,2.0,-103.45638372913135,-74.06536562426513,-299.78838466964476,-210.43968963084913,-35.269221725839905
SOL,1,2026-04-13 22:00:00+00:00,4.0,2.0,-83.53637312913276,-52.21023320570839,-288.8966237382518,-154.31024480798249,328.34435549367714
SOL,1,2026-04-16 18:00:00+00:00,4.0,2.0,-79.82012366498093,-95.55930297920234,29.229904440695176,-319.2804946599215,-413.7155705452511
SUI,-1,2025-08-14 12:00:00+00:00,4.0,2.0,109.27802238608008,-16.179513023182324,-17.77094053365902,135.80181422736203,-224.656516895656
SUI,-1,2025-10-10 20:00:00+00:00,4.0,2.0,1192.2513429920234,1106.625427315644,1715.122904118508,897.9326062184589,286.5049650008145
SUI,-1,2026-01-19 00:00:00+00:00,4.0,2.0,158.81018401814885,236.32467859843743,168.8933703050155,541.9712629190832,342.1981346105374
SUI,1,2025-08-22 14:00:00+00:00,4.0,2.0,454.8481989232389,72.70910806460584,290.8364322584234,71.59904534606243,-397.9574845978806
SUI,1,2026-02-25 01:00:00+00:00,4.0,2.0,-83.67734017628025,466.36170924913677,772.0629253598132,427.3122838335386,29.008144594444563
TAO,-1,2025-08-14 12:00:00+00:00,4.0,2.0,45.13376005251813,-48.963291208490304,-270.2554844356908,-19.69473165928104,-430.275179167352
TAO,-1,2025-10-10 20:00:00+00:00,4.0,2.0,1472.3604925334032,519.0230838645815,1382.120921025819,-1256.6588070910846,-2766.5706051873217
TAO,-1,2025-12-01 00:00:00+00:00,4.0,2.0,44.391831902929056,259.3222846996146,230.83752589523553,-205.31222255105064,-986.97839597514
TAO,-1,2025-12-17 15:00:00+00:00,4.0,2.0,230.1727321216096,481.27025807245707,432.44573913757023,635.5393263036957,566.2003036146546
TAO,-1,2026-01-18 23:00:00+00:00,4.0,2.0,562.9177009738406,472.02596906625985,404.8119152186369,848.5774298262372,567.8823754057682
TAO,-1,2026-01-21 16:00:00+00:00,4.0,2.0,-509.04190575552065,-710.7459572248298,-418.6228482003118,-521.6484089723527,-377.3256824900018
TAO,-1,2026-01-31 14:00:00+00:00,4.0,2.0,107.09029081865773,-198.95447393797784,391.81850479622415,-219.76348779373822,6.597980003044679
TAO,-1,2026-04-10 00:00:00+00:00,4.0,2.0,759.9521733014492,698.4104656069778,977.2823181882129,703.3338022225344,683.6404557603038
TAO,1,2025-07-10 21:00:00+00:00,4.0,2.0,141.56435224385922,306.67866215071894,319.64436917866215,126.48179508890634,242.90855207451222
TAO,1,2025-08-22 14:00:00+00:00,4.0,2.0,458.3134290611746,44.11723382133914,149.21179082249213,3.934020850309139,-456.3464186360189
TAO,1,2026-01-02 03:00:00+00:00,4.0,2.0,284.2420914811838,315.07370021539805,825.2734721459642,881.8684799594533,1012.3748785741427
TAO,1,2026-01-21 14:00:00+00:00,4.0,2.0,328.8233569304255,307.0414275541422,-51.941523897288675,126.50274368533499,-74.14233653080804
TAO,1,2026-02-03 19:00:00+00:00,4.0,2.0,-44.94152494765258,12.767478678310518,-275.26684030437787,-1827.7922475869457,-1169.5010469332524
UNI,-1,2025-09-14 03:00:00+00:00,4.0,2.0,-193.6507936507925,56.08465608465507,-24.33862433862677,371.4285714285703,258.20105820105744
UNI,-1,2025-09-22 00:00:00+00:00,4.0,2.0,711.6019583285893,633.0411021291127,741.2045997950589,730.9575315951266,1102.1291130593181
UNI,-1,2025-10-10 20:00:00+00:00,4.0,2.0,1611.4695340501783,1425.0896057347672,1663.0824372759844,514.6953405017917,-120.4301075268832
UNI,-1,2025-10-30 03:00:00+00:00,4.0,2.0,142.45947273620496,440.4781398395285,266.9068282299003,532.1761912559364,378.2544620926798
UNI,-1,2025-11-03 15:00:00+00:00,4.0,2.0,-64.30241621200317,-208.495713172252,128.60483242400633,-512.4707716289945,-77.94232268121704
UNI,-1,2026-01-19 00:00:00+00:00,4.0,2.0,-120.45732952225441,-167.41527153940615,-253.16455696202667,28.58309514087276,-169.4569211923236
UNI,-1,2026-01-31 17:00:00+00:00,4.0,2.0,-449.7907949790791,-337.34309623431045,-164.74895397489587,-300.732217573223,319.0376569037656
UNI,-1,2026-02-05 15:00:00+00:00,4.0,2.0,473.91952309985055,637.8539493293589,-509.68703427719754,-551.415797317436,-271.2369597615516
UNI,-1,2026-04-02 04:00:00+00:00,4.0,2.0,-167.27493917275015,471.41119221411174,170.31630170316168,410.5839416058388,632.6034063260333
UNI,1,2025-07-02 04:00:00+00:00,4.0,2.0,133.23782234957005,537.2492836676224,787.9656160458449,555.8739255014333,-84.52722063037265
UNI,1,2025-07-05 22:00:00+00:00,4.0,2.0,-122.2327855493699,-137.17234822762546,74.69781339128012,32.595409479829755,395.2193399429582
UNI,1,2025-07-18 01:00:00+00:00,4.0,2.0,833.3333333333326,485.4368932038833,161.812297734627,524.8786407766981,617.9207119741114
UNI,1,2025-07-21 13:00:00+00:00,4.0,2.0,-526.4086059430384,-493.78361696499337,-700.996384798519,-1182.4354113393877,-817.388237368838
UNI,1,2025-08-11 16:00:00+00:00,4.0,2.0,-451.04319972296804,-280.49519522119317,-125.53025712059518,430.2657778547303,-534.1528871959144
UNI,1,2025-08-22 14:00:00+00:00,4.0,2.0,548.0080778410135,158.8030108316496,343.30824306958,133.10078942537106,-739.8568019093088
UNI,1,2025-09-25 18:00:00+00:00,4.0,2.0,-23.752969121141334,-178.14726840855167,-23.752969121141334,-26.392187912378517,23.75296912114022
UNI,1,2025-10-10 03:00:00+00:00,4.0,2.0,-335.85619678334734,-810.0756859034997,-3004.9668874172185,-2860.6906338694416,-2186.6130558183527
UNI,1,2025-11-10 21:00:00+00:00,4.0,2.0,684.6448913169834,67.41834243868317,-227.82750203417356,-1104.2659537370691,-1035.6852260839244
UNI,1,2025-12-18 08:00:00+00:00,4.0,2.0,208.5344661131483,-378.45143850164243,36.68661903842407,969.2990924888978,2264.91600695115
UNI,1,2025-12-20 07:00:00+00:00,4.0,2.0,394.1402162539243,934.7750261597487,1062.0858039762827,842.343913498429,451.69166376002767
UNI,1,2026-01-21 19:00:00+00:00,4.0,2.0,-183.8671411625148,-219.4543297746143,-474.49584816132926,-442.8627916172401,-389.4820086990902
UNI,1,2026-02-11 14:00:00+00:00,4.0,2.0,-1122.345803842265,-1225.9858442871584,-1569.7674418604645,-1402.932254802831,-947.927199191102
UNI,1,2026-04-07 22:00:00+00:00,4.0,2.0,-128.36185819070866,-146.69926650366594,-467.60391198043874,-516.5036674816614,-333.1295843520787
UNI,1,2026-04-16 15:00:00+00:00,4.0,2.0,26.44725242433088,-143.9905965324717,505.43637966500296,-102.8504260946228,-317.36702909197834
XLM,-1,2025-07-07 14:00:00+00:00,4.0,2.0,107.05615473395102,154.81354718032358,-106.65817646356545,-1745.532693914913,-1662.7532136745326
XLM,-1,2025-08-14 12:00:00+00:00,4.0,2.0,-0.0,-64.5603745920642,-29.7970959655669,-22.702549307098696,-193.91760866480644
XLM,-1,2025-10-10 15:00:00+00:00,4.0,2.0,1528.147946695676,1083.7639379929299,1061.7351101441398,688.3328800652711,569.4859940168617
XLM,-1,2025-11-03 15:00:00+00:00,4.0,2.0,128.2875929102334,-31.089193825044603,343.7678673527722,21.798170383076076,478.1303602058318
XLM,-1,2025-12-01 00:00:00+00:00,4.0,2.0,172.7137704222359,179.9278591130915,120.09335879482275,-776.9997878209223,-867.8124336940374
XLM,-1,2025-12-12 15:00:00+00:00,4.0,2.0,-74.94284020662212,-154.5431450588519,-135.91328647641677,182.06452705563535,717.6729613007027
XLM,-1,2025-12-17 15:00:00+00:00,4.0,2.0,249.06254340076873,244.89606962640687,58.7935743715573,-106.93949354196431,-168.51071709643062
XLM,-1,2025-12-26 14:00:00+00:00,4.0,2.0,-98.21049152462402,-134.56726002171848,-194.06015392605892,-493.4132867463048,-334.76556966806737
XLM,-1,2025-12-31 16:00:00+00:00,4.0,2.0,-30.976767424433227,-126.40519610292333,-438.67099675243713,-867.8491131651267,-1011.741194104423
XLM,-1,2026-01-18 23:00:00+00:00,4.0,2.0,179.7535858771604,173.77712394262446,104.3582199337989,273.997793306362,170.0993012136809
XLM,-1,2026-01-21 16:00:00+00:00,4.0,2.0,-287.33404399651,-391.5108053105931,-365.34547921310167,-454.50140517492076,-266.49869173369643
XLM,-1,2026-01-29 14:00:00+00:00,4.0,2.0,65.88470177189888,356.87546793112034,335.91215373097174,1048.165710007486,1333.6660843523828
XLM,-1,2026-01-31 17:00:00+00:00,4.0,2.0,-499.1864249186406,-480.5904230590419,-220.82752208275159,-545.0953045095308,235.35564853556457
XLM,-1,2026-04-02 01:00:00+00:00,4.0,2.0,202.83245319251188,184.22947671627554,164.42630820931447,291.6466634661552,294.6471435429665
XLM,1,2025-07-07 13:00:00+00:00,4.0,2.0,-362.88595569053393,-410.38819452556163,-199.74302067515603,1247.907175952967,1288.400887746759
XLM,1,2025-07-11 15:00:00+00:00,4.0,2.0,-352.43490576315486,530.831245233685,495.42433816319954,2395.1410829066353,2703.9982568907294
XLM,1,2025-08-22 14:00:00+00:00,4.0,2.0,376.6199032312967,-25.286294342191653,15.803933963869365,-129.10598361253523,-433.5140655012282
XLM,1,2025-09-02 13:00:00+00:00,4.0,2.0,-9.87762717445051,0.5487570652484841,81.21604565658913,-191.24183723865485,-156.39576359545603
XLM,1,2025-10-10 22:00:00+00:00,4.0,2.0,418.30107388592273,598.0322808822591,371.35875506398406,972.2847405311552,1278.3743810687408
XLM,1,2025-12-02 15:00:00+00:00,4.0,2.0,260.1282715213338,237.02346333107639,157.75006971278316,91.62251523722409,-294.3871250448149
XLM,1,2025-12-09 15:00:00+00:00,4.0,2.0,152.45488375815296,80.82909847545005,-10.003601296466602,-388.53987435476745,-597.0149253731338
XLM,1,2026-01-02 16:00:00+00:00,4.0,2.0,92.58406264394337,315.0621833256562,152.00368493781812,838.3233532934131,928.6043298019342
XLM,1,2026-01-13 22:00:00+00:00,4.0,2.0,149.9500166611134,-49.983338887036325,-167.44418527157578,-493.5854715094967,-588.5538153948677
XLM,1,2026-01-21 19:00:00+00:00,4.0,2.0,-67.32599712123366,13.929516645772022,-169.9401030784231,-177.83349584436058,-161.11807586943416
XLM,1,2026-02-03 19:00:00+00:00,4.0,2.0,31.30335799658379,138.30392714854867,-140.0113830392713,-1641.434262948207,-772.9083665338654
XLM,1,2026-03-10 14:00:00+00:00,4.0,2.0,-449.7544616121685,-613.2470954605341,-458.13869924541837,-488.6812791951134,-212.00143729787956
XLM,1,2026-03-23 11:00:00+00:00,4.0,2.0,185.5058125154585,221.98862231016525,329.5819935691324,1038.8325500865703,721.6176106851347
XLM,1,2026-04-07 22:00:00+00:00,4.0,2.0,115.62115621156278,-14.145141451414878,-306.27306273062646,-482.1648216482155,-463.7146371463707
XLM,1,2026-04-16 15:00:00+00:00,4.0,2.0,230.68963418345635,74.25893237567705,738.9372451153453,297.0357295027082,354.8603079919666
XRP,-1,2025-07-11 20:00:00+00:00,4.0,2.0,-150.42772219805656,-226.18529795563447,115.62998405103554,-158.0397274177181,-663.6943598666089
XRP,-1,2025-08-14 12:00:00+00:00,4.0,2.0,104.52287244338332,23.87250790373607,55.81005226143687,-17.42047874056407,-87.42499516097845
XRP,-1,2025-09-05 14:00:00+00:00,4.0,2.0,-49.501424501423585,-63.390313390314645,27.421652421651956,-322.6495726495737,-631.0541310541317
XRP,-1,2025-09-15 08:00:00+00:00,4.0,2.0,-228.16387236343826,-133.85613845321888,-232.55813953488413,-186.24932395889581,-550.9734991887494
XRP,-1,2025-09-22 00:00:00+00:00,4.0,2.0,378.7307032590048,203.4305317324181,320.4116638078902,259.3481989708413,72.3842195540314
XRP,-1,2025-09-25 17:00:00+00:00,4.0,2.0,-113.31651862411806,-67.62437401761856,-240.1579120517594,-194.4657674452599,-340.68063018605875
XRP,-1,2025-10-10 15:00:00+00:00,4.0,2.0,1414.2372386616553,1089.867552085233,968.3657459773054,817.3094464917718,540.0080271463503
XRP,-1,2025-10-30 04:00:00+00:00,4.0,2.0,-146.7772814294821,222.95788130185178,99.3139757498407,1.9942565411623647,-48.26100829610658
XRP,-1,2025-11-03 15:00:00+00:00,4.0,2.0,117.73805431419815,-45.9779993124787,379.42591955998586,186.06050189068358,430.56033001031335
XRP,-1,2025-12-01 00:00:00+00:00,4.0,2.0,17.96814296814442,195.22144522144512,208.3333333333326,-493.39549339549205,-647.8243978243969
XRP,-1,2025-12-17 15:00:00+00:00,4.0,2.0,224.06030782117003,297.8745681080508,2.6175269605277496,117.26520783164051,-91.08993822636523
XRP,-1,2026-01-06 16:00:00+00:00,4.0,2.0,-93.81438779536344,133.26903686817658,388.40910087238666,518.6094428126786,764.9818070229275
XRP,-1,2026-01-18 23:00:00+00:00,4.0,2.0,147.71642465959854,95.4629955283115,22.609656835652636,390.3934080289395,179.872381048084
XRP,-1,2026-01-21 16:00:00+00:00,4.0,2.0,-360.73423782921,-387.86911412609817,-260.17557861133247,-354.34956105347084,-194.20058526203877
XRP,-1,2026-01-29 14:00:00+00:00,4.0,2.0,115.0180742688145,432.1393361814008,376.82111950925747,1048.8552963084674,1269.5804578814761
XRP,-1,2026-01-31 17:00:00+00:00,4.0,2.0,-611.437324483024,-566.7602757212143,-303.16568802655206,-471.02374266019933,229.7676793464387
XRP,-1,2026-02-05 15:00:00+00:00,4.0,2.0,565.0632130743138,129.5097132284917,-1470.0894233734195,-933.54918285538,-927.3820536540245
XRP,-1,2026-04-02 01:00:00+00:00,4.0,2.0,121.29887742032719,207.18752354403568,153.69547201084853,105.47728471332785,86.64205530023227
XRP,1,2025-07-07 13:00:00+00:00,4.0,2.0,-333.3191071657204,-396.05650633775747,-258.20494217063003,122.91408817378668,413.12790747300545
XRP,1,2025-07-11 12:00:00+00:00,4.0,2.0,610.9420236062646,484.37384010095786,306.9556825773878,515.1807586667667,1158.7855393066593
XRP,1,2025-07-17 21:00:00+00:00,4.0,2.0,220.3833248023668,-112.60876983449907,-345.7885457544219,-267.0192799863502,-174.0317351987708
XRP,1,2025-08-01 14:00:00+00:00,4.0,2.0,-188.7472556280101,-229.0526591735753,-733.6894190123533,-520.0380116000924,-74.38476914506609
XRP,1,2025-08-07 21:00:00+00:00,4.0,2.0,308.4025854108963,182.82548476454164,123.42259156663538,-75.10003077870087,-216.98984302862434
XRP,1,2025-08-22 14:00:00+00:00,4.0,2.0,277.5559105431324,-39.27050053248116,46.924920127795474,28.288072417466115,-178.04845580404736
XRP,1,2025-09-25 18:00:00+00:00,4.0,2.0,-114.35105774728393,-160.8061749571177,-25.72898799313883,-32.51858204688429,102.20125786163604
XRP,1,2025-10-11 02:00:00+00:00,4.0,2.0,136.74441524310188,174.11300919842222,-388.8797634691199,468.95532194480836,508.3771353482258
XRP,1,2025-12-02 15:00:00+00:00,4.0,2.0,67.31662024141104,204.27112349117982,62.674094707522165,-79.38718662952704,-559.8885793871866
XRP,1,2026-01-02 16:00:00+00:00,4.0,2.0,223.2302125273944,349.11574333622355,199.27628561235312,674.2775597574014,1244.5848835431427
XRP,1,2026-01-05 18:00:00+00:00,4.0,2.0,469.06716088606527,277.9984114376499,-172.53552201923927,-321.2426087723941,-581.1490601006086
XRP,1,2026-01-13 22:00:00+00:00,4.0,2.0,-95.25562560397493,-269.6608531590805,-161.0602365284608,-437.623671253049,-486.862086420321
XRP,1,2026-01-21 14:00:00+00:00,4.0,2.0,170.5130846898828,29.87842571605226,-143.72553059962877,-109.21079744487972,-151.96785493509225
XRP,1,2026-02-05 22:00:00+00:00,4.0,2.0,842.5865447419989,1163.4552580013046,1982.3644676681895,1614.1410842586533,1673.7426518615273
XRP,1,2026-02-25 01:00:00+00:00,4.0,2.0,-115.32362692806663,345.97088078420103,362.54865215511023,134.06371630387827,-191.00475709961097
XRP,1,2026-03-23 11:00:00+00:00,4.0,2.0,211.93648993478976,63.08477459597395,34.732066912388504,76.55231074567669,-266.51545222568853
XRP,1,2026-04-07 22:00:00+00:00,4.0,2.0,83.77649887084004,34.2390908428647,-223.64682742041174,-220.7328622422966,-128.21446783711
