symbol,entry_ts,exit_ts,side,entry,exit,gross_bps,net_bps,exit_reason
BTC,2025-07-02 23:00:00+00:00,2025-07-03 05:00:00+00:00,1,109093.4,109306.9,19.570386476175372,8.070386476175372,TIME
BTC,2025-07-10 23:00:00+00:00,2025-07-11 05:00:00+00:00,1,115973.5,117713.1025,149.99999999999903,138.49999999999903,TP
BTC,2025-08-14 23:00:00+00:00,2025-08-15 05:00:00+00:00,-1,118231.2,118954.0,-61.134455203026846,-72.63445520302685,TIME
BTC,2025-08-22 23:00:00+00:00,2025-08-23 05:00:00+00:00,1,116689.5,115919.7,-65.96994588202065,-77.46994588202065,TIME
BTC,2025-08-29 23:00:00+00:00,2025-08-30 05:00:00+00:00,-1,108319.0,108302.4,1.5325104552299518,-9.967489544770048,TIME
BTC,2025-09-25 23:00:00+00:00,2025-09-26 05:00:00+00:00,-1,109377.1,109202.3,15.981407442691165,4.4814074426911645,TIME
BTC,2025-10-01 23:00:00+00:00,2025-10-02 05:00:00+00:00,1,117697.2,118312.9,52.312204538425,40.812204538425,TIME
BTC,2025-10-10 23:00:00+00:00,2025-10-11 00:00:00+00:00,-1,113616.4,111912.154,150.00000000000014,138.50000000000014,TP
BTC,2025-10-12 23:00:00+00:00,2025-10-13 05:00:00+00:00,1,115175.3,114565.5,-52.94537978195013,-64.44537978195012,TIME
BTC,2025-11-03 23:00:00+00:00,2025-11-04 05:00:00+00:00,-1,106437.1,104840.5435,150.00000000000014,138.50000000000014,TP
BTC,2025-11-04 23:00:00+00:00,2025-11-05 01:00:00+00:00,-1,101242.6,99723.96100000001,149.99999999999903,138.49999999999903,TP
BTC,2025-11-14 23:00:00+00:00,2025-11-15 03:00:00+00:00,-1,95130.0,96556.95,-149.99999999999903,-161.49999999999903,SL
BTC,2025-11-20 23:00:00+00:00,2025-11-20 23:00:00+00:00,-1,88014.3,86694.0855,150.00000000000014,138.50000000000014,TP
BTC,2025-11-23 23:00:00+00:00,2025-11-24 00:00:00+00:00,1,87960.0,86640.6,-149.99999999999903,-161.49999999999903,SL
BTC,2025-11-26 23:00:00+00:00,2025-11-27 02:00:00+00:00,1,90333.7,91688.70549999998,149.99999999999903,138.49999999999903,TP
BTC,2025-12-01 23:00:00+00:00,2025-12-02 05:00:00+00:00,-1,86533.8,86964.9,-49.818683566420496,-61.318683566420496,TIME
BTC,2025-12-02 23:00:00+00:00,2025-12-03 04:00:00+00:00,1,91933.2,93312.19799999999,149.99999999999903,138.49999999999903,TP
BTC,2025-12-05 23:00:00+00:00,2025-12-06 05:00:00+00:00,-1,89199.3,89556.7,-40.067579005664825,-51.567579005664825,TIME
BTC,2025-12-19 23:00:00+00:00,2025-12-20 05:00:00+00:00,1,88289.7,88255.1,-3.918916929154248,-15.418916929154248,TIME
BTC,2026-01-13 23:00:00+00:00,2026-01-14 05:00:00+00:00,1,95730.7,94962.2,-80.27727782205729,-91.77727782205729,TIME
BTC,2026-01-20 23:00:00+00:00,2026-01-21 05:00:00+00:00,-1,88450.3,89777.0545,-149.99999999999903,-161.49999999999903,SL
BTC,2026-01-25 23:00:00+00:00,2026-01-26 01:00:00+00:00,-1,86461.9,87758.82849999999,-149.99999999999903,-161.49999999999903,SL
BTC,2026-01-29 23:00:00+00:00,2026-01-30 01:00:00+00:00,-1,84521.4,83253.579,149.99999999999903,138.49999999999903,TP
BTC,2026-01-31 23:00:00+00:00,2026-02-01 00:00:00+00:00,-1,78127.9,79299.81849999998,-149.99999999999903,-161.49999999999903,SL
BTC,2026-02-03 23:00:00+00:00,2026-02-04 03:00:00+00:00,-1,75696.3,76831.7445,-149.99999999999903,-161.49999999999903,SL
BTC,2026-02-04 23:00:00+00:00,2026-02-05 02:00:00+00:00,-1,72500.0,71412.5,150.00000000000014,138.50000000000014,TP
BTC,2026-02-05 23:00:00+00:00,2026-02-05 23:00:00+00:00,-1,63878.7,64836.88049999999,-149.99999999999903,-161.49999999999903,SL
BTC,2026-02-06 23:00:00+00:00,2026-02-07 00:00:00+00:00,1,71315.5,70245.7675,-150.00000000000014,-161.50000000000014,SL
BTC,2026-02-13 23:00:00+00:00,2026-02-14 05:00:00+00:00,1,68969.2,68733.6,-34.160175846608134,-45.660175846608134,TIME
BTC,2026-02-23 23:00:00+00:00,2026-02-24 01:00:00+00:00,-1,64691.9,63721.5215,150.00000000000014,138.50000000000014,TP
BTC,2026-02-25 23:00:00+00:00,2026-02-26 05:00:00+00:00,1,68416.6,68411.0,-0.8185148048878155,-12.318514804887815,TIME
BTC,2026-03-02 23:00:00+00:00,2026-03-03 02:00:00+00:00,1,69367.2,68326.692,-150.00000000000014,-161.50000000000014,SL
BTC,2026-03-04 23:00:00+00:00,2026-03-05 05:00:00+00:00,1,72695.7,72384.2,-42.849852192082814,-54.349852192082814,TIME
BTC,2026-03-06 23:00:00+00:00,2026-03-07 05:00:00+00:00,-1,68290.5,67988.4,44.23748544819639,32.73748544819639,TIME
BTC,2026-03-09 23:00:00+00:00,2026-03-10 02:00:00+00:00,1,68599.8,69628.79699999999,149.99999999999903,138.49999999999903,TP
BTC,2026-03-18 23:00:00+00:00,2026-03-19 05:00:00+00:00,-1,71116.0,70795.4,45.081275662298694,33.581275662298694,TIME
BTC,2026-03-23 23:00:00+00:00,2026-03-24 05:00:00+00:00,1,70747.0,70249.5,-70.32100301072819,-81.82100301072819,TIME
BTC,2026-03-26 23:00:00+00:00,2026-03-27 05:00:00+00:00,-1,68857.8,68589.3,38.99340379739158,27.49340379739158,TIME
BTC,2026-03-27 23:00:00+00:00,2026-03-28 05:00:00+00:00,-1,65981.7,66312.4,-50.11995750336729,-61.61995750336729,TIME
BTC,2026-04-07 23:00:00+00:00,2026-04-07 23:00:00+00:00,1,71475.3,72547.4295,149.99999999999903,138.49999999999903,TP
BTC,2026-04-13 23:00:00+00:00,2026-04-14 05:00:00+00:00,1,74598.9,74172.9,-57.10539967747508,-68.60539967747508,TIME
ETH,2025-07-01 23:00:00+00:00,2025-07-02 04:00:00+00:00,-1,2399.64,2435.6345999999994,-149.99999999999903,-161.49999999999903,SL
ETH,2025-07-02 23:00:00+00:00,2025-07-03 05:00:00+00:00,1,2593.63,2588.43,-20.049120344846074,-31.549120344846074,TIME
ETH,2025-07-09 23:00:00+00:00,2025-07-10 05:00:00+00:00,1,2779.17,2780.06,3.2023949596449164,-8.297605040355084,TIME
ETH,2025-07-10 23:00:00+00:00,2025-07-11 00:00:00+00:00,1,2973.51,2928.90735,-150.00000000000125,-161.50000000000125,SL
ETH,2025-07-16 23:00:00+00:00,2025-07-17 01:00:00+00:00,1,3362.34,3311.9049,-150.00000000000014,-161.50000000000014,SL
ETH,2025-07-20 23:00:00+00:00,2025-07-21 05:00:00+00:00,1,3745.87,3782.22,97.04020694791815,85.54020694791815,TIME
ETH,2025-07-23 23:00:00+00:00,2025-07-24 03:00:00+00:00,-1,3609.88,3664.0281999999997,-149.99999999999903,-161.49999999999903,SL
ETH,2025-07-27 23:00:00+00:00,2025-07-28 05:00:00+00:00,1,3863.11,3921.0566499999995,149.99999999999903,138.49999999999903,TP
ETH,2025-08-01 23:00:00+00:00,2025-08-02 01:00:00+00:00,-1,3462.9,3514.8435,-149.99999999999903,-161.49999999999903,SL
ETH,2025-08-03 23:00:00+00:00,2025-08-04 01:00:00+00:00,1,3501.88,3554.4082,149.99999999999903,138.49999999999903,TP
ETH,2025-08-04 23:00:00+00:00,2025-08-05 02:00:00+00:00,1,3730.73,3674.76905,-150.00000000000014,-161.50000000000014,SL
ETH,2025-08-05 23:00:00+00:00,2025-08-06 05:00:00+00:00,-1,3595.3,3649.2295,-149.99999999999903,-161.49999999999903,SL
ETH,2025-08-07 23:00:00+00:00,2025-08-08 05:00:00+00:00,1,3915.07,3900.22,-37.93035628992691,-49.43035628992691,TIME
ETH,2025-08-09 23:00:00+00:00,2025-08-10 00:00:00+00:00,1,4262.67,4326.610049999999,149.99999999999903,138.49999999999903,TP
ETH,2025-08-12 23:00:00+00:00,2025-08-13 03:00:00+00:00,1,4574.85,4643.47275,149.99999999999903,138.49999999999903,TP
ETH,2025-08-13 23:00:00+00:00,2025-08-14 05:00:00+00:00,1,4733.28,4732.15,-2.387350843390257,-13.887350843390257,TIME
ETH,2025-08-14 23:00:00+00:00,2025-08-15 01:00:00+00:00,-1,4529.52,4597.4628,-149.99999999999903,-161.49999999999903,SL
ETH,2025-08-19 23:00:00+00:00,2025-08-19 23:00:00+00:00,-1,4130.77,4068.8084500000004,150.00000000000014,138.50000000000014,TP
ETH,2025-08-20 23:00:00+00:00,2025-08-21 01:00:00+00:00,1,4363.6,4298.146000000001,-149.99999999999903,-161.49999999999903,SL
ETH,2025-08-22 23:00:00+00:00,2025-08-23 02:00:00+00:00,1,4809.91,4737.76135,-150.00000000000014,-161.50000000000014,SL
ETH,2025-08-25 23:00:00+00:00,2025-08-26 00:00:00+00:00,-1,4390.0,4324.15,150.00000000000125,138.50000000000125,TP
ETH,2025-08-26 23:00:00+00:00,2025-08-27 05:00:00+00:00,1,4597.32,4612.0,31.931647133547347,20.431647133547347,TIME
ETH,2025-08-29 23:00:00+00:00,2025-08-30 01:00:00+00:00,-1,4364.75,4299.2787499999995,150.00000000000125,138.50000000000125,TP
ETH,2025-09-03 23:00:00+00:00,2025-09-04 03:00:00+00:00,1,4467.73,4400.71405,-150.00000000000014,-161.50000000000014,SL
ETH,2025-09-12 23:00:00+00:00,2025-09-13 03:00:00+00:00,1,4693.1,4763.4965,149.99999999999903,138.49999999999903,TP
ETH,2025-09-22 23:00:00+00:00,2025-09-23 03:00:00+00:00,-1,4189.01,4126.17485,150.00000000000014,138.50000000000014,TP
ETH,2025-09-25 23:00:00+00:00,2025-09-26 01:00:00+00:00,-1,3891.98,3950.3596999999995,-149.99999999999903,-161.49999999999903,SL
ETH,2025-09-26 23:00:00+00:00,2025-09-27 05:00:00+00:00,1,4024.49,4018.11,-15.852940372568236,-27.352940372568234,TIME
ETH,2025-10-01 23:00:00+00:00,2025-10-02 00:00:00+00:00,1,4310.25,4374.9037499999995,149.99999999999903,138.49999999999903,TP
ETH,2025-10-06 23:00:00+00:00,2025-10-07 05:00:00+00:00,1,4696.99,4709.47,26.570207728779938,15.070207728779938,TIME
ETH,2025-10-07 23:00:00+00:00,2025-10-07 23:00:00+00:00,-1,4495.32,4427.8902,150.00000000000014,138.50000000000014,TP
ETH,2025-10-09 23:00:00+00:00,2025-10-10 05:00:00+00:00,-1,4376.48,4366.56,22.6666179212498,11.166617921249799,TIME
ETH,2025-10-10 23:00:00+00:00,2025-10-10 23:00:00+00:00,-1,3854.96,3912.7843999999996,-149.99999999999903,-161.49999999999903,SL
ETH,2025-10-12 23:00:00+00:00,2025-10-13 01:00:00+00:00,1,4132.58,4194.5687,149.99999999999903,138.49999999999903,TP
ETH,2025-10-15 23:00:00+00:00,2025-10-16 02:00:00+00:00,-1,3959.79,4019.1868499999996,-149.99999999999903,-161.49999999999903,SL
ETH,2025-10-16 23:00:00+00:00,2025-10-17 00:00:00+00:00,-1,3862.89,3920.8333499999994,-149.99999999999903,-161.49999999999903,SL
ETH,2025-10-19 23:00:00+00:00,2025-10-20 00:00:00+00:00,1,4018.19,3957.91715,-150.00000000000014,-161.50000000000014,SL
ETH,2025-10-22 23:00:00+00:00,2025-10-22 23:00:00+00:00,-1,3749.77,3806.01655,-149.99999999999903,-161.49999999999903,SL
ETH,2025-10-26 23:00:00+00:00,2025-10-27 03:00:00+00:00,1,4158.97,4221.35455,149.99999999999903,138.49999999999903,TP
ETH,2025-10-28 23:00:00+00:00,2025-10-29 05:00:00+00:00,-1,3992.81,4025.0,-80.6199142959474,-92.1199142959474,TIME
ETH,2025-10-30 23:00:00+00:00,2025-10-31 01:00:00+00:00,-1,3782.0,3838.7299999999996,-149.99999999999903,-161.49999999999903,SL
ETH,2025-11-03 23:00:00+00:00,2025-11-04 01:00:00+00:00,-1,3588.04,3641.8605999999995,-149.99999999999903,-161.49999999999903,SL
ETH,2025-11-04 23:00:00+00:00,2025-11-04 23:00:00+00:00,-1,3245.89,3294.57835,-149.99999999999903,-161.49999999999903,SL
ETH,2025-11-05 23:00:00+00:00,2025-11-06 05:00:00+00:00,1,3422.61,3386.6,-105.2121042128673,-116.7121042128673,TIME
ETH,2025-11-06 23:00:00+00:00,2025-11-07 05:00:00+00:00,-1,3317.14,3366.8970999999997,-149.99999999999903,-161.49999999999903,SL
ETH,2025-11-07 23:00:00+00:00,2025-11-08 05:00:00+00:00,1,3444.13,3429.82,-41.54895430776406,-53.04895430776406,TIME
ETH,2025-11-09 23:00:00+00:00,2025-11-10 00:00:00+00:00,1,3586.09,3639.8813499999997,149.99999999999903,138.49999999999903,TP
ETH,2025-11-11 23:00:00+00:00,2025-11-12 05:00:00+00:00,-1,3428.19,3447.41,-56.0645705168028,-67.5645705168028,TIME
ETH,2025-11-13 23:00:00+00:00,2025-11-14 04:00:00+00:00,-1,3226.79,3178.3881499999998,150.00000000000014,138.50000000000014,TP
ETH,2025-11-18 23:00:00+00:00,2025-11-19 00:00:00+00:00,1,3124.35,3077.48475,-149.99999999999903,-161.49999999999903,SL
ETH,2025-11-19 23:00:00+00:00,2025-11-20 00:00:00+00:00,-1,2983.54,3028.2931,-149.99999999999903,-161.49999999999903,SL
ETH,2025-11-20 23:00:00+00:00,2025-11-20 23:00:00+00:00,-1,2885.56,2842.2765999999997,150.00000000000125,138.50000000000125,TP
ETH,2025-11-21 23:00:00+00:00,2025-11-21 23:00:00+00:00,-1,2721.04,2761.8556,-149.99999999999903,-161.49999999999903,SL
ETH,2025-11-24 23:00:00+00:00,2025-11-25 02:00:00+00:00,1,2958.4,2914.024,-150.00000000000014,-161.50000000000014,SL
ETH,2025-12-01 23:00:00+00:00,2025-12-02 05:00:00+00:00,-1,2795.83,2802.27,-23.03430466086942,-34.534304660869424,TIME
ETH,2025-12-02 23:00:00+00:00,2025-12-03 05:00:00+00:00,1,3015.28,3060.5092,149.99999999999903,138.49999999999903,TP
ETH,2025-12-03 23:00:00+00:00,2025-12-04 01:00:00+00:00,1,3187.78,3235.5967,149.99999999999903,138.49999999999903,TP
ETH,2025-12-05 23:00:00+00:00,2025-12-06 05:00:00+00:00,-1,3025.43,3035.95,-34.77191671927615,-46.27191671927615,TIME
ETH,2025-12-09 23:00:00+00:00,2025-12-10 05:00:00+00:00,1,3326.87,3320.96,-17.764445259357274,-29.264445259357274,TIME
ETH,2025-12-12 23:00:00+00:00,2025-12-13 05:00:00+00:00,-1,3091.1,3087.76,10.805214972015031,-0.6947850279849686,TIME
ETH,2025-12-15 23:00:00+00:00,2025-12-16 04:00:00+00:00,-1,2949.96,2905.7106,150.00000000000014,138.50000000000014,TP
ETH,2025-12-17 23:00:00+00:00,2025-12-18 05:00:00+00:00,-1,2834.61,2824.54,35.52516924726912,24.02516924726912,TIME
ETH,2025-12-19 23:00:00+00:00,2025-12-20 05:00:00+00:00,1,2986.21,2979.56,-22.269029974449907,-33.76902997444991,TIME
ETH,2026-01-02 23:00:00+00:00,2026-01-03 05:00:00+00:00,1,3131.01,3110.77,-64.64367727985643,-76.14367727985643,TIME
ETH,2026-01-05 23:00:00+00:00,2026-01-06 05:00:00+00:00,1,3238.59,3217.1,-66.35603765836495,-77.85603765836495,TIME
ETH,2026-01-07 23:00:00+00:00,2026-01-08 05:00:00+00:00,-1,3151.69,3142.56,28.968585108307686,17.468585108307686,TIME
ETH,2026-01-13 23:00:00+00:00,2026-01-14 05:00:00+00:00,1,3330.12,3329.23,-2.6725763636137323,-14.172576363613732,TIME
ETH,2026-01-20 23:00:00+00:00,2026-01-21 05:00:00+00:00,-1,2950.0,2994.2499999999995,-149.99999999999903,-161.49999999999903,SL
ETH,2026-01-25 23:00:00+00:00,2026-01-26 00:00:00+00:00,-1,2802.17,2844.20255,-149.99999999999903,-161.49999999999903,SL
ETH,2026-01-26 23:00:00+00:00,2026-01-27 05:00:00+00:00,1,2924.0,2938.34,49.04240766073986,37.54240766073986,TIME
ETH,2026-01-27 23:00:00+00:00,2026-01-28 05:00:00+00:00,1,3017.78,3002.86,-49.440317054259,-60.940317054259,TIME
ETH,2026-01-29 23:00:00+00:00,2026-01-30 01:00:00+00:00,-1,2818.99,2776.70515,150.00000000000014,138.50000000000014,TP
ETH,2026-01-30 23:00:00+00:00,2026-01-31 05:00:00+00:00,-1,2707.89,2696.91,40.54817588602155,29.048175886021554,TIME
ETH,2026-01-31 23:00:00+00:00,2026-01-31 23:00:00+00:00,-1,2417.7,2453.9655,-149.99999999999903,-161.49999999999903,SL
ETH,2026-02-01 23:00:00+00:00,2026-02-01 23:00:00+00:00,-1,2316.78,2282.0283,150.00000000000125,138.50000000000125,TP
ETH,2026-02-02 23:00:00+00:00,2026-02-03 02:00:00+00:00,1,2350.08,2314.8288,-150.00000000000014,-161.50000000000014,SL
ETH,2026-02-03 23:00:00+00:00,2026-02-04 01:00:00+00:00,-1,2235.1,2268.6265,-149.99999999999903,-161.49999999999903,SL
ETH,2026-02-04 23:00:00+00:00,2026-02-04 23:00:00+00:00,-1,2120.09,2151.89135,-149.99999999999903,-161.49999999999903,SL
ETH,2026-02-05 23:00:00+00:00,2026-02-05 23:00:00+00:00,-1,1869.65,1897.6947499999999,-149.99999999999903,-161.49999999999903,SL
ETH,2026-02-06 23:00:00+00:00,2026-02-07 00:00:00+00:00,1,2073.81,2042.70285,-150.00000000000014,-161.50000000000014,SL
ETH,2026-02-10 23:00:00+00:00,2026-02-11 04:00:00+00:00,-1,2016.35,1986.10475,150.00000000000014,138.50000000000014,TP
ETH,2026-02-11 23:00:00+00:00,2026-02-12 05:00:00+00:00,-1,1950.63,1969.8,-98.27594161886167,-109.77594161886167,TIME
ETH,2026-02-13 23:00:00+00:00,2026-02-14 05:00:00+00:00,1,2053.36,2050.05,-16.119920520512032,-27.619920520512032,TIME
ETH,2026-02-15 23:00:00+00:00,2026-02-16 05:00:00+00:00,-1,1969.35,1957.06,62.406377738847276,50.906377738847276,TIME
ETH,2026-02-23 23:00:00+00:00,2026-02-24 01:00:00+00:00,-1,1859.48,1831.5878,150.00000000000014,138.50000000000014,TP
ETH,2026-02-25 23:00:00+00:00,2026-02-25 23:00:00+00:00,1,2081.35,2050.12975,-149.99999999999903,-161.49999999999903,SL
ETH,2026-02-27 23:00:00+00:00,2026-02-28 05:00:00+00:00,-1,1919.7,1919.14,2.9171224670521134,-8.582877532947887,TIME
ETH,2026-03-02 23:00:00+00:00,2026-03-03 00:00:00+00:00,1,2051.42,2020.6487,-150.00000000000014,-161.50000000000014,SL
ETH,2026-03-04 23:00:00+00:00,2026-03-05 05:00:00+00:00,1,2131.19,2118.31,-60.43571901144462,-71.93571901144462,TIME
ETH,2026-03-06 23:00:00+00:00,2026-03-07 05:00:00+00:00,-1,1986.46,1977.71,44.048206357036875,32.548206357036875,TIME
ETH,2026-03-09 23:00:00+00:00,2026-03-10 02:00:00+00:00,1,2002.0,2032.0299999999997,149.99999999999903,138.49999999999903,TP
ETH,2026-03-15 23:00:00+00:00,2026-03-16 03:00:00+00:00,1,2186.31,2219.1046499999998,149.99999999999903,138.49999999999903,TP
ETH,2026-03-16 23:00:00+00:00,2026-03-17 03:00:00+00:00,1,2356.67,2321.31995,-150.00000000000014,-161.50000000000014,SL
ETH,2026-03-18 23:00:00+00:00,2026-03-19 03:00:00+00:00,-1,2193.17,2226.0675499999998,-149.99999999999903,-161.49999999999903,SL
ETH,2026-03-23 23:00:00+00:00,2026-03-24 05:00:00+00:00,1,2151.5,2132.83,-86.77666744132063,-98.27666744132063,TIME
ETH,2026-03-26 23:00:00+00:00,2026-03-27 05:00:00+00:00,-1,2065.0,2060.2,23.2445520581126,11.7445520581126,TIME
ETH,2026-03-27 23:00:00+00:00,2026-03-28 05:00:00+00:00,-1,1984.39,1993.06,-43.69100831993711,-55.19100831993711,TIME
ETH,2026-03-31 23:00:00+00:00,2026-04-01 05:00:00+00:00,1,2095.58,2127.0136999999995,149.99999999999903,138.49999999999903,TP
ETH,2026-04-02 23:00:00+00:00,2026-04-03 05:00:00+00:00,-1,2059.05,2056.08,14.424127631675887,2.924127631675887,TIME
ETH,2026-04-07 23:00:00+00:00,2026-04-07 23:00:00+00:00,1,2219.32,2252.6097999999997,149.99999999999903,138.49999999999903,TP
ETH,2026-04-12 23:00:00+00:00,2026-04-13 05:00:00+00:00,-1,2197.65,2190.28,33.53582235569807,22.035822355698073,TIME
ETH,2026-04-13 23:00:00+00:00,2026-04-13 23:00:00+00:00,1,2351.98,2387.2596999999996,149.99999999999903,138.49999999999903,TP
ETH,2026-04-17 23:00:00+00:00,2026-04-18 05:00:00+00:00,1,2431.3,2407.61,-97.43758483116038,-108.93758483116038,TIME
ETH,2026-04-19 23:00:00+00:00,2026-04-20 05:00:00+00:00,-1,2268.08,2269.0,-4.056294310605946,-15.556294310605946,TIME
ETH,2026-04-22 23:00:00+00:00,2026-04-23 00:00:00+00:00,1,2398.87,2362.88695,-149.99999999999903,-161.49999999999903,SL
SOL,2025-06-28 23:00:00+00:00,2025-06-29 05:00:00+00:00,1,150.74,149.64,-72.97333156428442,-84.47333156428442,TIME
SOL,2025-07-01 23:00:00+00:00,2025-07-02 03:00:00+00:00,-1,146.61,148.80915,-149.99999999999903,-161.49999999999903,SL
SOL,2025-07-02 23:00:00+00:00,2025-07-03 05:00:00+00:00,1,153.47,155.77204999999998,149.99999999999903,138.49999999999903,TP
SOL,2025-07-06 23:00:00+00:00,2025-07-07 05:00:00+00:00,1,152.35,151.84,-33.47554972103595,-44.97554972103595,TIME
SOL,2025-07-09 23:00:00+00:00,2025-07-10 05:00:00+00:00,1,157.51,157.18,-20.95105072693726,-32.45105072693726,TIME
SOL,2025-07-10 23:00:00+00:00,2025-07-11 00:00:00+00:00,1,164.61,162.14085,-150.00000000000125,-161.50000000000125,SL
SOL,2025-07-16 23:00:00+00:00,2025-07-17 01:00:00+00:00,1,173.88,171.27179999999998,-150.00000000000014,-161.50000000000014,SL
SOL,2025-07-21 23:00:00+00:00,2025-07-22 01:00:00+00:00,1,197.38,194.4193,-150.00000000000014,-161.50000000000014,SL
SOL,2025-07-22 23:00:00+00:00,2025-07-22 23:00:00+00:00,1,202.02,205.0503,149.99999999999903,138.49999999999903,TP
SOL,2025-07-23 23:00:00+00:00,2025-07-24 04:00:00+00:00,-1,189.1,186.2635,150.00000000000014,138.50000000000014,TP
SOL,2025-08-01 23:00:00+00:00,2025-08-02 00:00:00+00:00,-1,161.23,163.64844999999997,-149.99999999999903,-161.49999999999903,SL
SOL,2025-08-04 23:00:00+00:00,2025-08-05 05:00:00+00:00,1,169.26,168.28,-57.899090157154106,-69.3990901571541,TIME
SOL,2025-08-05 23:00:00+00:00,2025-08-06 03:00:00+00:00,-1,163.79,161.33315,150.00000000000014,138.50000000000014,TP
SOL,2025-08-07 23:00:00+00:00,2025-08-08 05:00:00+00:00,1,175.02,174.14,-50.279968003658084,-61.779968003658084,TIME
SOL,2025-08-11 23:00:00+00:00,2025-08-12 05:00:00+00:00,-1,174.62,174.81,-10.880769671286483,-22.380769671286483,TIME
SOL,2025-08-12 23:00:00+00:00,2025-08-13 00:00:00+00:00,1,191.66,194.53489999999996,149.99999999999903,138.49999999999903,TP
SOL,2025-08-13 23:00:00+00:00,2025-08-14 00:00:00+00:00,1,200.6,203.60899999999998,149.99999999999903,138.49999999999903,TP
SOL,2025-08-14 23:00:00+00:00,2025-08-15 03:00:00+00:00,-1,191.72,194.59579999999997,-149.99999999999903,-161.49999999999903,SL
SOL,2025-08-18 23:00:00+00:00,2025-08-19 00:00:00+00:00,-1,184.03,181.26955,149.99999999999903,138.49999999999903,TP
SOL,2025-08-20 23:00:00+00:00,2025-08-21 03:00:00+00:00,1,187.22,190.02829999999997,149.99999999999903,138.49999999999903,TP
SOL,2025-08-21 23:00:00+00:00,2025-08-22 05:00:00+00:00,-1,181.65,183.61,-107.89980732177406,-119.39980732177406,TIME
SOL,2025-08-22 23:00:00+00:00,2025-08-23 02:00:00+00:00,1,199.48,196.4878,-150.00000000000014,-161.50000000000014,SL
SOL,2025-08-25 23:00:00+00:00,2025-08-26 05:00:00+00:00,-1,186.95,188.72,-94.67772131586116,-106.17772131586116,TIME
SOL,2025-08-26 23:00:00+00:00,2025-08-27 02:00:00+00:00,1,196.57,199.51854999999998,149.99999999999903,138.49999999999903,TP
SOL,2025-08-27 23:00:00+00:00,2025-08-28 02:00:00+00:00,1,204.28,207.34419999999997,149.99999999999903,138.49999999999903,TP
SOL,2025-08-28 23:00:00+00:00,2025-08-29 00:00:00+00:00,1,214.04,217.25059999999996,149.99999999999903,138.49999999999903,TP
SOL,2025-08-29 23:00:00+00:00,2025-08-30 03:00:00+00:00,-1,203.07,206.11604999999997,-149.99999999999903,-161.49999999999903,SL
SOL,2025-09-02 23:00:00+00:00,2025-09-03 01:00:00+00:00,1,208.55,211.67825,149.99999999999903,138.49999999999903,TP
SOL,2025-09-04 23:00:00+00:00,2025-09-05 00:00:00+00:00,-1,204.18,201.1173,150.00000000000014,138.50000000000014,TP
SOL,2025-09-07 23:00:00+00:00,2025-09-08 05:00:00+00:00,1,207.12,207.21,4.345307068365223,-7.154692931634777,TIME
SOL,2025-09-08 23:00:00+00:00,2025-09-09 02:00:00+00:00,1,214.61,211.39085,-150.00000000000014,-161.50000000000014,SL
SOL,2025-09-10 23:00:00+00:00,2025-09-11 05:00:00+00:00,1,224.4,222.17,-99.37611408199709,-110.87611408199709,TIME
SOL,2025-09-12 23:00:00+00:00,2025-09-13 05:00:00+00:00,1,241.04,241.61,23.647527381347455,12.147527381347455,TIME
SOL,2025-09-17 23:00:00+00:00,2025-09-18 05:00:00+00:00,1,244.78,244.75,-1.2255903260072198,-12.72559032600722,TIME
SOL,2025-09-19 23:00:00+00:00,2025-09-20 05:00:00+00:00,-1,238.46,239.3,-35.226033716346805,-46.726033716346805,TIME
SOL,2025-09-22 23:00:00+00:00,2025-09-23 02:00:00+00:00,-1,219.75,216.45374999999999,150.00000000000014,138.50000000000014,TP
SOL,2025-09-25 23:00:00+00:00,2025-09-25 23:00:00+00:00,-1,194.58,191.6613,150.00000000000014,138.50000000000014,TP
SOL,2025-09-26 23:00:00+00:00,2025-09-27 05:00:00+00:00,1,203.36,202.39,-47.6986624704967,-59.1986624704967,TIME
SOL,2025-10-01 23:00:00+00:00,2025-10-02 01:00:00+00:00,1,219.4,222.69099999999997,149.99999999999903,138.49999999999903,TP
SOL,2025-10-02 23:00:00+00:00,2025-10-03 05:00:00+00:00,1,232.95,231.08,-80.274737068039,-91.774737068039,TIME
SOL,2025-10-07 23:00:00+00:00,2025-10-08 00:00:00+00:00,-1,222.4,219.064,150.00000000000014,138.50000000000014,TP
SOL,2025-10-08 23:00:00+00:00,2025-10-09 02:00:00+00:00,1,228.54,225.1119,-150.00000000000014,-161.50000000000014,SL
SOL,2025-10-09 23:00:00+00:00,2025-10-10 05:00:00+00:00,-1,221.16,221.62,-20.799421233497206,-32.299421233497206,TIME
SOL,2025-10-10 23:00:00+00:00,2025-10-10 23:00:00+00:00,-1,188.41,191.23614999999998,-149.99999999999903,-161.49999999999903,SL
SOL,2025-10-11 23:00:00+00:00,2025-10-12 00:00:00+00:00,-1,177.15,174.49275,150.00000000000014,138.50000000000014,TP
SOL,2025-10-12 23:00:00+00:00,2025-10-13 03:00:00+00:00,1,197.18,194.2223,-150.00000000000125,-161.50000000000125,SL
SOL,2025-10-13 23:00:00+00:00,2025-10-14 03:00:00+00:00,1,208.31,205.18535,-150.00000000000014,-161.50000000000014,SL
SOL,2025-10-14 23:00:00+00:00,2025-10-15 02:00:00+00:00,-1,201.42,204.44129999999996,-149.99999999999903,-161.49999999999903,SL
SOL,2025-10-15 23:00:00+00:00,2025-10-16 05:00:00+00:00,-1,193.2,192.36,43.478260869563854,31.978260869563854,TIME
SOL,2025-10-16 23:00:00+00:00,2025-10-17 00:00:00+00:00,-1,183.03,185.77544999999998,-149.99999999999903,-161.49999999999903,SL
SOL,2025-10-22 23:00:00+00:00,2025-10-23 01:00:00+00:00,-1,178.73,181.41094999999999,-149.99999999999903,-161.49999999999903,SL
SOL,2025-10-23 23:00:00+00:00,2025-10-24 00:00:00+00:00,1,190.29,193.14434999999997,149.99999999999903,138.49999999999903,TP
SOL,2025-10-26 23:00:00+00:00,2025-10-27 00:00:00+00:00,1,200.07,203.07104999999999,149.99999999999903,138.49999999999903,TP
SOL,2025-10-30 23:00:00+00:00,2025-10-31 00:00:00+00:00,-1,183.59,186.34384999999997,-149.99999999999903,-161.49999999999903,SL
SOL,2025-11-03 23:00:00+00:00,2025-11-04 01:00:00+00:00,-1,165.68,168.1652,-149.99999999999903,-161.49999999999903,SL
SOL,2025-11-04 23:00:00+00:00,2025-11-05 00:00:00+00:00,-1,155.12,152.7932,149.99999999999903,138.49999999999903,TP
SOL,2025-11-05 23:00:00+00:00,2025-11-06 01:00:00+00:00,1,162.75,160.30875,-150.00000000000014,-161.50000000000014,SL
SOL,2025-11-06 23:00:00+00:00,2025-11-07 02:00:00+00:00,-1,155.51,157.84264999999996,-149.99999999999903,-161.49999999999903,SL
SOL,2025-11-07 23:00:00+00:00,2025-11-08 00:00:00+00:00,1,163.23,160.78154999999998,-150.00000000000014,-161.50000000000014,SL
SOL,2025-11-09 23:00:00+00:00,2025-11-10 00:00:00+00:00,1,165.38,167.86069999999998,149.99999999999903,138.49999999999903,TP
SOL,2025-11-11 23:00:00+00:00,2025-11-11 23:00:00+00:00,-1,156.61,154.26085,150.00000000000014,138.50000000000014,TP
SOL,2025-11-13 23:00:00+00:00,2025-11-14 04:00:00+00:00,-1,144.44,142.2734,149.99999999999903,138.49999999999903,TP
SOL,2025-11-17 23:00:00+00:00,2025-11-18 00:00:00+00:00,-1,131.27,129.30095,150.00000000000125,138.50000000000125,TP
SOL,2025-11-18 23:00:00+00:00,2025-11-19 00:00:00+00:00,1,141.42,139.2987,-149.99999999999903,-161.49999999999903,SL
SOL,2025-11-19 23:00:00+00:00,2025-11-20 00:00:00+00:00,-1,135.5,137.5325,-149.99999999999903,-161.49999999999903,SL
SOL,2025-11-21 23:00:00+00:00,2025-11-21 23:00:00+00:00,-1,125.41,127.29114999999999,-149.99999999999903,-161.49999999999903,SL
SOL,2025-11-23 23:00:00+00:00,2025-11-23 23:00:00+00:00,1,132.6,130.611,-150.00000000000014,-161.50000000000014,SL
SOL,2025-11-24 23:00:00+00:00,2025-11-25 05:00:00+00:00,1,138.93,138.52,-29.511264665659233,-41.01126466565923,TIME
SOL,2025-12-01 23:00:00+00:00,2025-12-02 05:00:00+00:00,-1,126.76,126.64,9.466708740928365,-2.0332912590716354,TIME
SOL,2025-12-02 23:00:00+00:00,2025-12-03 00:00:00+00:00,1,139.87,137.77195,-150.00000000000014,-161.50000000000014,SL
SOL,2025-12-03 23:00:00+00:00,2025-12-04 01:00:00+00:00,1,144.48,146.64719999999997,149.99999999999903,138.49999999999903,TP
SOL,2025-12-04 23:00:00+00:00,2025-12-05 05:00:00+00:00,-1,139.31,137.96,96.90618046084177,85.40618046084177,TIME
SOL,2025-12-05 23:00:00+00:00,2025-12-06 05:00:00+00:00,-1,132.65,132.99,-25.631360723710195,-37.131360723710195,TIME
SOL,2025-12-09 23:00:00+00:00,2025-12-10 05:00:00+00:00,1,138.71,139.07,25.953428015281776,14.453428015281776,TIME
SOL,2025-12-17 23:00:00+00:00,2025-12-18 05:00:00+00:00,-1,123.45,122.31,92.34507897934341,80.84507897934341,TIME
SOL,2025-12-19 23:00:00+00:00,2025-12-20 05:00:00+00:00,1,126.8,126.34,-36.27760252365886,-47.77760252365886,TIME
SOL,2026-01-02 23:00:00+00:00,2026-01-03 05:00:00+00:00,1,132.55,131.84,-53.564692568842666,-65.06469256884267,TIME
SOL,2026-01-05 23:00:00+00:00,2026-01-06 05:00:00+00:00,1,138.76,139.53,55.491496108388546,43.991496108388546,TIME
SOL,2026-01-07 23:00:00+00:00,2026-01-08 05:00:00+00:00,-1,136.4,136.52,-8.797653958945162,-20.297653958945162,TIME
SOL,2026-01-13 23:00:00+00:00,2026-01-13 23:00:00+00:00,1,146.9,144.69650000000001,-149.99999999999903,-161.49999999999903,SL
SOL,2026-01-19 23:00:00+00:00,2026-01-20 05:00:00+00:00,-1,132.94,132.96,-1.5044380923723288,-13.004438092372329,TIME
SOL,2026-01-20 23:00:00+00:00,2026-01-21 05:00:00+00:00,-1,126.1,127.99149999999999,-149.99999999999903,-161.49999999999903,SL
SOL,2026-01-21 23:00:00+00:00,2026-01-22 05:00:00+00:00,1,130.55,130.04,-39.06549214860333,-50.56549214860333,TIME
SOL,2026-01-25 23:00:00+00:00,2026-01-26 01:00:00+00:00,-1,118.33,120.10494999999999,-149.99999999999903,-161.49999999999903,SL
SOL,2026-01-26 23:00:00+00:00,2026-01-27 05:00:00+00:00,1,124.47,124.4,-5.623845103237546,-17.123845103237546,TIME
SOL,2026-01-29 23:00:00+00:00,2026-01-30 01:00:00+00:00,-1,117.55,115.78675,150.00000000000014,138.50000000000014,TP
SOL,2026-01-31 23:00:00+00:00,2026-01-31 23:00:00+00:00,-1,104.09,105.65135,-149.99999999999903,-161.49999999999903,SL
SOL,2026-02-01 23:00:00+00:00,2026-02-01 23:00:00+00:00,-1,101.73,100.20405000000001,149.99999999999903,138.49999999999903,TP
SOL,2026-02-02 23:00:00+00:00,2026-02-03 02:00:00+00:00,1,104.96,103.3856,-150.00000000000014,-161.50000000000014,SL
SOL,2026-02-03 23:00:00+00:00,2026-02-04 05:00:00+00:00,-1,98.36,96.88459999999999,150.00000000000125,138.50000000000125,TP
SOL,2026-02-04 23:00:00+00:00,2026-02-04 23:00:00+00:00,-1,90.78,92.14169999999999,-149.99999999999903,-161.49999999999903,SL
SOL,2026-02-05 23:00:00+00:00,2026-02-05 23:00:00+00:00,-1,79.78,80.9767,-149.99999999999903,-161.49999999999903,SL
SOL,2026-02-06 23:00:00+00:00,2026-02-06 23:00:00+00:00,1,89.05,87.71424999999999,-150.00000000000014,-161.50000000000014,SL
SOL,2026-02-10 23:00:00+00:00,2026-02-11 02:00:00+00:00,-1,82.52,83.75779999999999,-149.99999999999903,-161.49999999999903,SL
SOL,2026-02-11 23:00:00+00:00,2026-02-12 01:00:00+00:00,-1,79.42,80.6113,-149.99999999999903,-161.49999999999903,SL
SOL,2026-02-13 23:00:00+00:00,2026-02-14 05:00:00+00:00,1,84.57,84.58,1.1824524062920005,-10.317547593708,TIME
SOL,2026-02-14 23:00:00+00:00,2026-02-15 04:00:00+00:00,1,88.4,89.726,149.99999999999903,138.49999999999903,TP
SOL,2026-02-18 23:00:00+00:00,2026-02-19 05:00:00+00:00,-1,81.4,81.85,-55.28255528255421,-66.78255528255421,TIME
SOL,2026-02-23 23:00:00+00:00,2026-02-24 01:00:00+00:00,-1,78.27,77.09595,149.99999999999903,138.49999999999903,TP
SOL,2026-02-25 23:00:00+00:00,2026-02-25 23:00:00+00:00,1,89.06,87.7241,-149.99999999999903,-161.49999999999903,SL
SOL,2026-02-27 23:00:00+00:00,2026-02-28 05:00:00+00:00,-1,81.36,81.5,-17.207472959686054,-28.707472959686054,TIME
SOL,2026-03-02 23:00:00+00:00,2026-03-02 23:00:00+00:00,1,87.95,86.63075,-150.00000000000014,-161.50000000000014,SL
SOL,2026-03-04 23:00:00+00:00,2026-03-05 01:00:00+00:00,1,91.25,89.88125,-150.00000000000014,-161.50000000000014,SL
SOL,2026-03-06 23:00:00+00:00,2026-03-07 05:00:00+00:00,-1,84.9,84.29,71.84923439340407,60.349234393404075,TIME
SOL,2026-03-09 23:00:00+00:00,2026-03-10 05:00:00+00:00,1,85.68,86.36,79.36507936507908,67.86507936507908,TIME
SOL,2026-03-15 23:00:00+00:00,2026-03-16 02:00:00+00:00,1,92.62,91.2307,-150.00000000000014,-161.50000000000014,SL
SOL,2026-03-16 23:00:00+00:00,2026-03-17 02:00:00+00:00,1,96.32,94.87519999999999,-150.00000000000014,-161.50000000000014,SL
SOL,2026-03-18 23:00:00+00:00,2026-03-19 03:00:00+00:00,-1,89.94,91.28909999999999,-149.99999999999903,-161.49999999999903,SL
SOL,2026-03-23 23:00:00+00:00,2026-03-24 02:00:00+00:00,1,91.46,90.0881,-150.00000000000014,-161.50000000000014,SL
SOL,2026-03-26 23:00:00+00:00,2026-03-27 05:00:00+00:00,-1,86.75,86.04,81.84438040345742,70.34438040345742,TIME
SOL,2026-03-27 23:00:00+00:00,2026-03-28 05:00:00+00:00,-1,82.69,82.7,-1.2093360744946935,-12.709336074494693,TIME
SOL,2026-04-07 23:00:00+00:00,2026-04-07 23:00:00+00:00,1,85.06,86.3359,149.99999999999903,138.49999999999903,TP
SOL,2026-04-08 23:00:00+00:00,2026-04-09 05:00:00+00:00,-1,82.57,82.11,55.710306406684396,44.210306406684396,TIME
SOL,2026-04-12 23:00:00+00:00,2026-04-13 05:00:00+00:00,-1,81.94,81.78,19.52648279228697,8.02648279228697,TIME
SOL,2026-04-13 23:00:00+00:00,2026-04-14 05:00:00+00:00,1,86.19,85.47,-83.53637312913276,-95.03637312913276,TIME
SOL,2026-04-14 23:00:00+00:00,2026-04-15 05:00:00+00:00,-1,83.49,83.07,50.30542579949726,38.80542579949726,TIME
SOL,2026-04-16 23:00:00+00:00,2026-04-17 02:00:00+00:00,1,88.95,87.61575,-150.00000000000014,-161.50000000000014,SL
XRP,2025-07-02 23:00:00+00:00,2025-07-03 05:00:00+00:00,1,2.2481,2.2696,95.63631511053883,84.13631511053883,TIME
XRP,2025-07-09 23:00:00+00:00,2025-07-10 05:00:00+00:00,1,2.4171,2.4185,5.792064871126268,-5.707935128873732,TIME
XRP,2025-07-10 23:00:00+00:00,2025-07-11 02:00:00+00:00,1,2.5463,2.5844945,149.99999999999903,138.49999999999903,TP
XRP,2025-07-11 23:00:00+00:00,2025-07-12 00:00:00+00:00,1,2.7036,2.7441539999999995,149.99999999999903,138.49999999999903,TP
XRP,2025-07-14 23:00:00+00:00,2025-07-15 00:00:00+00:00,1,2.9491,2.9048635,-150.00000000000125,-161.50000000000125,SL
XRP,2025-07-16 23:00:00+00:00,2025-07-17 01:00:00+00:00,1,3.0532,3.007402,-150.00000000000014,-161.50000000000014,SL
XRP,2025-07-17 23:00:00+00:00,2025-07-17 23:00:00+00:00,1,3.4757,3.5278354999999992,149.99999999999903,138.49999999999903,TP
XRP,2025-07-21 23:00:00+00:00,2025-07-22 01:00:00+00:00,1,3.5658,3.512313,-150.00000000000014,-161.50000000000014,SL
XRP,2025-07-23 23:00:00+00:00,2025-07-24 00:00:00+00:00,-1,3.174,3.2216099999999996,-149.99999999999903,-161.49999999999903,SL
XRP,2025-07-28 23:00:00+00:00,2025-07-29 00:00:00+00:00,-1,3.1312,3.084232,150.00000000000014,138.50000000000014,TP
XRP,2025-08-01 23:00:00+00:00,2025-08-01 23:00:00+00:00,-1,2.923,2.9668449999999997,-149.99999999999903,-161.49999999999903,SL
XRP,2025-08-02 23:00:00+00:00,2025-08-02 23:00:00+00:00,-1,2.7949,2.7529765,150.00000000000125,138.50000000000125,TP
XRP,2025-08-03 23:00:00+00:00,2025-08-04 00:00:00+00:00,1,2.941,2.9851149999999995,149.99999999999903,138.49999999999903,TP
XRP,2025-08-04 23:00:00+00:00,2025-08-05 03:00:00+00:00,1,3.0844,3.038134,-150.00000000000014,-161.50000000000014,SL
XRP,2025-08-05 23:00:00+00:00,2025-08-06 03:00:00+00:00,-1,2.9588,2.914418,150.00000000000014,138.50000000000014,TP
XRP,2025-08-07 23:00:00+00:00,2025-08-08 01:00:00+00:00,1,3.3262,3.276307,-150.00000000000014,-161.50000000000014,SL
XRP,2025-08-12 23:00:00+00:00,2025-08-13 01:00:00+00:00,1,3.2742,3.225087,-150.00000000000014,-161.50000000000014,SL
XRP,2025-08-14 23:00:00+00:00,2025-08-15 04:00:00+00:00,-1,3.0779,3.1240685,-149.99999999999903,-161.49999999999903,SL
XRP,2025-08-19 23:00:00+00:00,2025-08-19 23:00:00+00:00,-1,2.8911,2.8477335,149.99999999999903,138.49999999999903,TP
XRP,2025-08-20 23:00:00+00:00,2025-08-21 02:00:00+00:00,1,2.9681,2.9235785,-150.00000000000014,-161.50000000000014,SL
XRP,2025-08-22 23:00:00+00:00,2025-08-23 01:00:00+00:00,1,3.0762,3.0300570000000002,-149.99999999999903,-161.49999999999903,SL
XRP,2025-08-25 23:00:00+00:00,2025-08-26 04:00:00+00:00,-1,2.8604,2.9033059999999997,-149.99999999999903,-161.49999999999903,SL
XRP,2025-08-26 23:00:00+00:00,2025-08-27 05:00:00+00:00,1,3.0115,3.0141,8.633571309979438,-2.8664286900205624,TIME
XRP,2025-08-29 23:00:00+00:00,2025-08-30 01:00:00+00:00,-1,2.8099,2.7677514999999997,150.00000000000014,138.50000000000014,TP
XRP,2025-09-02 23:00:00+00:00,2025-09-03 05:00:00+00:00,1,2.8582,2.8253,-115.10741025820504,-126.60741025820504,TIME
XRP,2025-09-08 23:00:00+00:00,2025-09-09 05:00:00+00:00,1,2.9757,2.9638,-39.99059044930586,-51.49059044930586,TIME
XRP,2025-09-22 23:00:00+00:00,2025-09-23 03:00:00+00:00,-1,2.8455,2.8028174999999997,150.00000000000014,138.50000000000014,TP
XRP,2025-09-24 23:00:00+00:00,2025-09-25 01:00:00+00:00,1,2.9409,2.8967865,-150.00000000000014,-161.50000000000014,SL
XRP,2025-09-25 23:00:00+00:00,2025-09-26 05:00:00+00:00,-1,2.7531,2.7514,6.174857433438596,-5.325142566561404,TIME
XRP,2025-10-07 23:00:00+00:00,2025-10-08 05:00:00+00:00,-1,2.8658,2.8535,42.91995254379288,31.41995254379288,TIME
XRP,2025-10-10 23:00:00+00:00,2025-10-10 23:00:00+00:00,-1,2.352,2.3872799999999996,-149.99999999999903,-161.49999999999903,SL
XRP,2025-10-12 23:00:00+00:00,2025-10-13 03:00:00+00:00,1,2.5294,2.5673409999999994,149.99999999999903,138.49999999999903,TP
XRP,2025-10-13 23:00:00+00:00,2025-10-14 02:00:00+00:00,1,2.6073,2.5681905,-150.00000000000014,-161.50000000000014,SL
XRP,2025-10-14 23:00:00+00:00,2025-10-15 05:00:00+00:00,-1,2.4967,2.4984,-6.808987863979876,-18.308987863979876,TIME
XRP,2025-10-15 23:00:00+00:00,2025-10-16 05:00:00+00:00,-1,2.403,2.4049,-7.906783187681121,-19.40678318768112,TIME
XRP,2025-10-16 23:00:00+00:00,2025-10-17 00:00:00+00:00,-1,2.3,2.3345,-149.99999999999903,-161.49999999999903,SL
XRP,2025-10-20 23:00:00+00:00,2025-10-21 02:00:00+00:00,1,2.4971,2.4596435,-150.00000000000125,-161.50000000000125,SL
XRP,2025-10-22 23:00:00+00:00,2025-10-23 00:00:00+00:00,-1,2.3349,2.3699235,-149.99999999999903,-161.49999999999903,SL
XRP,2025-10-24 23:00:00+00:00,2025-10-25 01:00:00+00:00,1,2.5096,2.5472439999999996,149.99999999999903,138.49999999999903,TP
XRP,2025-10-25 23:00:00+00:00,2025-10-26 05:00:00+00:00,1,2.6,2.6129,49.615384615382396,38.115384615382396,TIME
XRP,2025-10-30 23:00:00+00:00,2025-10-31 01:00:00+00:00,-1,2.4355,2.4720325,-149.99999999999903,-161.49999999999903,SL
XRP,2025-11-03 23:00:00+00:00,2025-11-04 00:00:00+00:00,-1,2.2997,2.3341955,-149.99999999999903,-161.49999999999903,SL
XRP,2025-11-04 23:00:00+00:00,2025-11-05 00:00:00+00:00,-1,2.2161,2.1828585,150.00000000000014,138.50000000000014,TP
XRP,2025-11-05 23:00:00+00:00,2025-11-06 01:00:00+00:00,1,2.3517,2.3164245,-150.00000000000014,-161.50000000000014,SL
XRP,2025-11-06 23:00:00+00:00,2025-11-07 05:00:00+00:00,-1,2.2179,2.2354,-78.90346724378716,-90.40346724378716,TIME
XRP,2025-11-07 23:00:00+00:00,2025-11-08 05:00:00+00:00,1,2.3291,2.3135,-66.97866128547503,-78.47866128547503,TIME
XRP,2025-11-10 23:00:00+00:00,2025-11-11 04:00:00+00:00,1,2.5319,2.4939215,-150.00000000000014,-161.50000000000014,SL
XRP,2025-11-11 23:00:00+00:00,2025-11-12 05:00:00+00:00,-1,2.4017,2.3981,14.9893825207148,3.4893825207148,TIME
XRP,2025-11-19 23:00:00+00:00,2025-11-20 00:00:00+00:00,-1,2.0923,2.1236844999999995,-149.99999999999903,-161.49999999999903,SL
XRP,2025-11-20 23:00:00+00:00,2025-11-20 23:00:00+00:00,-1,2.0413,2.0106805,150.00000000000125,138.50000000000125,TP
XRP,2025-11-21 23:00:00+00:00,2025-11-21 23:00:00+00:00,-1,1.9096,1.9382439999999999,-149.99999999999903,-161.49999999999903,SL
XRP,2025-11-23 23:00:00+00:00,2025-11-23 23:00:00+00:00,1,2.0737,2.0425945,-150.00000000000125,-161.50000000000125,SL
XRP,2025-11-24 23:00:00+00:00,2025-11-25 05:00:00+00:00,1,2.2399,2.2504,46.87709272735319,35.37709272735319,TIME
XRP,2025-12-01 23:00:00+00:00,2025-12-02 03:00:00+00:00,-1,2.0334,2.0028989999999998,150.00000000000014,138.50000000000014,TP
XRP,2025-12-02 23:00:00+00:00,2025-12-03 05:00:00+00:00,1,2.1685,2.2010274999999995,149.99999999999903,138.49999999999903,TP
XRP,2025-12-04 23:00:00+00:00,2025-12-05 05:00:00+00:00,-1,2.0968,2.0806,77.26058756199916,65.76058756199916,TIME
XRP,2025-12-05 23:00:00+00:00,2025-12-06 05:00:00+00:00,-1,2.0311,2.0422,-54.650189552458706,-66.1501895524587,TIME
XRP,2025-12-15 23:00:00+00:00,2025-12-16 02:00:00+00:00,-1,1.8888,1.860468,150.00000000000014,138.50000000000014,TP
XRP,2025-12-17 23:00:00+00:00,2025-12-18 05:00:00+00:00,-1,1.8674,1.839389,150.00000000000014,138.50000000000014,TP
XRP,2025-12-19 23:00:00+00:00,2025-12-20 05:00:00+00:00,1,1.9066,1.9127,31.99412566873061,20.49412566873061,TIME
XRP,2026-01-02 23:00:00+00:00,2026-01-03 04:00:00+00:00,1,2.015,2.045225,149.99999999999903,138.49999999999903,TP
XRP,2026-01-04 23:00:00+00:00,2026-01-05 01:00:00+00:00,1,2.0856,2.1168839999999998,149.99999999999903,138.49999999999903,TP
XRP,2026-01-05 23:00:00+00:00,2026-01-06 00:00:00+00:00,1,2.3349,2.3699235,149.99999999999903,138.49999999999903,TP
XRP,2026-01-07 23:00:00+00:00,2026-01-08 05:00:00+00:00,-1,2.1695,2.1418,127.67918875317031,116.17918875317031,TIME
XRP,2026-01-13 23:00:00+00:00,2026-01-14 05:00:00+00:00,1,2.1731,2.1524,-95.25562560397493,-106.75562560397493,TIME
XRP,2026-01-20 23:00:00+00:00,2026-01-21 01:00:00+00:00,-1,1.8892,1.9175379999999997,-149.99999999999903,-161.49999999999903,SL
XRP,2026-01-21 23:00:00+00:00,2026-01-22 05:00:00+00:00,1,1.9652,1.9524,-65.13331976389259,-76.63331976389259,TIME
XRP,2026-01-25 23:00:00+00:00,2026-01-26 01:00:00+00:00,-1,1.8284,1.8558259999999998,-149.99999999999903,-161.49999999999903,SL
XRP,2026-01-26 23:00:00+00:00,2026-01-27 05:00:00+00:00,1,1.8975,1.9011,18.972332015809723,7.472332015809723,TIME
XRP,2026-01-29 23:00:00+00:00,2026-01-30 01:00:00+00:00,-1,1.8091,1.7819634999999998,150.00000000000014,138.50000000000014,TP
XRP,2026-01-30 23:00:00+00:00,2026-01-31 02:00:00+00:00,-1,1.7273,1.7532094999999999,-149.99999999999903,-161.49999999999903,SL
XRP,2026-01-31 23:00:00+00:00,2026-01-31 23:00:00+00:00,-1,1.6128,1.6369919999999998,-149.99999999999903,-161.49999999999903,SL
XRP,2026-02-04 23:00:00+00:00,2026-02-05 01:00:00+00:00,-1,1.5103,1.4876455,150.00000000000014,138.50000000000014,TP
XRP,2026-02-05 23:00:00+00:00,2026-02-05 23:00:00+00:00,-1,1.2248,1.243172,-149.99999999999903,-161.49999999999903,SL
XRP,2026-02-06 23:00:00+00:00,2026-02-06 23:00:00+00:00,1,1.4885,1.4661724999999999,-150.00000000000014,-161.50000000000014,SL
XRP,2026-02-07 23:00:00+00:00,2026-02-08 05:00:00+00:00,-1,1.4223,1.4172,35.85741404766863,24.357414047668627,TIME
XRP,2026-02-13 23:00:00+00:00,2026-02-14 05:00:00+00:00,1,1.4024,1.4073,34.94010268111802,23.44010268111802,TIME
XRP,2026-02-14 23:00:00+00:00,2026-02-15 00:00:00+00:00,1,1.4997,1.5221954999999998,149.99999999999903,138.49999999999903,TP
XRP,2026-02-18 23:00:00+00:00,2026-02-19 05:00:00+00:00,-1,1.4195,1.4115,56.35787249031354,44.85787249031354,TIME
XRP,2026-02-25 23:00:00+00:00,2026-02-25 23:00:00+00:00,1,1.4552,1.433372,-150.00000000000014,-161.50000000000014,SL
XRP,2026-02-27 23:00:00+00:00,2026-02-28 05:00:00+00:00,-1,1.3532,1.3485,34.73248595920686,23.232485959206862,TIME
XRP,2026-03-02 23:00:00+00:00,2026-03-03 02:00:00+00:00,1,1.3986,1.377621,-150.00000000000014,-161.50000000000014,SL
XRP,2026-03-04 23:00:00+00:00,2026-03-05 05:00:00+00:00,1,1.4302,1.414,-113.27087120682422,-124.77087120682422,TIME
XRP,2026-03-15 23:00:00+00:00,2026-03-16 03:00:00+00:00,1,1.4548,1.4766219999999999,149.99999999999903,138.49999999999903,TP
XRP,2026-03-16 23:00:00+00:00,2026-03-17 01:00:00+00:00,1,1.5507,1.5739604999999999,149.99999999999903,138.49999999999903,TP
XRP,2026-03-18 23:00:00+00:00,2026-03-19 05:00:00+00:00,-1,1.4616,1.4661,-30.788177339902134,-42.288177339902134,TIME
XRP,2026-03-23 23:00:00+00:00,2026-03-24 04:00:00+00:00,1,1.4285,1.4070725000000002,-149.99999999999903,-161.49999999999903,SL
XRP,2026-03-26 23:00:00+00:00,2026-03-27 05:00:00+00:00,-1,1.3625,1.3612,9.541284403670192,-1.9587155963298084,TIME
XRP,2026-04-07 23:00:00+00:00,2026-04-07 23:00:00+00:00,1,1.3727,1.3932905,149.99999999999903,138.49999999999903,TP
XRP,2026-04-13 23:00:00+00:00,2026-04-14 05:00:00+00:00,1,1.3747,1.3618,-93.83865570670058,-105.33865570670058,TIME
XRP,2026-04-16 23:00:00+00:00,2026-04-17 01:00:00+00:00,1,1.4504,1.4286439999999998,-150.00000000000125,-161.50000000000125,SL
DOGE,2025-06-29 23:00:00+00:00,2025-06-30 03:00:00+00:00,1,0.16924,0.1667014,-150.00000000000014,-161.50000000000014,SL
DOGE,2025-07-01 23:00:00+00:00,2025-07-02 04:00:00+00:00,-1,0.15754,0.1599031,-149.99999999999903,-161.49999999999903,SL
DOGE,2025-07-02 23:00:00+00:00,2025-07-03 00:00:00+00:00,1,0.17071,0.16814935,-150.00000000000014,-161.50000000000014,SL
DOGE,2025-07-04 23:00:00+00:00,2025-07-05 05:00:00+00:00,-1,0.16399,0.16426,-16.464418562107674,-27.964418562107674,TIME
DOGE,2025-07-06 23:00:00+00:00,2025-07-07 01:00:00+00:00,1,0.173,0.17040499999999997,-150.00000000000125,-161.50000000000125,SL
DOGE,2025-07-09 23:00:00+00:00,2025-07-10 00:00:00+00:00,1,0.18194,0.17921089999999998,-150.00000000000014,-161.50000000000014,SL
DOGE,2025-07-10 23:00:00+00:00,2025-07-11 02:00:00+00:00,1,0.19393,0.19683894999999998,149.99999999999903,138.49999999999903,TP
DOGE,2025-07-16 23:00:00+00:00,2025-07-16 23:00:00+00:00,1,0.2148,0.211578,-150.00000000000014,-161.50000000000014,SL
DOGE,2025-07-17 23:00:00+00:00,2025-07-18 00:00:00+00:00,1,0.21935,0.21605975,-150.00000000000014,-161.50000000000014,SL
DOGE,2025-07-18 23:00:00+00:00,2025-07-19 00:00:00+00:00,1,0.23365,0.23715474999999997,149.99999999999903,138.49999999999903,TP
DOGE,2025-07-20 23:00:00+00:00,2025-07-21 00:00:00+00:00,1,0.27375,0.26964375,-149.99999999999903,-161.49999999999903,SL
DOGE,2025-07-23 23:00:00+00:00,2025-07-24 00:00:00+00:00,-1,0.23988,0.24347819999999998,-149.99999999999903,-161.49999999999903,SL
DOGE,2025-07-28 23:00:00+00:00,2025-07-29 00:00:00+00:00,-1,0.22599,0.22260015,150.00000000000014,138.50000000000014,TP
DOGE,2025-07-31 23:00:00+00:00,2025-08-01 00:00:00+00:00,-1,0.21067,0.20750995,150.00000000000014,138.50000000000014,TP
DOGE,2025-08-01 23:00:00+00:00,2025-08-01 23:00:00+00:00,-1,0.198,0.20096999999999998,-149.99999999999903,-161.49999999999903,SL
DOGE,2025-08-02 23:00:00+00:00,2025-08-02 23:00:00+00:00,-1,0.19311,0.19021335,150.00000000000014,138.50000000000014,TP
DOGE,2025-08-03 23:00:00+00:00,2025-08-04 00:00:00+00:00,1,0.1991,0.20208649999999997,149.99999999999903,138.49999999999903,TP
DOGE,2025-08-04 23:00:00+00:00,2025-08-05 03:00:00+00:00,1,0.2106,0.20744100000000001,-150.00000000000014,-161.50000000000014,SL
DOGE,2025-08-05 23:00:00+00:00,2025-08-06 03:00:00+00:00,-1,0.19918,0.1961923,150.00000000000014,138.50000000000014,TP
DOGE,2025-08-07 23:00:00+00:00,2025-08-08 05:00:00+00:00,1,0.22259,0.22007,-113.21263309223339,-124.71263309223339,TIME
DOGE,2025-08-08 23:00:00+00:00,2025-08-09 05:00:00+00:00,1,0.23096,0.23442439999999998,149.99999999999903,138.49999999999903,TP
DOGE,2025-08-09 23:00:00+00:00,2025-08-10 05:00:00+00:00,1,0.24052,0.23798,-105.60452353234773,-117.10452353234773,TIME
DOGE,2025-08-11 23:00:00+00:00,2025-08-12 02:00:00+00:00,-1,0.22283,0.22617244999999997,-149.99999999999903,-161.49999999999903,SL
DOGE,2025-08-12 23:00:00+00:00,2025-08-13 01:00:00+00:00,1,0.23686,0.2333071,-150.00000000000014,-161.50000000000014,SL
DOGE,2025-08-13 23:00:00+00:00,2025-08-14 01:00:00+00:00,1,0.24448,0.24814719999999998,149.99999999999903,138.49999999999903,TP
DOGE,2025-08-14 23:00:00+00:00,2025-08-15 01:00:00+00:00,-1,0.22234,0.2256751,-149.99999999999903,-161.49999999999903,SL
DOGE,2025-08-15 23:00:00+00:00,2025-08-15 23:00:00+00:00,1,0.23065,0.22719024999999998,-150.00000000000014,-161.50000000000014,SL
DOGE,2025-08-18 23:00:00+00:00,2025-08-19 00:00:00+00:00,-1,0.2246,0.22123099999999998,150.00000000000014,138.50000000000014,TP
DOGE,2025-08-19 23:00:00+00:00,2025-08-19 23:00:00+00:00,-1,0.21209,0.20890865,150.00000000000014,138.50000000000014,TP
DOGE,2025-08-20 23:00:00+00:00,2025-08-21 05:00:00+00:00,1,0.22257,0.22388,58.857887406209564,47.357887406209564,TIME
DOGE,2025-08-22 23:00:00+00:00,2025-08-23 01:00:00+00:00,1,0.23934,0.23574989999999998,-150.00000000000014,-161.50000000000014,SL
DOGE,2025-08-25 23:00:00+00:00,2025-08-26 05:00:00+00:00,-1,0.20892,0.2120538,-149.99999999999903,-161.49999999999903,SL
DOGE,2025-08-26 23:00:00+00:00,2025-08-27 04:00:00+00:00,1,0.21904,0.22232559999999998,149.99999999999903,138.49999999999903,TP
DOGE,2025-08-29 23:00:00+00:00,2025-08-30 02:00:00+00:00,-1,0.21253,0.21571794999999996,-149.99999999999903,-161.49999999999903,SL
DOGE,2025-09-07 23:00:00+00:00,2025-09-08 02:00:00+00:00,1,0.22772,0.23113579999999997,149.99999999999903,138.49999999999903,TP
DOGE,2025-09-08 23:00:00+00:00,2025-09-09 00:00:00+00:00,1,0.24289,0.23924665,-149.99999999999903,-161.49999999999903,SL
DOGE,2025-09-11 23:00:00+00:00,2025-09-12 00:00:00+00:00,1,0.25532,0.2591498,149.99999999999903,138.49999999999903,TP
DOGE,2025-09-12 23:00:00+00:00,2025-09-13 00:00:00+00:00,1,0.2778,0.273633,-149.99999999999903,-161.49999999999903,SL
DOGE,2025-09-13 23:00:00+00:00,2025-09-14 01:00:00+00:00,1,0.28829,0.28396565,-149.99999999999903,-161.49999999999903,SL
DOGE,2025-09-15 23:00:00+00:00,2025-09-16 04:00:00+00:00,-1,0.26717,0.26316245,150.00000000000125,138.50000000000125,TP
DOGE,2025-09-17 23:00:00+00:00,2025-09-18 05:00:00+00:00,1,0.28169,0.27974,-69.22503461251783,-80.72503461251783,TIME
DOGE,2025-09-19 23:00:00+00:00,2025-09-20 05:00:00+00:00,-1,0.26671,0.26674,-1.1248172172018123,-12.624817217201812,TIME
DOGE,2025-09-22 23:00:00+00:00,2025-09-23 02:00:00+00:00,-1,0.23979,0.23619315,150.00000000000014,138.50000000000014,TP
DOGE,2025-09-25 23:00:00+00:00,2025-09-26 01:00:00+00:00,-1,0.22384,0.2271976,-149.99999999999903,-161.49999999999903,SL
DOGE,2025-09-26 23:00:00+00:00,2025-09-27 05:00:00+00:00,1,0.2313,0.23263,57.501080847384145,46.001080847384145,TIME
DOGE,2025-10-01 23:00:00+00:00,2025-10-02 00:00:00+00:00,1,0.24569,0.24937534999999997,149.99999999999903,138.49999999999903,TP
DOGE,2025-10-02 23:00:00+00:00,2025-10-03 05:00:00+00:00,1,0.2602,0.25723,-114.14296694850057,-125.64296694850057,TIME
DOGE,2025-10-04 23:00:00+00:00,2025-10-05 02:00:00+00:00,-1,0.25018,0.2539327,-149.99999999999903,-161.49999999999903,SL
DOGE,2025-10-06 23:00:00+00:00,2025-10-07 00:00:00+00:00,1,0.26885,0.26481724999999995,-150.00000000000125,-161.50000000000125,SL
DOGE,2025-10-07 23:00:00+00:00,2025-10-07 23:00:00+00:00,-1,0.24965,0.24590525000000002,150.00000000000014,138.50000000000014,TP
DOGE,2025-10-08 23:00:00+00:00,2025-10-09 01:00:00+00:00,1,0.2566,0.252751,-150.00000000000014,-161.50000000000014,SL
DOGE,2025-10-10 23:00:00+00:00,2025-10-10 23:00:00+00:00,-1,0.19298,0.19587469999999998,-149.99999999999903,-161.49999999999903,SL
DOGE,2025-10-11 23:00:00+00:00,2025-10-12 00:00:00+00:00,-1,0.18493,0.18215605,150.00000000000014,138.50000000000014,TP
DOGE,2025-10-12 23:00:00+00:00,2025-10-13 05:00:00+00:00,1,0.20729,0.20768,18.814221621883398,7.314221621883398,TIME
DOGE,2025-10-13 23:00:00+00:00,2025-10-14 01:00:00+00:00,1,0.21528,0.21205079999999998,-150.00000000000125,-161.50000000000125,SL
DOGE,2025-10-14 23:00:00+00:00,2025-10-15 05:00:00+00:00,-1,0.20371,0.2039,-9.326984438662311,-20.82698443866231,TIME
DOGE,2025-10-15 23:00:00+00:00,2025-10-16 01:00:00+00:00,-1,0.19508,0.1980062,-149.99999999999903,-161.49999999999903,SL
DOGE,2025-10-16 23:00:00+00:00,2025-10-17 00:00:00+00:00,-1,0.18625,0.18904374999999998,-149.99999999999903,-161.49999999999903,SL
DOGE,2025-10-19 23:00:00+00:00,2025-10-20 00:00:00+00:00,1,0.19681,0.19385785,-150.00000000000125,-161.50000000000125,SL
DOGE,2025-10-22 23:00:00+00:00,2025-10-22 23:00:00+00:00,-1,0.18728,0.19008919999999999,-149.99999999999903,-161.49999999999903,SL
DOGE,2025-10-26 23:00:00+00:00,2025-10-27 01:00:00+00:00,1,0.20546,0.20854189999999997,149.99999999999903,138.49999999999903,TP
DOGE,2025-10-28 23:00:00+00:00,2025-10-29 05:00:00+00:00,-1,0.19388,0.1939,-1.031565917062327,-12.531565917062327,TIME
DOGE,2025-10-30 23:00:00+00:00,2025-10-31 00:00:00+00:00,-1,0.18049,0.18319734999999998,-149.99999999999903,-161.49999999999903,SL
DOGE,2025-11-03 23:00:00+00:00,2025-11-04 00:00:00+00:00,-1,0.1658,0.168287,-149.99999999999903,-161.49999999999903,SL
DOGE,2025-11-05 23:00:00+00:00,2025-11-06 01:00:00+00:00,1,0.16797,0.16545045,-150.00000000000014,-161.50000000000014,SL
DOGE,2025-11-06 23:00:00+00:00,2025-11-07 03:00:00+00:00,-1,0.16188,0.1643082,-149.99999999999903,-161.49999999999903,SL
DOGE,2025-11-07 23:00:00+00:00,2025-11-08 00:00:00+00:00,1,0.18054,0.17783190000000001,-149.99999999999903,-161.49999999999903,SL
DOGE,2025-11-11 23:00:00+00:00,2025-11-12 05:00:00+00:00,-1,0.17314,0.17189,72.19591082361143,60.69591082361143,TIME
DOGE,2025-11-13 23:00:00+00:00,2025-11-14 04:00:00+00:00,-1,0.16373,0.16127404999999997,150.00000000000125,138.50000000000125,TP
DOGE,2025-11-15 23:00:00+00:00,2025-11-16 01:00:00+00:00,1,0.16359,0.16113615,-150.00000000000014,-161.50000000000014,SL
DOGE,2025-11-16 23:00:00+00:00,2025-11-16 23:00:00+00:00,-1,0.15797,0.15560045,150.00000000000014,138.50000000000014,TP
DOGE,2025-11-17 23:00:00+00:00,2025-11-18 00:00:00+00:00,-1,0.15248,0.15019280000000002,149.99999999999903,138.49999999999903,TP
DOGE,2025-11-18 23:00:00+00:00,2025-11-19 00:00:00+00:00,1,0.16219,0.15975715,-150.00000000000125,-161.50000000000125,SL
DOGE,2025-11-19 23:00:00+00:00,2025-11-20 01:00:00+00:00,-1,0.15306,0.1553559,-149.99999999999903,-161.49999999999903,SL
DOGE,2025-11-21 23:00:00+00:00,2025-11-21 23:00:00+00:00,-1,0.13655,0.13859824999999998,-149.99999999999903,-161.49999999999903,SL
DOGE,2025-11-23 23:00:00+00:00,2025-11-23 23:00:00+00:00,1,0.14745,0.14523824999999999,-150.00000000000125,-161.50000000000125,SL
DOGE,2025-11-24 23:00:00+00:00,2025-11-25 02:00:00+00:00,1,0.1527,0.1504095,-150.00000000000014,-161.50000000000014,SL
DOGE,2025-12-01 23:00:00+00:00,2025-12-02 05:00:00+00:00,-1,0.13578,0.13579,-0.7364854912350616,-12.236485491235062,TIME
DOGE,2025-12-02 23:00:00+00:00,2025-12-03 04:00:00+00:00,1,0.1467,0.1489005,149.99999999999903,138.49999999999903,TP
DOGE,2025-12-03 23:00:00+00:00,2025-12-04 05:00:00+00:00,1,0.15235,0.15006475000000002,-149.99999999999903,-161.49999999999903,SL
DOGE,2025-12-05 23:00:00+00:00,2025-12-06 05:00:00+00:00,-1,0.13909,0.13924,-10.784384211661724,-22.284384211661724,TIME
DOGE,2025-12-08 23:00:00+00:00,2025-12-09 01:00:00+00:00,1,0.14321,0.14106185,-150.00000000000125,-161.50000000000125,SL
DOGE,2025-12-09 23:00:00+00:00,2025-12-10 01:00:00+00:00,1,0.14861,0.14638084999999998,-150.00000000000125,-161.50000000000125,SL
DOGE,2025-12-14 23:00:00+00:00,2025-12-15 01:00:00+00:00,-1,0.13422,0.1362333,-149.99999999999903,-161.49999999999903,SL
DOGE,2025-12-15 23:00:00+00:00,2025-12-16 05:00:00+00:00,-1,0.12882,0.129,-13.972985561250262,-25.472985561250262,TIME
DOGE,2025-12-17 23:00:00+00:00,2025-12-18 05:00:00+00:00,-1,0.12661,0.12471085,150.00000000000014,138.50000000000014,TP
DOGE,2025-12-19 23:00:00+00:00,2025-12-20 05:00:00+00:00,1,0.13245,0.13101,-108.72027180068189,-120.22027180068189,TIME
DOGE,2025-12-25 23:00:00+00:00,2025-12-26 02:00:00+00:00,-1,0.12393,0.12578894999999998,-149.99999999999903,-161.49999999999903,SL
DOGE,2025-12-31 23:00:00+00:00,2026-01-01 05:00:00+00:00,-1,0.1176,0.11849,-75.68027210884453,-87.18027210884453,TIME
DOGE,2026-01-01 23:00:00+00:00,2026-01-02 03:00:00+00:00,1,0.1266,0.12849899999999997,149.99999999999903,138.49999999999903,TP
DOGE,2026-01-02 23:00:00+00:00,2026-01-02 23:00:00+00:00,1,0.14425,0.14208625,-149.99999999999903,-161.49999999999903,SL
DOGE,2026-01-04 23:00:00+00:00,2026-01-05 01:00:00+00:00,1,0.14899,0.15122485,149.99999999999903,138.49999999999903,TP
DOGE,2026-01-13 23:00:00+00:00,2026-01-14 01:00:00+00:00,1,0.14961,0.14736585,-150.00000000000014,-161.50000000000014,SL
DOGE,2026-01-15 23:00:00+00:00,2026-01-16 05:00:00+00:00,-1,0.14007,0.13998,6.425358749196919,-5.074641250803081,TIME
DOGE,2026-01-20 23:00:00+00:00,2026-01-21 01:00:00+00:00,-1,0.12362,0.12547429999999998,-149.99999999999903,-161.49999999999903,SL
DOGE,2026-01-21 23:00:00+00:00,2026-01-22 05:00:00+00:00,1,0.12725,0.12686,-30.648330058938853,-42.14833005893885,TIME
DOGE,2026-01-25 23:00:00+00:00,2026-01-26 01:00:00+00:00,-1,0.11906,0.12084589999999999,-149.99999999999903,-161.49999999999903,SL
DOGE,2026-01-27 23:00:00+00:00,2026-01-28 03:00:00+00:00,1,0.1261,0.12420849999999999,-150.00000000000014,-161.50000000000014,SL
DOGE,2026-01-29 23:00:00+00:00,2026-01-30 01:00:00+00:00,-1,0.11699,0.11523515,150.00000000000014,138.50000000000014,TP
DOGE,2026-01-31 23:00:00+00:00,2026-01-31 23:00:00+00:00,-1,0.10247,0.10400704999999999,-149.99999999999903,-161.49999999999903,SL
DOGE,2026-02-02 23:00:00+00:00,2026-02-03 02:00:00+00:00,1,0.10853,0.10690205,-150.00000000000014,-161.50000000000014,SL
DOGE,2026-02-05 23:00:00+00:00,2026-02-05 23:00:00+00:00,-1,0.08955,0.09089325,-149.99999999999903,-161.49999999999903,SL
DOGE,2026-02-06 23:00:00+00:00,2026-02-07 00:00:00+00:00,1,0.09937,0.09787944999999999,-150.00000000000125,-161.50000000000125,SL
DOGE,2026-02-10 23:00:00+00:00,2026-02-11 05:00:00+00:00,-1,0.09255,0.09158,104.8082117774174,93.3082117774174,TIME
DOGE,2026-02-13 23:00:00+00:00,2026-02-14 05:00:00+00:00,1,0.09705,0.09666,-40.18547140649198,-51.68547140649198,TIME
DOGE,2026-02-14 23:00:00+00:00,2026-02-14 23:00:00+00:00,1,0.11238,0.1106943,-150.00000000000014,-161.50000000000014,SL
DOGE,2026-02-15 23:00:00+00:00,2026-02-15 23:00:00+00:00,-1,0.10327,0.10172095,150.00000000000014,138.50000000000014,TP
DOGE,2026-02-25 23:00:00+00:00,2026-02-25 23:00:00+00:00,1,0.10288,0.1013368,-149.99999999999903,-161.49999999999903,SL
DOGE,2026-02-26 23:00:00+00:00,2026-02-27 04:00:00+00:00,-1,0.09681,0.09826214999999998,-149.99999999999903,-161.49999999999903,SL
DOGE,2026-02-27 23:00:00+00:00,2026-02-28 05:00:00+00:00,-1,0.09305,0.09254,54.80924234282591,43.30924234282591,TIME
DOGE,2026-03-02 23:00:00+00:00,2026-03-02 23:00:00+00:00,1,0.09473,0.09330904999999999,-150.00000000000014,-161.50000000000014,SL
DOGE,2026-03-03 23:00:00+00:00,2026-03-04 03:00:00+00:00,-1,0.09011,0.08875835,149.99999999999903,138.49999999999903,TP
DOGE,2026-03-04 23:00:00+00:00,2026-03-05 01:00:00+00:00,1,0.09914,0.0976529,-150.00000000000014,-161.50000000000014,SL
DOGE,2026-03-05 23:00:00+00:00,2026-03-06 05:00:00+00:00,-1,0.09377,0.09355,23.46166151221185,11.961661512211851,TIME
DOGE,2026-03-10 23:00:00+00:00,2026-03-11 02:00:00+00:00,1,0.09431,0.09289535,-150.00000000000014,-161.50000000000014,SL
DOGE,2026-03-16 23:00:00+00:00,2026-03-17 03:00:00+00:00,1,0.10313,0.10158305,-150.00000000000014,-161.50000000000014,SL
DOGE,2026-03-18 23:00:00+00:00,2026-03-19 05:00:00+00:00,-1,0.09492,0.09448,46.35482511588851,34.85482511588851,TIME
DOGE,2026-03-23 23:00:00+00:00,2026-03-24 01:00:00+00:00,1,0.09422,0.09280669999999999,-150.00000000000014,-161.50000000000014,SL
DOGE,2026-03-26 23:00:00+00:00,2026-03-27 05:00:00+00:00,-1,0.09212,0.09186,28.224055579678662,16.724055579678662,TIME
DOGE,2026-04-07 23:00:00+00:00,2026-04-08 05:00:00+00:00,1,0.09504,0.09493,-11.574074074074403,-23.074074074074403,TIME
DOGE,2026-04-13 23:00:00+00:00,2026-04-14 05:00:00+00:00,1,0.09404,0.09274,-138.23904721395053,-149.73904721395053,TIME
DOGE,2026-04-16 23:00:00+00:00,2026-04-17 02:00:00+00:00,1,0.09883,0.09734755,-150.00000000000014,-161.50000000000014,SL
DOGE,2026-04-18 23:00:00+00:00,2026-04-19 05:00:00+00:00,-1,0.09507,0.09478,30.50383927632239,19.00383927632239,TIME
