symbol,entry_ts,exit_ts,side,entry,exit,gross_bps,net_bps,exit_reason,day
1000PEPE,2025-07-15 15:00:00+00:00,2025-07-15 15:00:00+00:00,-1,0.0120113,0.012371639000000002,-300.0000000000003,-311.5000000000003,SL,2025-07-15
1000PEPE,2025-08-01 14:00:00+00:00,2025-08-01 14:00:00+00:00,-1,0.0103365,0.010646595,-300.0000000000003,-311.5000000000003,SL,2025-08-01
1000PEPE,2025-08-14 13:00:00+00:00,2025-08-14 18:00:00+00:00,-1,0.0112138,0.010877386,300.0000000000003,288.5000000000003,TP,2025-08-14
1000PEPE,2025-08-24 20:00:00+00:00,2025-08-24 22:00:00+00:00,-1,0.0110118,0.010681446,300.0000000000003,288.5000000000003,TP,2025-08-24
1000PEPE,2025-09-05 15:00:00+00:00,2025-09-06 15:00:00+00:00,-1,0.0095507,0.0095951,-46.48873904530504,-57.98873904530504,TIME,2025-09-05
1000PEPE,2025-09-25 18:00:00+00:00,2025-09-25 19:00:00+00:00,-1,0.0089116,0.009178948000000001,-300.0000000000003,-311.5000000000003,SL,2025-09-25
1000PEPE,2025-10-10 21:00:00+00:00,2025-10-10 21:00:00+00:00,-1,0.0080639,0.007821983000000001,299.99999999999915,288.49999999999915,TP,2025-10-10
1000PEPE,2025-10-30 05:00:00+00:00,2025-10-30 07:00:00+00:00,-1,0.0067942,0.006998026,-300.0000000000003,-311.5000000000003,SL,2025-10-30
1000PEPE,2025-11-03 16:00:00+00:00,2025-11-03 17:00:00+00:00,-1,0.0057402,0.005912406,-300.0000000000003,-311.5000000000003,SL,2025-11-03
1000PEPE,2025-11-04 06:00:00+00:00,2025-11-04 06:00:00+00:00,-1,0.0055075,0.005672725,-300.0000000000003,-311.5000000000003,SL,2025-11-04
1000PEPE,2025-11-12 16:00:00+00:00,2025-11-12 17:00:00+00:00,-1,0.0058255,0.005650735,300.0000000000003,288.5000000000003,TP,2025-11-12
1000PEPE,2025-12-01 01:00:00+00:00,2025-12-01 11:00:00+00:00,-1,0.0042475,0.004120075,300.00000000000136,288.50000000000136,TP,2025-12-01
1000PEPE,2025-12-12 16:00:00+00:00,2025-12-13 16:00:00+00:00,-1,0.0043148,0.0044079,-215.7689811810526,-227.2689811810526,TIME,2025-12-12
1000PEPE,2025-12-17 16:00:00+00:00,2025-12-17 16:00:00+00:00,-1,0.004026,0.00390522,300.0000000000003,288.5000000000003,TP,2025-12-17
1000PEPE,2025-12-26 15:00:00+00:00,2025-12-27 15:00:00+00:00,-1,0.0039714,0.0040843,-284.2826207382787,-295.7826207382787,TIME,2025-12-26
1000PEPE,2025-12-29 10:00:00+00:00,2025-12-30 03:00:00+00:00,-1,0.0041416,0.004017351999999999,300.00000000000136,288.50000000000136,TP,2025-12-29
1000PEPE,2026-01-06 18:00:00+00:00,2026-01-06 18:00:00+00:00,-1,0.0064557,0.006649371,-300.0000000000003,-311.5000000000003,SL,2026-01-06
1000PEPE,2026-01-19 00:00:00+00:00,2026-01-19 00:00:00+00:00,-1,0.0054612,0.005297364,300.00000000000136,288.50000000000136,TP,2026-01-19
1000PEPE,2026-01-21 17:00:00+00:00,2026-01-21 19:00:00+00:00,-1,0.0048865,0.0050330950000000005,-300.0000000000003,-311.5000000000003,SL,2026-01-21
1000PEPE,2026-01-29 16:00:00+00:00,2026-01-29 17:00:00+00:00,-1,0.0046706,0.004810717999999999,-300.0000000000003,-311.5000000000003,SL,2026-01-29
1000PEPE,2026-01-30 02:00:00+00:00,2026-01-30 06:00:00+00:00,-1,0.0046839,0.004543383000000001,299.99999999999915,288.49999999999915,TP,2026-01-30
1000PEPE,2026-02-05 18:00:00+00:00,2026-02-05 20:00:00+00:00,-1,0.0036564,0.003546708,300.0000000000003,288.5000000000003,TP,2026-02-05
1000PEPE,2026-02-23 02:00:00+00:00,2026-02-23 06:00:00+00:00,-1,0.0038798,0.003996194,-300.0000000000003,-311.5000000000003,SL,2026-02-23
1000PEPE,2026-02-28 07:00:00+00:00,2026-02-28 13:00:00+00:00,-1,0.0034535,0.003557105,-300.0000000000003,-311.5000000000003,SL,2026-02-28
1000PEPE,2026-03-22 00:00:00+00:00,2026-03-23 00:00:00+00:00,-1,0.0033078,0.0032876,61.06777918858497,49.56777918858497,TIME,2026-03-22
1000PEPE,2026-04-02 02:00:00+00:00,2026-04-03 02:00:00+00:00,-1,0.0033438,0.0033436,0.5981218972428426,-10.901878102757157,TIME,2026-04-02
1000PEPE,2026-04-12 02:00:00+00:00,2026-04-13 02:00:00+00:00,-1,0.0035217,0.0034705,145.3843314308434,133.8843314308434,TIME,2026-04-12
1000SHIB,2025-07-15 15:00:00+00:00,2025-07-15 16:00:00+00:00,-1,0.012955,0.01334365,-300.0000000000003,-311.5000000000003,SL,2025-07-15
1000SHIB,2025-08-01 14:00:00+00:00,2025-08-01 16:00:00+00:00,-1,0.01206,0.0124218,-300.0000000000003,-311.5000000000003,SL,2025-08-01
1000SHIB,2025-08-14 13:00:00+00:00,2025-08-15 13:00:00+00:00,-1,0.012994,0.01285,110.8203786362938,99.3203786362938,TIME,2025-08-14
1000SHIB,2025-08-24 20:00:00+00:00,2025-08-25 06:00:00+00:00,-1,0.01307,0.012677899999999999,300.00000000000136,288.50000000000136,TP,2025-08-24
1000SHIB,2025-09-05 15:00:00+00:00,2025-09-06 15:00:00+00:00,-1,0.012221,0.012206,12.27395466819381,0.7739546681938094,TIME,2025-09-05
1000SHIB,2025-09-25 18:00:00+00:00,2025-09-25 19:00:00+00:00,-1,0.011539,0.01188517,-300.0000000000003,-311.5000000000003,SL,2025-09-25
1000SHIB,2025-10-10 21:00:00+00:00,2025-10-10 21:00:00+00:00,-1,0.010744,0.01042168,300.00000000000136,288.50000000000136,TP,2025-10-10
1000SHIB,2025-10-30 05:00:00+00:00,2025-10-30 15:00:00+00:00,-1,0.009949,0.00965053,300.0000000000003,288.5000000000003,TP,2025-10-30
1000SHIB,2025-11-03 16:00:00+00:00,2025-11-04 05:00:00+00:00,-1,0.009239,0.00896183,300.0000000000003,288.5000000000003,TP,2025-11-03
1000SHIB,2025-11-04 06:00:00+00:00,2025-11-04 11:00:00+00:00,-1,0.008904,0.009171120000000001,-300.0000000000003,-311.5000000000003,SL,2025-11-04
1000SHIB,2025-11-12 16:00:00+00:00,2025-11-13 16:00:00+00:00,-1,0.009723,0.009534,194.3844492440605,182.8844492440605,TIME,2025-11-12
1000SHIB,2025-12-01 01:00:00+00:00,2025-12-02 01:00:00+00:00,-1,0.007964,0.00796,5.022601707684871,-6.477398292315129,TIME,2025-12-01
1000SHIB,2025-12-12 16:00:00+00:00,2025-12-13 12:00:00+00:00,-1,0.008173,0.00841819,-300.0000000000003,-311.5000000000003,SL,2025-12-12
1000SHIB,2025-12-17 16:00:00+00:00,2025-12-17 19:00:00+00:00,-1,0.007723,0.007491309999999999,300.0000000000003,288.5000000000003,TP,2025-12-17
1000SHIB,2025-12-26 15:00:00+00:00,2025-12-27 15:00:00+00:00,-1,0.007109,0.007244,-189.90012660008438,-201.40012660008438,TIME,2025-12-26
1000SHIB,2025-12-29 10:00:00+00:00,2025-12-29 23:00:00+00:00,-1,0.007418,0.00719546,300.0000000000003,288.5000000000003,TP,2025-12-29
1000SHIB,2026-01-06 18:00:00+00:00,2026-01-06 21:00:00+00:00,-1,0.008852,0.00911756,-300.0000000000003,-311.5000000000003,SL,2026-01-06
1000SHIB,2026-01-19 00:00:00+00:00,2026-01-19 00:00:00+00:00,-1,0.008083,0.00784051,299.99999999999915,288.49999999999915,TP,2026-01-19
1000SHIB,2026-01-21 17:00:00+00:00,2026-01-21 19:00:00+00:00,-1,0.007677,0.00790731,-300.0000000000003,-311.5000000000003,SL,2026-01-21
1000SHIB,2026-01-29 16:00:00+00:00,2026-01-30 16:00:00+00:00,-1,0.007288,0.007285,4.116355653128734,-7.383644346871266,TIME,2026-01-29
1000SHIB,2026-02-05 18:00:00+00:00,2026-02-05 20:00:00+00:00,-1,0.005867,0.00569099,300.0000000000003,288.5000000000003,TP,2026-02-05
1000SHIB,2026-02-23 02:00:00+00:00,2026-02-23 07:00:00+00:00,-1,0.005926,0.00610378,-300.0000000000003,-311.5000000000003,SL,2026-02-23
1000SHIB,2026-02-28 07:00:00+00:00,2026-02-28 19:00:00+00:00,-1,0.005512,0.00567736,-300.0000000000003,-311.5000000000003,SL,2026-02-28
1000SHIB,2026-03-22 00:00:00+00:00,2026-03-22 21:00:00+00:00,-1,0.005849,0.0056735299999999995,300.00000000000136,288.50000000000136,TP,2026-03-22
1000SHIB,2026-04-02 02:00:00+00:00,2026-04-03 02:00:00+00:00,-1,0.005886,0.005849,62.861026163777424,51.361026163777424,TIME,2026-04-02
1000SHIB,2026-04-12 02:00:00+00:00,2026-04-13 02:00:00+00:00,-1,0.00581,0.005776,58.519793459552716,47.019793459552716,TIME,2026-04-12
AAVE,2025-07-15 15:00:00+00:00,2025-07-15 15:00:00+00:00,-1,313.72,323.13160000000005,-300.0000000000003,-311.5000000000003,SL,2025-07-15
AAVE,2025-08-01 14:00:00+00:00,2025-08-02 14:00:00+00:00,-1,254.55,252.54,78.96287566293569,67.46287566293569,TIME,2025-08-01
AAVE,2025-08-14 13:00:00+00:00,2025-08-14 14:00:00+00:00,-1,310.97,320.2991,-300.0000000000003,-311.5000000000003,SL,2025-08-14
AAVE,2025-08-24 20:00:00+00:00,2025-08-25 00:00:00+00:00,-1,353.54,342.9338,300.0000000000003,288.5000000000003,TP,2025-08-24
AAVE,2025-09-05 15:00:00+00:00,2025-09-06 15:00:00+00:00,-1,299.45,298.72,24.37802638169839,12.87802638169839,TIME,2025-09-05
AAVE,2025-09-25 18:00:00+00:00,2025-09-25 19:00:00+00:00,-1,257.11,264.8233,-300.0000000000003,-311.5000000000003,SL,2025-09-25
AAVE,2025-10-10 21:00:00+00:00,2025-10-10 21:00:00+00:00,-1,244.67,237.32989999999998,300.0000000000003,288.5000000000003,TP,2025-10-10
AAVE,2025-10-30 05:00:00+00:00,2025-10-30 06:00:00+00:00,-1,222.77,229.4531,-300.0000000000003,-311.5000000000003,SL,2025-10-30
AAVE,2025-11-03 16:00:00+00:00,2025-11-03 17:00:00+00:00,-1,200.27,206.27810000000002,-300.0000000000003,-311.5000000000003,SL,2025-11-03
AAVE,2025-11-04 06:00:00+00:00,2025-11-04 06:00:00+00:00,-1,194.21,200.0363,-300.0000000000003,-311.5000000000003,SL,2025-11-04
AAVE,2025-11-12 16:00:00+00:00,2025-11-13 05:00:00+00:00,-1,207.3,213.519,-300.0000000000003,-311.5000000000003,SL,2025-11-12
AAVE,2025-12-01 01:00:00+00:00,2025-12-01 15:00:00+00:00,-1,169.38,164.2986,300.0000000000003,288.5000000000003,TP,2025-12-01
AAVE,2025-12-12 16:00:00+00:00,2025-12-13 08:00:00+00:00,-1,192.55,198.3265,-300.0000000000003,-311.5000000000003,SL,2025-12-12
AAVE,2025-12-17 16:00:00+00:00,2025-12-17 19:00:00+00:00,-1,182.88,177.3936,300.0000000000003,288.5000000000003,TP,2025-12-17
AAVE,2025-12-26 15:00:00+00:00,2025-12-27 15:00:00+00:00,-1,153.69,156.56,-186.73954063374464,-198.23954063374464,TIME,2025-12-26
AAVE,2025-12-29 10:00:00+00:00,2025-12-30 10:00:00+00:00,-1,151.78,150.31,96.85070496771586,85.35070496771586,TIME,2025-12-29
AAVE,2026-01-06 18:00:00+00:00,2026-01-06 21:00:00+00:00,-1,167.95,172.9885,-300.0000000000003,-311.5000000000003,SL,2026-01-06
AAVE,2026-01-19 00:00:00+00:00,2026-01-19 00:00:00+00:00,-1,168.63,163.5711,299.99999999999915,288.49999999999915,TP,2026-01-19
AAVE,2026-01-21 17:00:00+00:00,2026-01-21 19:00:00+00:00,-1,153.51,158.1153,-300.0000000000003,-311.5000000000003,SL,2026-01-21
AAVE,2026-01-29 16:00:00+00:00,2026-01-30 01:00:00+00:00,-1,147.09,142.6773,300.0000000000003,288.5000000000003,TP,2026-01-29
AAVE,2026-01-30 02:00:00+00:00,2026-01-30 15:00:00+00:00,-1,143.96,139.6412,300.0000000000003,288.5000000000003,TP,2026-01-30
AAVE,2026-02-05 18:00:00+00:00,2026-02-05 20:00:00+00:00,-1,111.8,108.446,300.0000000000003,288.5000000000003,TP,2026-02-05
AAVE,2026-02-23 02:00:00+00:00,2026-02-23 06:00:00+00:00,-1,111.8,115.154,-300.0000000000003,-311.5000000000003,SL,2026-02-23
AAVE,2026-02-28 07:00:00+00:00,2026-02-28 14:00:00+00:00,-1,106.03,109.21090000000001,-300.0000000000003,-311.5000000000003,SL,2026-02-28
AAVE,2026-03-22 00:00:00+00:00,2026-03-23 00:00:00+00:00,-1,107.95,106.32,150.99583140342875,139.49583140342875,TIME,2026-03-22
AAVE,2026-04-02 02:00:00+00:00,2026-04-02 12:00:00+00:00,-1,95.99,93.1103,300.0000000000003,288.5000000000003,TP,2026-04-02
AAVE,2026-04-12 02:00:00+00:00,2026-04-13 02:00:00+00:00,-1,90.15,92.8545,-300.0000000000003,-311.5000000000003,SL,2026-04-12
ADA,2025-07-15 15:00:00+00:00,2025-07-15 17:00:00+00:00,-1,0.7151,0.736553,-300.0000000000003,-311.5000000000003,SL,2025-07-15
ADA,2025-08-01 14:00:00+00:00,2025-08-01 14:00:00+00:00,-1,0.7135,0.734905,-300.0000000000003,-311.5000000000003,SL,2025-08-01
ADA,2025-08-14 13:00:00+00:00,2025-08-14 13:00:00+00:00,-1,0.9223,0.894631,300.0000000000003,288.5000000000003,TP,2025-08-14
ADA,2025-08-24 20:00:00+00:00,2025-08-24 20:00:00+00:00,-1,0.9227,0.8950189999999999,300.0000000000003,288.5000000000003,TP,2025-08-24
ADA,2025-09-05 15:00:00+00:00,2025-09-06 15:00:00+00:00,-1,0.822,0.8219,1.216545012164838,-10.283454987835162,TIME,2025-09-05
ADA,2025-09-25 18:00:00+00:00,2025-09-25 19:00:00+00:00,-1,0.758,0.78074,-300.0000000000003,-311.5000000000003,SL,2025-09-25
ADA,2025-10-10 21:00:00+00:00,2025-10-10 21:00:00+00:00,-1,0.7163,0.6948110000000001,299.99999999999915,288.49999999999915,TP,2025-10-10
ADA,2025-10-30 05:00:00+00:00,2025-10-30 07:00:00+00:00,-1,0.6286,0.6474580000000001,-300.0000000000003,-311.5000000000003,SL,2025-10-30
ADA,2025-11-03 16:00:00+00:00,2025-11-03 17:00:00+00:00,-1,0.5501,0.5666030000000001,-300.0000000000003,-311.5000000000003,SL,2025-11-03
ADA,2025-11-04 06:00:00+00:00,2025-11-04 06:00:00+00:00,-1,0.5336,0.549608,-300.0000000000003,-311.5000000000003,SL,2025-11-04
ADA,2025-11-12 16:00:00+00:00,2025-11-12 19:00:00+00:00,-1,0.5575,0.540775,300.0000000000003,288.5000000000003,TP,2025-11-12
ADA,2025-12-01 01:00:00+00:00,2025-12-01 12:00:00+00:00,-1,0.3878,0.37616599999999994,300.00000000000136,288.50000000000136,TP,2025-12-01
ADA,2025-12-12 16:00:00+00:00,2025-12-13 16:00:00+00:00,-1,0.408,0.4116,-88.23529411764896,-99.73529411764896,TIME,2025-12-12
ADA,2025-12-17 16:00:00+00:00,2025-12-17 16:00:00+00:00,-1,0.3816,0.370152,300.0000000000003,288.5000000000003,TP,2025-12-17
ADA,2025-12-26 15:00:00+00:00,2025-12-27 15:00:00+00:00,-1,0.3489,0.357,-232.15821152192672,-243.65821152192672,TIME,2025-12-26
ADA,2025-12-29 10:00:00+00:00,2025-12-29 17:00:00+00:00,-1,0.3694,0.35831799999999997,300.00000000000136,288.50000000000136,TP,2025-12-29
ADA,2026-01-06 18:00:00+00:00,2026-01-06 21:00:00+00:00,-1,0.4015,0.41354500000000005,-300.0000000000003,-311.5000000000003,SL,2026-01-06
ADA,2026-01-19 00:00:00+00:00,2026-01-19 00:00:00+00:00,-1,0.3751,0.363847,300.0000000000003,288.5000000000003,TP,2026-01-19
ADA,2026-01-21 17:00:00+00:00,2026-01-21 19:00:00+00:00,-1,0.3474,0.357822,-300.0000000000003,-311.5000000000003,SL,2026-01-21
ADA,2026-01-29 16:00:00+00:00,2026-01-30 01:00:00+00:00,-1,0.3329,0.32291299999999995,300.0000000000003,288.5000000000003,TP,2026-01-29
ADA,2026-01-30 02:00:00+00:00,2026-01-30 18:00:00+00:00,-1,0.3264,0.316608,300.0000000000003,288.5000000000003,TP,2026-01-30
ADA,2026-02-05 18:00:00+00:00,2026-02-05 20:00:00+00:00,-1,0.2578,0.25006599999999995,300.0000000000003,288.5000000000003,TP,2026-02-05
ADA,2026-02-23 02:00:00+00:00,2026-02-23 06:00:00+00:00,-1,0.2584,0.266152,-300.0000000000003,-311.5000000000003,SL,2026-02-23
ADA,2026-02-28 07:00:00+00:00,2026-02-28 07:00:00+00:00,-1,0.2618,0.269654,-300.0000000000003,-311.5000000000003,SL,2026-02-28
ADA,2026-03-22 00:00:00+00:00,2026-03-22 21:00:00+00:00,-1,0.2566,0.24890199999999998,300.0000000000003,288.5000000000003,TP,2026-03-22
ADA,2026-04-02 02:00:00+00:00,2026-04-02 13:00:00+00:00,-1,0.2429,0.235613,300.0000000000003,288.5000000000003,TP,2026-04-02
ADA,2026-04-12 02:00:00+00:00,2026-04-12 22:00:00+00:00,-1,0.2437,0.236389,300.0000000000003,288.5000000000003,TP,2026-04-12
BNB,2025-07-15 15:00:00+00:00,2025-07-16 14:00:00+00:00,-1,678.69,699.0507000000001,-300.0000000000003,-311.5000000000003,SL,2025-07-15
BNB,2025-08-01 14:00:00+00:00,2025-08-02 14:00:00+00:00,-1,762.63,748.6,183.96863485569682,172.46863485569682,TIME,2025-08-01
BNB,2025-08-14 13:00:00+00:00,2025-08-15 13:00:00+00:00,-1,834.95,832.38,30.780286244685982,19.280286244685982,TIME,2025-08-14
BNB,2025-08-24 20:00:00+00:00,2025-08-25 20:00:00+00:00,-1,869.51,843.4246999999999,300.00000000000136,288.50000000000136,TP,2025-08-24
BNB,2025-09-05 15:00:00+00:00,2025-09-06 15:00:00+00:00,-1,848.16,860.13,-141.12903225806494,-152.62903225806494,TIME,2025-09-05
BNB,2025-09-25 18:00:00+00:00,2025-09-26 18:00:00+00:00,-1,957.33,960.33,-31.33715646642221,-42.837156466422215,TIME,2025-09-25
BNB,2025-10-10 21:00:00+00:00,2025-10-10 21:00:00+00:00,-1,1196.0,1160.12,300.00000000000136,288.50000000000136,TP,2025-10-10
BNB,2025-10-30 05:00:00+00:00,2025-10-30 17:00:00+00:00,-1,1100.64,1067.6208000000001,299.99999999999915,288.49999999999915,TP,2025-10-30
BNB,2025-11-03 16:00:00+00:00,2025-11-04 05:00:00+00:00,-1,980.28,950.8716,300.0000000000003,288.5000000000003,TP,2025-11-03
BNB,2025-11-04 06:00:00+00:00,2025-11-04 17:00:00+00:00,-1,947.38,918.9585999999999,300.0000000000003,288.5000000000003,TP,2025-11-04
BNB,2025-11-12 16:00:00+00:00,2025-11-13 16:00:00+00:00,-1,948.85,945.59,34.357379986299506,22.857379986299506,TIME,2025-11-12
BNB,2025-12-01 01:00:00+00:00,2025-12-01 15:00:00+00:00,-1,835.83,810.7551,300.00000000000136,288.50000000000136,TP,2025-12-01
BNB,2025-12-12 16:00:00+00:00,2025-12-13 16:00:00+00:00,-1,874.48,900.7144000000001,-300.0000000000003,-311.5000000000003,SL,2025-12-12
BNB,2025-12-17 16:00:00+00:00,2025-12-18 16:00:00+00:00,-1,854.12,845.7,98.58099564463929,87.08099564463929,TIME,2025-12-17
BNB,2025-12-26 15:00:00+00:00,2025-12-27 15:00:00+00:00,-1,830.42,841.41,-132.34266997423026,-143.84266997423026,TIME,2025-12-26
BNB,2025-12-29 10:00:00+00:00,2025-12-30 10:00:00+00:00,-1,851.11,855.53,-51.93218267908861,-63.43218267908861,TIME,2025-12-29
BNB,2026-01-06 18:00:00+00:00,2026-01-06 23:00:00+00:00,-1,892.65,919.4295,-300.0000000000003,-311.5000000000003,SL,2026-01-06
BNB,2026-01-19 00:00:00+00:00,2026-01-19 00:00:00+00:00,-1,932.24,904.2728,300.0000000000003,288.5000000000003,TP,2026-01-19
BNB,2026-01-21 17:00:00+00:00,2026-01-22 09:00:00+00:00,-1,869.38,895.4614,-300.0000000000003,-311.5000000000003,SL,2026-01-21
BNB,2026-01-29 16:00:00+00:00,2026-01-30 01:00:00+00:00,-1,864.18,838.2546,299.99999999999915,288.49999999999915,TP,2026-01-29
BNB,2026-01-30 02:00:00+00:00,2026-01-31 02:00:00+00:00,-1,847.59,854.46,-81.05333946837546,-92.55333946837546,TIME,2026-01-30
BNB,2026-02-05 18:00:00+00:00,2026-02-05 18:00:00+00:00,-1,655.71,636.0387000000001,299.99999999999915,288.49999999999915,TP,2026-02-05
BNB,2026-02-23 02:00:00+00:00,2026-02-23 09:00:00+00:00,-1,586.0,603.58,-300.0000000000003,-311.5000000000003,SL,2026-02-23
BNB,2026-02-28 07:00:00+00:00,2026-02-28 18:00:00+00:00,-1,591.53,609.2759,-300.0000000000003,-311.5000000000003,SL,2026-02-28
BNB,2026-03-22 00:00:00+00:00,2026-03-23 00:00:00+00:00,-1,630.34,624.49,92.80705650918541,81.30705650918541,TIME,2026-03-22
BNB,2026-04-02 02:00:00+00:00,2026-04-02 09:00:00+00:00,-1,604.21,586.0837,300.0000000000003,288.5000000000003,TP,2026-04-02
BNB,2026-04-12 02:00:00+00:00,2026-04-13 02:00:00+00:00,-1,593.38,596.49,-52.41160807576861,-63.91160807576861,TIME,2026-04-12
DOGE,2025-07-15 15:00:00+00:00,2025-07-15 17:00:00+00:00,-1,0.18999,0.1956897,-300.0000000000003,-311.5000000000003,SL,2025-07-15
DOGE,2025-08-01 14:00:00+00:00,2025-08-01 14:00:00+00:00,-1,0.20393,0.2100479,-300.0000000000003,-311.5000000000003,SL,2025-08-01
DOGE,2025-08-14 13:00:00+00:00,2025-08-14 21:00:00+00:00,-1,0.22607,0.21928789999999998,300.0000000000003,288.5000000000003,TP,2025-08-14
DOGE,2025-08-24 20:00:00+00:00,2025-08-25 00:00:00+00:00,-1,0.23406,0.2270382,300.0000000000003,288.5000000000003,TP,2025-08-24
DOGE,2025-09-05 15:00:00+00:00,2025-09-05 20:00:00+00:00,-1,0.21302,0.21941059999999998,-300.0000000000003,-311.5000000000003,SL,2025-09-05
DOGE,2025-09-25 18:00:00+00:00,2025-09-25 19:00:00+00:00,-1,0.22132,0.22795959999999998,-300.0000000000003,-311.5000000000003,SL,2025-09-25
DOGE,2025-10-10 21:00:00+00:00,2025-10-10 21:00:00+00:00,-1,0.21857,0.21201289999999998,300.0000000000003,288.5000000000003,TP,2025-10-10
DOGE,2025-10-30 05:00:00+00:00,2025-10-30 07:00:00+00:00,-1,0.18742,0.1930426,-300.0000000000003,-311.5000000000003,SL,2025-10-30
DOGE,2025-11-03 16:00:00+00:00,2025-11-04 05:00:00+00:00,-1,0.16683,0.1618251,300.0000000000003,288.5000000000003,TP,2025-11-03
DOGE,2025-11-04 06:00:00+00:00,2025-11-04 06:00:00+00:00,-1,0.16104,0.1658712,-300.0000000000003,-311.5000000000003,SL,2025-11-04
DOGE,2025-11-12 16:00:00+00:00,2025-11-13 05:00:00+00:00,-1,0.17124,0.1763772,-300.0000000000003,-311.5000000000003,SL,2025-11-12
DOGE,2025-12-01 01:00:00+00:00,2025-12-01 12:00:00+00:00,-1,0.13886,0.13469420000000001,300.0000000000003,288.5000000000003,TP,2025-12-01
DOGE,2025-12-12 16:00:00+00:00,2025-12-13 12:00:00+00:00,-1,0.13552,0.1395856,-300.0000000000003,-311.5000000000003,SL,2025-12-12
DOGE,2025-12-17 16:00:00+00:00,2025-12-17 16:00:00+00:00,-1,0.12987,0.1259739,300.00000000000136,288.50000000000136,TP,2025-12-17
DOGE,2025-12-26 15:00:00+00:00,2025-12-27 15:00:00+00:00,-1,0.12246,0.12298,-42.4628450106157,-53.9628450106157,TIME,2025-12-26
DOGE,2025-12-29 10:00:00+00:00,2025-12-30 10:00:00+00:00,-1,0.12486,0.12449,29.63318917187263,18.13318917187263,TIME,2025-12-29
DOGE,2026-01-06 18:00:00+00:00,2026-01-06 21:00:00+00:00,-1,0.14391,0.1482273,-300.0000000000003,-311.5000000000003,SL,2026-01-06
DOGE,2026-01-19 00:00:00+00:00,2026-01-19 00:00:00+00:00,-1,0.13154,0.12759379999999998,300.00000000000136,288.50000000000136,TP,2026-01-19
DOGE,2026-01-21 17:00:00+00:00,2026-01-21 19:00:00+00:00,-1,0.12066,0.12427980000000001,-300.0000000000003,-311.5000000000003,SL,2026-01-21
DOGE,2026-01-29 16:00:00+00:00,2026-01-30 01:00:00+00:00,-1,0.1161,0.112617,300.0000000000003,288.5000000000003,TP,2026-01-29
DOGE,2026-01-30 02:00:00+00:00,2026-01-31 02:00:00+00:00,-1,0.11534,0.11531,2.601005722212557,-8.898994277787443,TIME,2026-01-30
DOGE,2026-02-05 18:00:00+00:00,2026-02-05 20:00:00+00:00,-1,0.09202,0.0892594,300.0000000000003,288.5000000000003,TP,2026-02-05
DOGE,2026-02-23 02:00:00+00:00,2026-02-23 07:00:00+00:00,-1,0.09203,0.0947909,-300.0000000000003,-311.5000000000003,SL,2026-02-23
DOGE,2026-02-28 07:00:00+00:00,2026-02-28 13:00:00+00:00,-1,0.08853,0.0911859,-300.0000000000003,-311.5000000000003,SL,2026-02-28
DOGE,2026-03-22 00:00:00+00:00,2026-03-23 00:00:00+00:00,-1,0.09126,0.09028,107.38549200087655,95.88549200087655,TIME,2026-03-22
DOGE,2026-04-02 02:00:00+00:00,2026-04-03 02:00:00+00:00,-1,0.09048,0.09034,15.473032714412582,3.9730327144125823,TIME,2026-04-02
DOGE,2026-04-12 02:00:00+00:00,2026-04-13 02:00:00+00:00,-1,0.09102,0.09104,-2.197319270489384,-13.697319270489384,TIME,2026-04-12
ETH,2025-07-15 15:00:00+00:00,2025-07-15 16:00:00+00:00,-1,2976.5,3065.795,-300.0000000000003,-311.5000000000003,SL,2025-07-15
ETH,2025-08-01 14:00:00+00:00,2025-08-01 22:00:00+00:00,-1,3597.74,3489.8077999999996,300.0000000000003,288.5000000000003,TP,2025-08-01
ETH,2025-08-14 13:00:00+00:00,2025-08-15 13:00:00+00:00,-1,4569.06,4537.45,69.18272029695527,57.68272029695527,TIME,2025-08-14
ETH,2025-08-24 20:00:00+00:00,2025-08-25 00:00:00+00:00,-1,4812.01,4667.6497,300.0000000000003,288.5000000000003,TP,2025-08-24
ETH,2025-09-05 15:00:00+00:00,2025-09-06 15:00:00+00:00,-1,4271.53,4267.61,9.177039608758708,-2.322960391241292,TIME,2025-09-05
ETH,2025-09-25 18:00:00+00:00,2025-09-26 01:00:00+00:00,-1,3837.43,3952.5529,-300.0000000000003,-311.5000000000003,SL,2025-09-25
ETH,2025-10-10 21:00:00+00:00,2025-10-10 21:00:00+00:00,-1,3864.45,3748.5164999999997,300.0000000000003,288.5000000000003,TP,2025-10-10
ETH,2025-10-30 05:00:00+00:00,2025-10-30 17:00:00+00:00,-1,3869.22,3753.1434,299.99999999999915,288.49999999999915,TP,2025-10-30
ETH,2025-11-03 16:00:00+00:00,2025-11-04 06:00:00+00:00,-1,3587.29,3479.6713,300.0000000000003,288.5000000000003,TP,2025-11-03
ETH,2025-11-12 16:00:00+00:00,2025-11-13 05:00:00+00:00,-1,3426.33,3529.1199,-300.0000000000003,-311.5000000000003,SL,2025-11-12
ETH,2025-12-01 01:00:00+00:00,2025-12-01 15:00:00+00:00,-1,2834.15,2749.1255,300.0000000000003,288.5000000000003,TP,2025-12-01
ETH,2025-12-12 16:00:00+00:00,2025-12-13 16:00:00+00:00,-1,3069.53,3104.53,-114.02397109655294,-125.52397109655294,TIME,2025-12-12
ETH,2025-12-17 16:00:00+00:00,2025-12-17 18:00:00+00:00,-1,2902.83,2815.7450999999996,300.00000000000136,288.50000000000136,TP,2025-12-17
ETH,2025-12-26 15:00:00+00:00,2025-12-27 15:00:00+00:00,-1,2916.01,2925.46,-32.40729627127514,-43.90729627127514,TIME,2025-12-26
ETH,2025-12-29 10:00:00+00:00,2025-12-30 10:00:00+00:00,-1,2974.43,2976.18,-5.883480196204882,-17.383480196204882,TIME,2025-12-29
ETH,2026-01-06 18:00:00+00:00,2026-01-06 21:00:00+00:00,-1,3192.46,3288.2338,-300.0000000000003,-311.5000000000003,SL,2026-01-06
ETH,2026-01-19 00:00:00+00:00,2026-01-19 00:00:00+00:00,-1,3282.57,3184.0929,300.0000000000003,288.5000000000003,TP,2026-01-19
ETH,2026-01-21 17:00:00+00:00,2026-01-21 19:00:00+00:00,-1,2892.0,2978.76,-300.0000000000003,-311.5000000000003,SL,2026-01-21
ETH,2026-01-29 16:00:00+00:00,2026-01-30 01:00:00+00:00,-1,2821.96,2737.3012,300.0000000000003,288.5000000000003,TP,2026-01-29
ETH,2026-01-30 02:00:00+00:00,2026-01-30 18:00:00+00:00,-1,2747.37,2664.9489,300.0000000000003,288.5000000000003,TP,2026-01-30
ETH,2026-02-05 18:00:00+00:00,2026-02-05 20:00:00+00:00,-1,1954.06,1895.4381999999998,300.0000000000003,288.5000000000003,TP,2026-02-05
ETH,2026-02-23 02:00:00+00:00,2026-02-23 09:00:00+00:00,-1,1854.44,1910.0732,-300.0000000000003,-311.5000000000003,SL,2026-02-23
ETH,2026-02-28 07:00:00+00:00,2026-02-28 13:00:00+00:00,-1,1840.0,1895.2,-300.0000000000003,-311.5000000000003,SL,2026-02-28
ETH,2026-03-22 00:00:00+00:00,2026-03-23 00:00:00+00:00,-1,2083.08,2042.54,194.6156652648956,183.1156652648956,TIME,2026-03-22
ETH,2026-04-02 02:00:00+00:00,2026-04-02 10:00:00+00:00,-1,2098.41,2035.4576999999997,300.0000000000003,288.5000000000003,TP,2026-04-02
ETH,2026-04-12 02:00:00+00:00,2026-04-13 02:00:00+00:00,-1,2217.52,2193.3,109.22111187272154,97.72111187272154,TIME,2026-04-12
LINK,2025-07-15 15:00:00+00:00,2025-07-15 16:00:00+00:00,-1,15.216,15.67248,-300.0000000000003,-311.5000000000003,SL,2025-07-15
LINK,2025-08-01 14:00:00+00:00,2025-08-01 22:00:00+00:00,-1,16.259,15.77123,300.0000000000003,288.5000000000003,TP,2025-08-01
LINK,2025-08-14 13:00:00+00:00,2025-08-14 14:00:00+00:00,-1,22.353,23.023590000000002,-300.0000000000003,-311.5000000000003,SL,2025-08-14
LINK,2025-08-24 20:00:00+00:00,2025-08-25 07:00:00+00:00,-1,26.082,25.29954,300.0000000000003,288.5000000000003,TP,2025-08-24
LINK,2025-09-05 15:00:00+00:00,2025-09-06 15:00:00+00:00,-1,22.186,22.067,53.63742900928558,42.13742900928558,TIME,2025-09-05
LINK,2025-09-25 18:00:00+00:00,2025-09-25 19:00:00+00:00,-1,19.961,20.559829999999998,-300.0000000000003,-311.5000000000003,SL,2025-09-25
LINK,2025-10-10 21:00:00+00:00,2025-10-10 21:00:00+00:00,-1,19.5,18.915,300.0000000000003,288.5000000000003,TP,2025-10-10
LINK,2025-10-30 05:00:00+00:00,2025-10-30 05:00:00+00:00,-1,17.66,18.1898,-300.0000000000003,-311.5000000000003,SL,2025-10-30
LINK,2025-11-03 16:00:00+00:00,2025-11-03 17:00:00+00:00,-1,15.292,15.75076,-300.0000000000003,-311.5000000000003,SL,2025-11-03
LINK,2025-11-04 06:00:00+00:00,2025-11-04 06:00:00+00:00,-1,14.69,15.1307,-300.0000000000003,-311.5000000000003,SL,2025-11-04
LINK,2025-11-12 16:00:00+00:00,2025-11-13 05:00:00+00:00,-1,15.363,15.82389,-300.0000000000003,-311.5000000000003,SL,2025-11-12
LINK,2025-12-01 01:00:00+00:00,2025-12-01 15:00:00+00:00,-1,12.258,11.89026,299.99999999999915,288.49999999999915,TP,2025-12-01
LINK,2025-12-12 16:00:00+00:00,2025-12-13 08:00:00+00:00,-1,13.516,13.92148,-300.0000000000003,-311.5000000000003,SL,2025-12-12
LINK,2025-12-17 16:00:00+00:00,2025-12-17 18:00:00+00:00,-1,12.557,12.18029,300.0000000000003,288.5000000000003,TP,2025-12-17
LINK,2025-12-26 15:00:00+00:00,2025-12-27 15:00:00+00:00,-1,12.132,12.316,-151.6650181338619,-163.1650181338619,TIME,2025-12-26
LINK,2025-12-29 10:00:00+00:00,2025-12-30 10:00:00+00:00,-1,12.529,12.486,34.32037672599475,22.82037672599475,TIME,2025-12-29
LINK,2026-01-06 18:00:00+00:00,2026-01-06 21:00:00+00:00,-1,13.495,13.899849999999999,-300.0000000000003,-311.5000000000003,SL,2026-01-06
LINK,2026-01-19 00:00:00+00:00,2026-01-19 00:00:00+00:00,-1,13.289,12.890329999999999,300.0000000000003,288.5000000000003,TP,2026-01-19
LINK,2026-01-21 17:00:00+00:00,2026-01-21 19:00:00+00:00,-1,12.014,12.374419999999999,-300.0000000000003,-311.5000000000003,SL,2026-01-21
LINK,2026-01-29 16:00:00+00:00,2026-01-30 01:00:00+00:00,-1,11.02,10.6894,300.0000000000003,288.5000000000003,TP,2026-01-29
LINK,2026-01-30 02:00:00+00:00,2026-01-30 13:00:00+00:00,-1,10.884,10.55748,300.0000000000003,288.5000000000003,TP,2026-01-30
LINK,2026-02-05 18:00:00+00:00,2026-02-05 20:00:00+00:00,-1,8.346,8.09562,300.0000000000003,288.5000000000003,TP,2026-02-05
LINK,2026-02-23 02:00:00+00:00,2026-02-23 09:00:00+00:00,-1,8.201,8.447030000000002,-300.0000000000003,-311.5000000000003,SL,2026-02-23
LINK,2026-02-28 07:00:00+00:00,2026-02-28 18:00:00+00:00,-1,8.287,8.535610000000002,-300.0000000000003,-311.5000000000003,SL,2026-02-28
LINK,2026-03-22 00:00:00+00:00,2026-03-23 00:00:00+00:00,-1,8.817,8.67,166.72337529772042,155.22337529772042,TIME,2026-03-22
LINK,2026-04-02 02:00:00+00:00,2026-04-02 11:00:00+00:00,-1,8.721,8.45937,300.0000000000003,288.5000000000003,TP,2026-04-02
LINK,2026-04-12 02:00:00+00:00,2026-04-13 02:00:00+00:00,-1,8.776,8.789,-14.813126709207758,-26.313126709207758,TIME,2026-04-12
LTC,2025-07-15 15:00:00+00:00,2025-07-15 17:00:00+00:00,-1,91.97,94.7291,-300.0000000000003,-311.5000000000003,SL,2025-07-15
LTC,2025-08-01 14:00:00+00:00,2025-08-01 21:00:00+00:00,-1,104.56,107.69680000000001,-300.0000000000003,-311.5000000000003,SL,2025-08-01
LTC,2025-08-14 13:00:00+00:00,2025-08-15 13:00:00+00:00,-1,122.66,119.22,280.45002445785116,268.95002445785116,TIME,2025-08-14
LTC,2025-08-24 20:00:00+00:00,2025-08-25 00:00:00+00:00,-1,120.64,117.0208,300.0000000000003,288.5000000000003,TP,2025-08-24
LTC,2025-09-05 15:00:00+00:00,2025-09-06 15:00:00+00:00,-1,111.96,111.39,50.91103965702004,39.41103965702004,TIME,2025-09-05
LTC,2025-09-25 18:00:00+00:00,2025-09-26 16:00:00+00:00,-1,100.85,103.8755,-300.0000000000003,-311.5000000000003,SL,2025-09-25
LTC,2025-10-10 21:00:00+00:00,2025-10-10 21:00:00+00:00,-1,121.44,117.79679999999999,300.0000000000003,288.5000000000003,TP,2025-10-10
LTC,2025-10-30 05:00:00+00:00,2025-10-30 13:00:00+00:00,-1,96.34,93.4498,300.0000000000003,288.5000000000003,TP,2025-10-30
LTC,2025-11-03 16:00:00+00:00,2025-11-04 04:00:00+00:00,-1,87.69,90.3207,-300.0000000000003,-311.5000000000003,SL,2025-11-03
LTC,2025-11-04 06:00:00+00:00,2025-11-04 06:00:00+00:00,-1,85.22,87.7766,-300.0000000000003,-311.5000000000003,SL,2025-11-04
LTC,2025-11-12 16:00:00+00:00,2025-11-12 16:00:00+00:00,-1,100.01,97.00970000000001,299.99999999999915,288.49999999999915,TP,2025-11-12
LTC,2025-12-01 01:00:00+00:00,2025-12-01 15:00:00+00:00,-1,77.91,75.5727,300.0000000000003,288.5000000000003,TP,2025-12-01
LTC,2025-12-12 16:00:00+00:00,2025-12-13 16:00:00+00:00,-1,81.3,81.87,-70.11070110701124,-81.61070110701124,TIME,2025-12-12
LTC,2025-12-17 16:00:00+00:00,2025-12-17 18:00:00+00:00,-1,78.2,75.854,300.0000000000003,288.5000000000003,TP,2025-12-17
LTC,2025-12-26 15:00:00+00:00,2025-12-27 12:00:00+00:00,-1,75.76,78.03280000000001,-300.0000000000003,-311.5000000000003,SL,2025-12-26
LTC,2025-12-29 10:00:00+00:00,2025-12-30 10:00:00+00:00,-1,78.05,77.98,8.968609865469546,-2.5313901345304544,TIME,2025-12-29
LTC,2026-01-06 18:00:00+00:00,2026-01-06 21:00:00+00:00,-1,81.29,83.7287,-300.0000000000003,-311.5000000000003,SL,2026-01-06
LTC,2026-01-19 00:00:00+00:00,2026-01-19 00:00:00+00:00,-1,72.12,69.9564,300.0000000000003,288.5000000000003,TP,2026-01-19
LTC,2026-01-21 17:00:00+00:00,2026-01-21 19:00:00+00:00,-1,66.71,68.7113,-300.0000000000003,-311.5000000000003,SL,2026-01-21
LTC,2026-01-29 16:00:00+00:00,2026-01-30 01:00:00+00:00,-1,65.32,63.36039999999999,300.0000000000003,288.5000000000003,TP,2026-01-29
LTC,2026-01-30 02:00:00+00:00,2026-01-31 02:00:00+00:00,-1,64.81,65.01,-30.85943527233459,-42.35943527233459,TIME,2026-01-30
LTC,2026-02-05 18:00:00+00:00,2026-02-05 20:00:00+00:00,-1,53.09,51.4973,300.0000000000003,288.5000000000003,TP,2026-02-05
LTC,2026-02-23 02:00:00+00:00,2026-02-23 09:00:00+00:00,-1,50.99,52.5197,-300.0000000000003,-311.5000000000003,SL,2026-02-23
LTC,2026-02-28 07:00:00+00:00,2026-02-28 18:00:00+00:00,-1,51.99,53.5497,-300.0000000000003,-311.5000000000003,SL,2026-02-28
LTC,2026-03-22 00:00:00+00:00,2026-03-22 21:00:00+00:00,-1,54.75,53.1075,299.99999999999915,288.49999999999915,TP,2026-03-22
LTC,2026-04-02 02:00:00+00:00,2026-04-02 13:00:00+00:00,-1,53.11,51.5167,300.0000000000003,288.5000000000003,TP,2026-04-02
LTC,2026-04-12 02:00:00+00:00,2026-04-13 02:00:00+00:00,-1,53.94,53.71,42.639970337411405,31.139970337411405,TIME,2026-04-12
NEAR,2025-07-15 15:00:00+00:00,2025-07-15 16:00:00+00:00,-1,2.492,2.56676,-300.0000000000003,-311.5000000000003,SL,2025-07-15
NEAR,2025-08-01 14:00:00+00:00,2025-08-01 14:00:00+00:00,-1,2.423,2.49569,-300.0000000000003,-311.5000000000003,SL,2025-08-01
NEAR,2025-08-14 13:00:00+00:00,2025-08-14 21:00:00+00:00,-1,2.785,2.70145,300.00000000000136,288.50000000000136,TP,2025-08-14
NEAR,2025-08-24 20:00:00+00:00,2025-08-25 00:00:00+00:00,-1,2.689,2.60833,300.0000000000003,288.5000000000003,TP,2025-08-24
NEAR,2025-09-05 15:00:00+00:00,2025-09-06 15:00:00+00:00,-1,2.395,2.386,37.57828810020847,26.078288100208468,TIME,2025-09-05
NEAR,2025-09-25 18:00:00+00:00,2025-09-25 19:00:00+00:00,-1,2.781,2.86443,-300.0000000000003,-311.5000000000003,SL,2025-09-25
NEAR,2025-10-10 21:00:00+00:00,2025-10-10 21:00:00+00:00,-1,2.782,2.69854,300.0000000000003,288.5000000000003,TP,2025-10-10
NEAR,2025-10-30 05:00:00+00:00,2025-10-30 12:00:00+00:00,-1,2.213,2.14661,300.0000000000003,288.5000000000003,TP,2025-10-30
NEAR,2025-11-03 16:00:00+00:00,2025-11-03 17:00:00+00:00,-1,1.901,1.9580300000000002,-300.0000000000003,-311.5000000000003,SL,2025-11-03
NEAR,2025-11-04 06:00:00+00:00,2025-11-04 06:00:00+00:00,-1,1.83,1.8849,-300.0000000000003,-311.5000000000003,SL,2025-11-04
NEAR,2025-11-12 16:00:00+00:00,2025-11-13 16:00:00+00:00,-1,2.525,2.466,233.66336633663275,222.16336633663275,TIME,2025-11-12
NEAR,2025-12-01 01:00:00+00:00,2025-12-01 11:00:00+00:00,-1,1.698,1.64706,300.0000000000003,288.5000000000003,TP,2025-12-01
NEAR,2025-12-12 16:00:00+00:00,2025-12-13 04:00:00+00:00,-1,1.607,1.65521,-300.0000000000003,-311.5000000000003,SL,2025-12-12
NEAR,2025-12-17 16:00:00+00:00,2025-12-17 16:00:00+00:00,-1,1.537,1.4908899999999998,300.0000000000003,288.5000000000003,TP,2025-12-17
NEAR,2025-12-26 15:00:00+00:00,2025-12-27 04:00:00+00:00,-1,1.498,1.54294,-300.0000000000003,-311.5000000000003,SL,2025-12-26
NEAR,2025-12-29 10:00:00+00:00,2025-12-30 10:00:00+00:00,-1,1.541,1.548,-45.425048669696096,-56.925048669696096,TIME,2025-12-29
NEAR,2026-01-06 18:00:00+00:00,2026-01-06 20:00:00+00:00,-1,1.728,1.77984,-300.0000000000003,-311.5000000000003,SL,2026-01-06
NEAR,2026-01-19 00:00:00+00:00,2026-01-19 00:00:00+00:00,-1,1.623,1.5743099999999999,300.0000000000003,288.5000000000003,TP,2026-01-19
NEAR,2026-01-21 17:00:00+00:00,2026-01-21 19:00:00+00:00,-1,1.495,1.5398500000000002,-300.0000000000003,-311.5000000000003,SL,2026-01-21
NEAR,2026-01-29 16:00:00+00:00,2026-01-30 01:00:00+00:00,-1,1.372,1.33084,300.0000000000003,288.5000000000003,TP,2026-01-29
NEAR,2026-01-30 02:00:00+00:00,2026-01-30 06:00:00+00:00,-1,1.352,1.3114400000000002,299.99999999999915,288.49999999999915,TP,2026-01-30
NEAR,2026-02-05 18:00:00+00:00,2026-02-05 19:00:00+00:00,-1,1.046,1.01462,299.99999999999915,288.49999999999915,TP,2026-02-05
NEAR,2026-02-23 02:00:00+00:00,2026-02-23 06:00:00+00:00,-1,0.975,1.00425,-300.0000000000003,-311.5000000000003,SL,2026-02-23
NEAR,2026-02-28 07:00:00+00:00,2026-02-28 07:00:00+00:00,-1,1.033,1.06399,-300.0000000000003,-311.5000000000003,SL,2026-02-28
NEAR,2026-03-22 00:00:00+00:00,2026-03-23 00:00:00+00:00,-1,1.275,1.278,-23.529411764706687,-35.02941176470669,TIME,2026-03-22
NEAR,2026-04-02 02:00:00+00:00,2026-04-03 02:00:00+00:00,-1,1.169,1.168,8.554319931566301,-2.945680068433699,TIME,2026-04-02
NEAR,2026-04-12 02:00:00+00:00,2026-04-13 01:00:00+00:00,-1,1.346,1.3863800000000002,-300.0000000000003,-311.5000000000003,SL,2026-04-12
ONDO,2025-07-15 15:00:00+00:00,2025-07-15 16:00:00+00:00,-1,0.8997,0.926691,-300.0000000000003,-311.5000000000003,SL,2025-07-15
ONDO,2025-08-01 14:00:00+00:00,2025-08-01 14:00:00+00:00,-1,0.8963,0.923189,-300.0000000000003,-311.5000000000003,SL,2025-08-01
ONDO,2025-08-14 13:00:00+00:00,2025-08-15 13:00:00+00:00,-1,1.0051,0.9987,63.675256193413965,52.175256193413965,TIME,2025-08-14
ONDO,2025-08-24 20:00:00+00:00,2025-08-25 00:00:00+00:00,-1,0.9929,0.963113,300.0000000000003,288.5000000000003,TP,2025-08-24
ONDO,2025-09-05 15:00:00+00:00,2025-09-06 15:00:00+00:00,-1,0.909,0.8992,107.81078107810815,96.31078107810815,TIME,2025-09-05
ONDO,2025-09-25 18:00:00+00:00,2025-09-25 19:00:00+00:00,-1,0.8618,0.887654,-300.0000000000003,-311.5000000000003,SL,2025-09-25
ONDO,2025-10-10 21:00:00+00:00,2025-10-10 21:00:00+00:00,-1,0.7677,0.744669,300.0000000000003,288.5000000000003,TP,2025-10-10
ONDO,2025-10-30 05:00:00+00:00,2025-10-30 07:00:00+00:00,-1,0.7124,0.7337720000000001,-300.0000000000003,-311.5000000000003,SL,2025-10-30
ONDO,2025-11-03 16:00:00+00:00,2025-11-03 17:00:00+00:00,-1,0.6095,0.627785,-300.0000000000003,-311.5000000000003,SL,2025-11-03
ONDO,2025-11-04 06:00:00+00:00,2025-11-04 06:00:00+00:00,-1,0.5948,0.612644,-300.0000000000003,-311.5000000000003,SL,2025-11-04
ONDO,2025-11-12 16:00:00+00:00,2025-11-13 16:00:00+00:00,-1,0.6442,0.6269,268.55013970816464,257.05013970816464,TIME,2025-11-12
ONDO,2025-12-01 01:00:00+00:00,2025-12-01 12:00:00+00:00,-1,0.4704,0.45628799999999997,300.0000000000003,288.5000000000003,TP,2025-12-01
ONDO,2025-12-12 16:00:00+00:00,2025-12-13 16:00:00+00:00,-1,0.4558,0.4629,-155.77007459411928,-167.27007459411928,TIME,2025-12-12
ONDO,2025-12-17 16:00:00+00:00,2025-12-17 17:00:00+00:00,-1,0.4024,0.39032799999999995,300.0000000000003,288.5000000000003,TP,2025-12-17
ONDO,2025-12-26 15:00:00+00:00,2025-12-27 15:00:00+00:00,-1,0.3746,0.3795,-130.8061932728255,-142.3061932728255,TIME,2025-12-26
ONDO,2025-12-29 10:00:00+00:00,2025-12-30 03:00:00+00:00,-1,0.3852,0.373644,300.0000000000003,288.5000000000003,TP,2025-12-29
ONDO,2026-01-06 18:00:00+00:00,2026-01-06 20:00:00+00:00,-1,0.4336,0.446608,-300.0000000000003,-311.5000000000003,SL,2026-01-06
ONDO,2026-01-19 00:00:00+00:00,2026-01-19 00:00:00+00:00,-1,0.3542,0.343574,300.0000000000003,288.5000000000003,TP,2026-01-19
ONDO,2026-01-21 17:00:00+00:00,2026-01-21 19:00:00+00:00,-1,0.328,0.33784000000000003,-300.0000000000003,-311.5000000000003,SL,2026-01-21
ONDO,2026-01-29 16:00:00+00:00,2026-01-29 19:00:00+00:00,-1,0.317,0.30749,300.0000000000003,288.5000000000003,TP,2026-01-29
ONDO,2026-01-30 02:00:00+00:00,2026-01-30 02:00:00+00:00,-1,0.3108,0.301476,300.0000000000003,288.5000000000003,TP,2026-01-30
ONDO,2026-02-05 18:00:00+00:00,2026-02-05 20:00:00+00:00,-1,0.2377,0.230569,300.0000000000003,288.5000000000003,TP,2026-02-05
ONDO,2026-02-23 02:00:00+00:00,2026-02-23 09:00:00+00:00,-1,0.2474,0.254822,-300.0000000000003,-311.5000000000003,SL,2026-02-23
ONDO,2026-02-28 07:00:00+00:00,2026-02-28 07:00:00+00:00,-1,0.2414,0.248642,-300.0000000000003,-311.5000000000003,SL,2026-02-28
ONDO,2026-03-22 00:00:00+00:00,2026-03-22 21:00:00+00:00,-1,0.2521,0.24453699999999998,300.0000000000003,288.5000000000003,TP,2026-03-22
ONDO,2026-04-02 02:00:00+00:00,2026-04-02 13:00:00+00:00,-1,0.2633,0.255401,299.99999999999915,288.49999999999915,TP,2026-04-02
ONDO,2026-04-12 02:00:00+00:00,2026-04-13 02:00:00+00:00,-1,0.248,0.2443,149.19354838709765,137.69354838709765,TIME,2026-04-12
SOL,2025-07-15 15:00:00+00:00,2025-07-15 17:00:00+00:00,-1,157.63,162.3589,-300.0000000000003,-311.5000000000003,SL,2025-07-15
SOL,2025-08-01 14:00:00+00:00,2025-08-01 22:00:00+00:00,-1,165.58,160.61260000000001,300.0000000000003,288.5000000000003,TP,2025-08-01
SOL,2025-08-14 13:00:00+00:00,2025-08-14 13:00:00+00:00,-1,194.5,188.665,300.0000000000003,288.5000000000003,TP,2025-08-14
SOL,2025-08-24 20:00:00+00:00,2025-08-25 02:00:00+00:00,-1,205.19,211.3457,-300.0000000000003,-311.5000000000003,SL,2025-08-24
SOL,2025-09-05 15:00:00+00:00,2025-09-06 15:00:00+00:00,-1,202.01,201.11,44.55224988861861,33.05224988861861,TIME,2025-09-05
SOL,2025-09-25 18:00:00+00:00,2025-09-25 19:00:00+00:00,-1,194.72,200.5616,-300.0000000000003,-311.5000000000003,SL,2025-09-25
SOL,2025-10-10 21:00:00+00:00,2025-10-10 21:00:00+00:00,-1,196.46,190.5662,300.0000000000003,288.5000000000003,TP,2025-10-10
SOL,2025-10-30 05:00:00+00:00,2025-10-30 13:00:00+00:00,-1,191.76,186.00719999999998,300.0000000000003,288.5000000000003,TP,2025-10-30
SOL,2025-11-03 16:00:00+00:00,2025-11-04 05:00:00+00:00,-1,166.72,161.7184,300.0000000000003,288.5000000000003,TP,2025-11-03
SOL,2025-11-04 06:00:00+00:00,2025-11-04 13:00:00+00:00,-1,157.69,162.4207,-300.0000000000003,-311.5000000000003,SL,2025-11-04
SOL,2025-11-12 16:00:00+00:00,2025-11-13 03:00:00+00:00,-1,155.68,151.0096,300.0000000000003,288.5000000000003,TP,2025-11-12
SOL,2025-12-01 01:00:00+00:00,2025-12-01 15:00:00+00:00,-1,127.61,123.7817,300.0000000000003,288.5000000000003,TP,2025-12-01
SOL,2025-12-12 16:00:00+00:00,2025-12-13 16:00:00+00:00,-1,133.43,133.1,24.73206924979432,13.232069249794321,TIME,2025-12-12
SOL,2025-12-17 16:00:00+00:00,2025-12-17 17:00:00+00:00,-1,126.66,122.86019999999999,300.0000000000003,288.5000000000003,TP,2025-12-17
SOL,2025-12-26 15:00:00+00:00,2025-12-27 15:00:00+00:00,-1,122.15,123.25,-90.05321326238214,-101.55321326238214,TIME,2025-12-26
SOL,2025-12-29 10:00:00+00:00,2025-12-29 14:00:00+00:00,-1,126.04,122.25880000000001,300.0000000000003,288.5000000000003,TP,2025-12-29
SOL,2026-01-06 18:00:00+00:00,2026-01-06 21:00:00+00:00,-1,136.42,140.5126,-300.0000000000003,-311.5000000000003,SL,2026-01-06
SOL,2026-01-19 00:00:00+00:00,2026-01-19 00:00:00+00:00,-1,137.77,133.6369,300.00000000000136,288.50000000000136,TP,2026-01-19
SOL,2026-01-21 17:00:00+00:00,2026-01-21 19:00:00+00:00,-1,125.52,129.2856,-300.0000000000003,-311.5000000000003,SL,2026-01-21
SOL,2026-01-29 16:00:00+00:00,2026-01-30 01:00:00+00:00,-1,117.53,114.0041,300.0000000000003,288.5000000000003,TP,2026-01-29
SOL,2026-01-30 02:00:00+00:00,2026-01-30 19:00:00+00:00,-1,115.18,118.6354,-300.0000000000003,-311.5000000000003,SL,2026-01-30
SOL,2026-02-05 18:00:00+00:00,2026-02-05 20:00:00+00:00,-1,82.68,80.1996,300.0000000000003,288.5000000000003,TP,2026-02-05
SOL,2026-02-23 02:00:00+00:00,2026-02-23 09:00:00+00:00,-1,77.91,80.2473,-300.0000000000003,-311.5000000000003,SL,2026-02-23
SOL,2026-02-28 07:00:00+00:00,2026-02-28 13:00:00+00:00,-1,77.48,79.8044,-300.0000000000003,-311.5000000000003,SL,2026-02-28
SOL,2026-03-22 00:00:00+00:00,2026-03-23 00:00:00+00:00,-1,87.5,85.83,190.8571428571426,179.3571428571426,TIME,2026-03-22
SOL,2026-04-02 02:00:00+00:00,2026-04-02 13:00:00+00:00,-1,79.25,76.8725,300.0000000000003,288.5000000000003,TP,2026-04-02
SOL,2026-04-12 02:00:00+00:00,2026-04-13 02:00:00+00:00,-1,82.23,81.88,42.56354128663653,31.06354128663653,TIME,2026-04-12
SUI,2025-07-15 15:00:00+00:00,2025-07-15 16:00:00+00:00,-1,3.9117,4.029051,-300.0000000000003,-311.5000000000003,SL,2025-07-15
SUI,2025-08-01 14:00:00+00:00,2025-08-01 14:00:00+00:00,-1,3.4451,3.5484530000000003,-300.0000000000003,-311.5000000000003,SL,2025-08-01
SUI,2025-08-14 13:00:00+00:00,2025-08-14 21:00:00+00:00,-1,3.7702,3.657094,300.0000000000003,288.5000000000003,TP,2025-08-14
SUI,2025-08-24 20:00:00+00:00,2025-08-25 00:00:00+00:00,-1,3.7022,3.591134,300.0000000000003,288.5000000000003,TP,2025-08-24
SUI,2025-09-05 15:00:00+00:00,2025-09-06 15:00:00+00:00,-1,3.3504,3.3365,41.48758357211069,29.987583572110687,TIME,2025-09-05
SUI,2025-09-25 18:00:00+00:00,2025-09-25 18:00:00+00:00,-1,3.0862,3.178786,-300.0000000000003,-311.5000000000003,SL,2025-09-25
SUI,2025-10-10 21:00:00+00:00,2025-10-10 21:00:00+00:00,-1,3.0715,2.979355,300.0000000000003,288.5000000000003,TP,2025-10-10
SUI,2025-10-30 05:00:00+00:00,2025-10-30 07:00:00+00:00,-1,2.4319,2.5048570000000003,-300.0000000000003,-311.5000000000003,SL,2025-10-30
SUI,2025-11-03 16:00:00+00:00,2025-11-03 16:00:00+00:00,-1,2.0436,2.104908,-300.0000000000003,-311.5000000000003,SL,2025-11-03
SUI,2025-11-04 06:00:00+00:00,2025-11-04 06:00:00+00:00,-1,1.9823,2.041769,-300.0000000000003,-311.5000000000003,SL,2025-11-04
SUI,2025-11-12 16:00:00+00:00,2025-11-13 16:00:00+00:00,-1,1.9959,1.949,234.98171251064682,223.48171251064682,TIME,2025-11-12
SUI,2025-12-01 01:00:00+00:00,2025-12-01 12:00:00+00:00,-1,1.3853,1.3437409999999999,300.00000000000136,288.50000000000136,TP,2025-12-01
SUI,2025-12-12 16:00:00+00:00,2025-12-13 08:00:00+00:00,-1,1.564,1.6109200000000001,-300.0000000000003,-311.5000000000003,SL,2025-12-12
SUI,2025-12-17 16:00:00+00:00,2025-12-17 17:00:00+00:00,-1,1.4727,1.4285189999999999,300.0000000000003,288.5000000000003,TP,2025-12-17
SUI,2025-12-26 15:00:00+00:00,2025-12-27 14:00:00+00:00,-1,1.3813,1.422739,-300.0000000000003,-311.5000000000003,SL,2025-12-26
SUI,2025-12-29 10:00:00+00:00,2025-12-30 10:00:00+00:00,-1,1.46,1.4387,145.8904109589032,134.3904109589032,TIME,2025-12-29
SUI,2026-01-06 18:00:00+00:00,2026-01-06 20:00:00+00:00,-1,1.8163,1.870789,-300.0000000000003,-311.5000000000003,SL,2026-01-06
SUI,2026-01-19 00:00:00+00:00,2026-01-19 00:00:00+00:00,-1,1.694,1.6431799999999999,300.0000000000003,288.5000000000003,TP,2026-01-19
SUI,2026-01-21 17:00:00+00:00,2026-01-21 19:00:00+00:00,-1,1.4465,1.489895,-300.0000000000003,-311.5000000000003,SL,2026-01-21
SUI,2026-01-29 16:00:00+00:00,2026-01-29 17:00:00+00:00,-1,1.2955,1.334365,-300.0000000000003,-311.5000000000003,SL,2026-01-29
SUI,2026-01-30 02:00:00+00:00,2026-01-30 02:00:00+00:00,-1,1.3014,1.2623579999999999,300.0000000000003,288.5000000000003,TP,2026-01-30
SUI,2026-02-05 18:00:00+00:00,2026-02-05 20:00:00+00:00,-1,0.9397,0.9115089999999999,300.00000000000136,288.50000000000136,TP,2026-02-05
SUI,2026-02-23 02:00:00+00:00,2026-02-23 06:00:00+00:00,-1,0.8624,0.8882720000000001,-300.0000000000003,-311.5000000000003,SL,2026-02-23
SUI,2026-02-28 07:00:00+00:00,2026-02-28 14:00:00+00:00,-1,0.841,0.8662299999999999,-300.0000000000003,-311.5000000000003,SL,2026-02-28
SUI,2026-03-22 00:00:00+00:00,2026-03-22 21:00:00+00:00,-1,0.9323,0.904331,300.0000000000003,288.5000000000003,TP,2026-03-22
SUI,2026-04-02 02:00:00+00:00,2026-04-02 13:00:00+00:00,-1,0.8687,0.842639,300.0000000000003,288.5000000000003,TP,2026-04-02
SUI,2026-04-12 02:00:00+00:00,2026-04-13 02:00:00+00:00,-1,0.9105,0.9054,56.01317957166341,44.51317957166341,TIME,2026-04-12
TAO,2025-07-15 15:00:00+00:00,2025-07-15 16:00:00+00:00,-1,421.55,434.1965,-300.0000000000003,-311.5000000000003,SL,2025-07-15
TAO,2025-08-01 14:00:00+00:00,2025-08-01 14:00:00+00:00,-1,343.71,354.0213,-300.0000000000003,-311.5000000000003,SL,2025-08-01
TAO,2025-08-14 13:00:00+00:00,2025-08-15 03:00:00+00:00,-1,365.58,376.5474,-300.0000000000003,-311.5000000000003,SL,2025-08-14
TAO,2025-08-24 20:00:00+00:00,2025-08-25 00:00:00+00:00,-1,363.8,352.886,299.99999999999915,288.49999999999915,TP,2025-08-24
TAO,2025-09-05 15:00:00+00:00,2025-09-06 15:00:00+00:00,-1,316.78,314.7,65.6607109034657,54.1607109034657,TIME,2025-09-05
TAO,2025-09-25 18:00:00+00:00,2025-09-25 19:00:00+00:00,-1,291.51,300.2553,-300.0000000000003,-311.5000000000003,SL,2025-09-25
TAO,2025-10-10 21:00:00+00:00,2025-10-10 21:00:00+00:00,-1,343.53,333.22409999999996,300.0000000000003,288.5000000000003,TP,2025-10-10
TAO,2025-10-30 05:00:00+00:00,2025-10-30 07:00:00+00:00,-1,439.43,452.6129,-300.0000000000003,-311.5000000000003,SL,2025-10-30
TAO,2025-11-03 16:00:00+00:00,2025-11-03 16:00:00+00:00,-1,466.06,480.0418,-300.0000000000003,-311.5000000000003,SL,2025-11-03
TAO,2025-11-04 06:00:00+00:00,2025-11-04 13:00:00+00:00,-1,427.04,414.22880000000004,299.99999999999915,288.49999999999915,TP,2025-11-04
TAO,2025-11-12 16:00:00+00:00,2025-11-12 19:00:00+00:00,-1,358.09,347.34729999999996,300.0000000000003,288.5000000000003,TP,2025-11-12
TAO,2025-12-01 01:00:00+00:00,2025-12-01 12:00:00+00:00,-1,270.32,262.2104,300.0000000000003,288.5000000000003,TP,2025-12-01
TAO,2025-12-12 16:00:00+00:00,2025-12-13 11:00:00+00:00,-1,288.63,297.2889,-300.0000000000003,-311.5000000000003,SL,2025-12-12
TAO,2025-12-17 16:00:00+00:00,2025-12-17 16:00:00+00:00,-1,243.73,236.41809999999998,300.0000000000003,288.5000000000003,TP,2025-12-17
TAO,2025-12-26 15:00:00+00:00,2025-12-27 15:00:00+00:00,-1,218.82,220.52,-77.68942509825516,-89.18942509825516,TIME,2025-12-26
TAO,2025-12-29 10:00:00+00:00,2025-12-30 10:00:00+00:00,-1,223.13,219.85,146.99950701384856,135.49950701384856,TIME,2025-12-29
TAO,2026-01-06 18:00:00+00:00,2026-01-06 20:00:00+00:00,-1,277.32,285.6396,-300.0000000000003,-311.5000000000003,SL,2026-01-06
TAO,2026-01-19 00:00:00+00:00,2026-01-19 00:00:00+00:00,-1,261.85,253.99450000000002,300.0000000000003,288.5000000000003,TP,2026-01-19
TAO,2026-01-21 17:00:00+00:00,2026-01-21 19:00:00+00:00,-1,230.04,236.9412,-300.0000000000003,-311.5000000000003,SL,2026-01-21
TAO,2026-01-29 16:00:00+00:00,2026-01-30 01:00:00+00:00,-1,219.22,212.64339999999999,300.0000000000003,288.5000000000003,TP,2026-01-29
TAO,2026-01-30 02:00:00+00:00,2026-01-30 09:00:00+00:00,-1,217.88,211.34359999999998,300.0000000000003,288.5000000000003,TP,2026-01-30
TAO,2026-02-05 18:00:00+00:00,2026-02-05 20:00:00+00:00,-1,166.93,161.9221,300.0000000000003,288.5000000000003,TP,2026-02-05
TAO,2026-02-23 02:00:00+00:00,2026-02-23 09:00:00+00:00,-1,166.75,171.7525,-300.0000000000003,-311.5000000000003,SL,2026-02-23
TAO,2026-02-28 07:00:00+00:00,2026-02-28 13:00:00+00:00,-1,168.69,173.7507,-300.0000000000003,-311.5000000000003,SL,2026-02-28
TAO,2026-03-22 00:00:00+00:00,2026-03-22 01:00:00+00:00,-1,267.99,276.0297,-300.0000000000003,-311.5000000000003,SL,2026-03-22
TAO,2026-04-02 02:00:00+00:00,2026-04-02 10:00:00+00:00,-1,309.31,300.03069999999997,300.00000000000136,288.50000000000136,TP,2026-04-02
TAO,2026-04-12 02:00:00+00:00,2026-04-13 02:00:00+00:00,-1,264.18,259.72,168.82428647134407,157.32428647134407,TIME,2026-04-12
UNI,2025-07-15 15:00:00+00:00,2025-07-15 17:00:00+00:00,-1,8.978,9.24734,-300.0000000000003,-311.5000000000003,SL,2025-07-15
UNI,2025-08-01 14:00:00+00:00,2025-08-02 14:00:00+00:00,-1,8.973,8.963,11.144544745348428,-0.3554552546515719,TIME,2025-08-01
UNI,2025-08-14 13:00:00+00:00,2025-08-15 13:00:00+00:00,-1,10.95,10.853,88.58447488584443,77.08447488584443,TIME,2025-08-14
UNI,2025-08-24 20:00:00+00:00,2025-08-25 00:00:00+00:00,-1,11.07,10.7379,300.0000000000003,288.5000000000003,TP,2025-08-24
UNI,2025-09-05 15:00:00+00:00,2025-09-06 15:00:00+00:00,-1,9.345,9.268,82.3970037453181,70.8970037453181,TIME,2025-09-05
UNI,2025-09-25 18:00:00+00:00,2025-09-25 18:00:00+00:00,-1,7.328,7.547840000000001,-300.0000000000003,-311.5000000000003,SL,2025-09-25
UNI,2025-10-10 21:00:00+00:00,2025-10-10 21:00:00+00:00,-1,6.975,6.76575,300.0000000000003,288.5000000000003,TP,2025-10-10
UNI,2025-10-30 05:00:00+00:00,2025-10-30 15:00:00+00:00,-1,5.989,5.80933,299.99999999999915,288.49999999999915,TP,2025-10-30
UNI,2025-11-03 16:00:00+00:00,2025-11-03 17:00:00+00:00,-1,5.132,5.28596,-300.0000000000003,-311.5000000000003,SL,2025-11-03
UNI,2025-11-04 06:00:00+00:00,2025-11-04 06:00:00+00:00,-1,5.047,5.19841,-300.0000000000003,-311.5000000000003,SL,2025-11-04
UNI,2025-11-12 16:00:00+00:00,2025-11-12 17:00:00+00:00,-1,7.808,7.57376,300.0000000000003,288.5000000000003,TP,2025-11-12
UNI,2025-12-01 01:00:00+00:00,2025-12-01 04:00:00+00:00,-1,5.642,5.47274,300.0000000000003,288.5000000000003,TP,2025-12-01
UNI,2025-12-12 16:00:00+00:00,2025-12-13 00:00:00+00:00,-1,5.276,5.43428,-300.0000000000003,-311.5000000000003,SL,2025-12-12
UNI,2025-12-17 16:00:00+00:00,2025-12-17 18:00:00+00:00,-1,5.076,4.923719999999999,300.0000000000003,288.5000000000003,TP,2025-12-17
UNI,2025-12-26 15:00:00+00:00,2025-12-27 03:00:00+00:00,-1,5.776,5.94928,-300.0000000000003,-311.5000000000003,SL,2025-12-26
UNI,2025-12-29 10:00:00+00:00,2025-12-30 06:00:00+00:00,-1,6.091,5.90827,300.0000000000003,288.5000000000003,TP,2025-12-29
UNI,2026-01-06 18:00:00+00:00,2026-01-06 21:00:00+00:00,-1,5.858,6.03374,-300.0000000000003,-311.5000000000003,SL,2026-01-06
UNI,2026-01-19 00:00:00+00:00,2026-01-19 00:00:00+00:00,-1,5.089,4.93633,300.00000000000136,288.50000000000136,TP,2026-01-19
UNI,2026-01-21 17:00:00+00:00,2026-01-21 19:00:00+00:00,-1,4.803,4.94709,-300.0000000000003,-311.5000000000003,SL,2026-01-21
UNI,2026-01-29 16:00:00+00:00,2026-01-29 19:00:00+00:00,-1,4.446,4.31262,299.99999999999915,288.49999999999915,TP,2026-01-29
UNI,2026-01-30 02:00:00+00:00,2026-01-30 06:00:00+00:00,-1,4.321,4.19137,299.99999999999915,288.49999999999915,TP,2026-01-30
UNI,2026-02-05 18:00:00+00:00,2026-02-05 20:00:00+00:00,-1,3.326,3.22622,300.0000000000003,288.5000000000003,TP,2026-02-05
UNI,2026-02-23 02:00:00+00:00,2026-02-23 09:00:00+00:00,-1,3.293,3.3917900000000003,-300.0000000000003,-311.5000000000003,SL,2026-02-23
UNI,2026-02-28 07:00:00+00:00,2026-02-28 07:00:00+00:00,-1,3.56,3.6668000000000003,-300.0000000000003,-311.5000000000003,SL,2026-02-28
UNI,2026-03-22 00:00:00+00:00,2026-03-23 00:00:00+00:00,-1,3.474,3.472,5.757052389177009,-5.742947610822991,TIME,2026-03-22
UNI,2026-04-02 02:00:00+00:00,2026-04-02 04:00:00+00:00,-1,3.497,3.3920899999999996,300.0000000000003,288.5000000000003,TP,2026-04-02
UNI,2026-04-12 02:00:00+00:00,2026-04-13 02:00:00+00:00,-1,3.062,3.037,81.64598301763526,70.14598301763526,TIME,2026-04-12
XLM,2025-07-15 15:00:00+00:00,2025-07-15 17:00:00+00:00,-1,0.44244,0.4557132,-300.0000000000003,-311.5000000000003,SL,2025-07-15
XLM,2025-08-01 14:00:00+00:00,2025-08-01 14:00:00+00:00,-1,0.38652,0.39811559999999996,-300.0000000000003,-311.5000000000003,SL,2025-08-01
XLM,2025-08-14 13:00:00+00:00,2025-08-15 13:00:00+00:00,-1,0.42286,0.42412,-29.7970959655669,-41.297095965566896,TIME,2025-08-14
XLM,2025-08-24 20:00:00+00:00,2025-08-25 06:00:00+00:00,-1,0.41203,0.3996691,300.0000000000003,288.5000000000003,TP,2025-08-24
XLM,2025-09-05 15:00:00+00:00,2025-09-06 15:00:00+00:00,-1,0.35866,0.35619,68.8674510678633,57.3674510678633,TIME,2025-09-05
XLM,2025-09-25 18:00:00+00:00,2025-09-26 17:00:00+00:00,-1,0.34809,0.35853270000000004,-300.0000000000003,-311.5000000000003,SL,2025-09-25
XLM,2025-10-10 21:00:00+00:00,2025-10-10 21:00:00+00:00,-1,0.33834,0.3281898,300.0000000000003,288.5000000000003,TP,2025-10-10
XLM,2025-10-30 05:00:00+00:00,2025-10-30 13:00:00+00:00,-1,0.30996,0.3006612,300.0000000000003,288.5000000000003,TP,2025-10-30
XLM,2025-11-03 16:00:00+00:00,2025-11-04 05:00:00+00:00,-1,0.27984,0.2714448,300.0000000000003,288.5000000000003,TP,2025-11-03
XLM,2025-11-04 06:00:00+00:00,2025-11-04 11:00:00+00:00,-1,0.27027,0.2783781,-300.0000000000003,-311.5000000000003,SL,2025-11-04
XLM,2025-11-12 16:00:00+00:00,2025-11-12 17:00:00+00:00,-1,0.28404,0.2755188,300.0000000000003,288.5000000000003,TP,2025-11-12
XLM,2025-12-01 01:00:00+00:00,2025-12-01 12:00:00+00:00,-1,0.23565,0.2285805,300.0000000000003,288.5000000000003,TP,2025-12-01
XLM,2025-12-12 16:00:00+00:00,2025-12-13 16:00:00+00:00,-1,0.23618,0.23939,-135.91328647641677,-147.41328647641677,TIME,2025-12-12
XLM,2025-12-17 16:00:00+00:00,2025-12-17 18:00:00+00:00,-1,0.21601,0.2095297,300.0000000000003,288.5000000000003,TP,2025-12-17
XLM,2025-12-26 15:00:00+00:00,2025-12-27 15:00:00+00:00,-1,0.21179,0.2159,-194.06015392605892,-205.56015392605892,TIME,2025-12-26
XLM,2025-12-29 10:00:00+00:00,2025-12-30 02:00:00+00:00,-1,0.22072,0.2140984,300.0000000000003,288.5000000000003,TP,2025-12-29
XLM,2026-01-06 18:00:00+00:00,2026-01-06 21:00:00+00:00,-1,0.23418,0.24120540000000001,-300.0000000000003,-311.5000000000003,SL,2026-01-06
XLM,2026-01-19 00:00:00+00:00,2026-01-19 00:00:00+00:00,-1,0.21752,0.2109944,299.99999999999915,288.49999999999915,TP,2026-01-19
XLM,2026-01-21 17:00:00+00:00,2026-01-21 19:00:00+00:00,-1,0.20638,0.21257140000000002,-300.0000000000003,-311.5000000000003,SL,2026-01-21
XLM,2026-01-29 16:00:00+00:00,2026-01-30 02:00:00+00:00,-1,0.19697,0.1910609,300.0000000000003,288.5000000000003,TP,2026-01-29
XLM,2026-02-05 18:00:00+00:00,2026-02-05 20:00:00+00:00,-1,0.15195,0.1473915,299.99999999999915,288.49999999999915,TP,2026-02-05
XLM,2026-02-23 02:00:00+00:00,2026-02-23 09:00:00+00:00,-1,0.14983,0.1543249,-300.0000000000003,-311.5000000000003,SL,2026-02-23
XLM,2026-02-28 07:00:00+00:00,2026-02-28 18:00:00+00:00,-1,0.15006,0.1545618,-300.0000000000003,-311.5000000000003,SL,2026-02-28
XLM,2026-03-22 00:00:00+00:00,2026-03-22 16:00:00+00:00,-1,0.16169,0.1568393,300.00000000000136,288.50000000000136,TP,2026-03-22
XLM,2026-04-02 02:00:00+00:00,2026-04-02 11:00:00+00:00,-1,0.16664,0.1616408,300.0000000000003,288.5000000000003,TP,2026-04-02
XLM,2026-04-12 02:00:00+00:00,2026-04-13 02:00:00+00:00,-1,0.15127,0.1505,50.902360018509896,39.402360018509896,TIME,2026-04-12
XRP,2025-07-15 15:00:00+00:00,2025-07-15 18:00:00+00:00,-1,2.8548,2.9404440000000003,-300.0000000000003,-311.5000000000003,SL,2025-07-15
XRP,2025-08-01 14:00:00+00:00,2025-08-01 14:00:00+00:00,-1,2.956,3.04468,-300.0000000000003,-311.5000000000003,SL,2025-08-01
XRP,2025-08-14 13:00:00+00:00,2025-08-15 13:00:00+00:00,-1,3.0998,3.0825,55.81005226143687,44.31005226143687,TIME,2025-08-14
XRP,2025-08-24 20:00:00+00:00,2025-08-25 07:00:00+00:00,-1,3.0333,2.942301,300.0000000000003,288.5000000000003,TP,2025-08-24
XRP,2025-09-05 15:00:00+00:00,2025-09-06 15:00:00+00:00,-1,2.808,2.8003,27.421652421651956,15.921652421651956,TIME,2025-09-05
XRP,2025-09-25 18:00:00+00:00,2025-09-26 18:00:00+00:00,-1,2.7357,2.8014,-240.1579120517594,-251.6579120517594,TIME,2025-09-25
XRP,2025-10-10 21:00:00+00:00,2025-10-10 21:00:00+00:00,-1,2.4922,2.417434,299.99999999999915,288.49999999999915,TP,2025-10-10
XRP,2025-10-30 05:00:00+00:00,2025-10-30 07:00:00+00:00,-1,2.5072,2.5824160000000003,-300.0000000000003,-311.5000000000003,SL,2025-10-30
XRP,2025-11-03 16:00:00+00:00,2025-11-04 05:00:00+00:00,-1,2.3272,2.257384,299.99999999999915,288.49999999999915,TP,2025-11-03
XRP,2025-11-04 06:00:00+00:00,2025-11-04 15:00:00+00:00,-1,2.249,2.3164700000000003,-300.0000000000003,-311.5000000000003,SL,2025-11-04
XRP,2025-11-12 16:00:00+00:00,2025-11-13 03:00:00+00:00,-1,2.3671,2.4381130000000004,-300.0000000000003,-311.5000000000003,SL,2025-11-12
XRP,2025-12-01 01:00:00+00:00,2025-12-01 15:00:00+00:00,-1,2.0592,1.997424,300.0000000000003,288.5000000000003,TP,2025-12-01
XRP,2025-12-12 16:00:00+00:00,2025-12-13 05:00:00+00:00,-1,1.9767,2.036001,-300.0000000000025,-311.5000000000025,SL,2025-12-12
XRP,2025-12-17 16:00:00+00:00,2025-12-17 18:00:00+00:00,-1,1.9102,1.8528939999999998,300.0000000000003,288.5000000000003,TP,2025-12-17
XRP,2025-12-26 15:00:00+00:00,2025-12-27 15:00:00+00:00,-1,1.8436,1.8486,-27.120850509871897,-38.6208505098719,TIME,2025-12-26
XRP,2025-12-29 10:00:00+00:00,2025-12-30 10:00:00+00:00,-1,1.8748,1.8611,73.07446127586937,61.57446127586937,TIME,2025-12-29
XRP,2026-01-06 18:00:00+00:00,2026-01-06 21:00:00+00:00,-1,2.2085,2.274755,-300.0000000000003,-311.5000000000003,SL,2026-01-06
XRP,2026-01-19 00:00:00+00:00,2026-01-19 00:00:00+00:00,-1,1.9903,1.930591,300.0000000000003,288.5000000000003,TP,2026-01-19
XRP,2026-01-21 17:00:00+00:00,2026-01-21 19:00:00+00:00,-1,1.8795,1.935885,-300.0000000000003,-311.5000000000003,SL,2026-01-21
XRP,2026-01-29 16:00:00+00:00,2026-01-30 01:00:00+00:00,-1,1.7997,1.745709,300.0000000000003,288.5000000000003,TP,2026-01-29
XRP,2026-01-30 02:00:00+00:00,2026-01-31 02:00:00+00:00,-1,1.7556,1.7486,39.87240829346206,28.37240829346206,TIME,2026-01-30
XRP,2026-02-05 18:00:00+00:00,2026-02-05 19:00:00+00:00,-1,1.2495,1.212015,300.0000000000003,288.5000000000003,TP,2026-02-05
XRP,2026-02-23 02:00:00+00:00,2026-02-23 07:00:00+00:00,-1,1.332,1.37196,-300.0000000000003,-311.5000000000003,SL,2026-02-23
XRP,2026-02-28 07:00:00+00:00,2026-02-28 13:00:00+00:00,-1,1.2961,1.334983,-300.0000000000003,-311.5000000000003,SL,2026-02-28
XRP,2026-03-22 00:00:00+00:00,2026-03-23 00:00:00+00:00,-1,1.4081,1.3787,208.79198920531138,197.29198920531138,TIME,2026-03-22
XRP,2026-04-02 02:00:00+00:00,2026-04-02 13:00:00+00:00,-1,1.3273,1.2874809999999999,300.0000000000003,288.5000000000003,TP,2026-04-02
XRP,2026-04-12 02:00:00+00:00,2026-04-13 02:00:00+00:00,-1,1.3284,1.3243,30.864197530864335,19.364197530864335,TIME,2026-04-12
