sym,mech,t,side,gross,net,net_feeonly,bars,why,tp_pct,sl_pct,truncated,slice,seen_sym
1000PEPE,C1_pw_tp0.5,2026-06-15 12:00:00+00:00,1,0.028095541614948524,0.026239291614948524,0.026895541614948525,54,TP,2.8095541614948525,2.949449228875529,False,OVERLAP_0601_0705,True
1000PEPE,C1_pw_tp0.5,2026-06-23 08:00:00+00:00,-1,0.05012834616794998,0.047956471167949974,0.04892834616794998,357,TP,5.012834616794998,2.5113017144081944,False,OVERLAP_0601_0705,True
1000PEPE,C1_pw_tp0.5,2026-07-01 13:00:00+00:00,-1,-0.016009807047461144,-0.017824390380794475,-0.017209807047461143,14,SL,13.847822237960328,1.6009807047461144,False,OVERLAP_0601_0705,True
1000PEPE,C1_pw_tp0.5,2026-07-15 15:00:00+00:00,1,-0.015366046482484293,-0.01717854648248429,-0.016566046482484293,12,SL,5.374350086655109,1.5366046482484292,False,OOS_0706_0803,True
1000PEPE,C1_pw_tp0.5,2026-07-26 07:00:00+00:00,1,-0.03315459315681919,-0.035049384823485866,-0.03435459315681919,91,SL,3.1079007073268294,3.3154593156819194,False,OOS_0706_0803,True
1000PEPE,C1_pw_tp0.5,2026-07-27 07:00:00+00:00,1,-0.020916268812701685,-0.02272981047936835,-0.022116268812701685,13,SL,5.660930778255773,2.0916268812701686,False,OOS_0706_0803,True
1000PEPE,C2_pw_tp0.25,2026-06-15 12:00:00+00:00,1,0.0044533530141903765,0.0026387696808570435,0.003253353014190377,14,TP,0.44533530141903765,2.949449228875529,False,OVERLAP_0601_0705,True
1000PEPE,C2_pw_tp0.25,2026-06-23 08:00:00+00:00,-1,0.01725339200586705,0.015449225339200384,0.01605339200586705,4,TP,1.725339200586705,2.5113017144081944,False,OVERLAP_0601_0705,True
1000PEPE,C2_pw_tp0.25,2026-07-01 13:00:00+00:00,-1,-0.016009807047461144,-0.017824390380794475,-0.017209807047461143,14,SL,6.700380665722363,1.6009807047461144,False,OVERLAP_0601_0705,True
1000PEPE,C2_pw_tp0.25,2026-07-15 15:00:00+00:00,1,-0.015366046482484293,-0.01717854648248429,-0.016566046482484293,12,SL,2.5658578856152405,1.5366046482484292,False,OOS_0706_0803,True
1000PEPE,C2_pw_tp0.25,2026-07-26 07:00:00+00:00,1,0.00616408648071519,0.004362003147381857,0.00496408648071519,2,TP,0.616408648071519,3.3154593156819194,False,OOS_0706_0803,True
1000PEPE,C2_pw_tp0.25,2026-07-27 07:00:00+00:00,1,-0.020916268812701685,-0.02272981047936835,-0.022116268812701685,13,SL,2.4833789597184133,2.0916268812701686,False,OOS_0706_0803,True
1000PEPE,F_pw_failed_breakout,2026-06-16 03:00:00+00:00,-1,0.04621949547573339,0.04365907880906672,0.04501949547573339,730,TP,4.6219495475733385,7.8720039493269764,False,OVERLAP_0601_0705,True
1000PEPE,F_pw_failed_breakout,2026-07-01 14:00:00+00:00,1,0.13357092880881585,0.1311573871421492,0.13237092880881585,589,TP,13.357092880881586,3.259548010103193,False,OVERLAP_0601_0705,True
1000PEPE,F_pw_failed_breakout,2026-07-15 16:00:00+00:00,-1,0.050798588054380964,0.04880275472104763,0.049598588054380964,188,TP,5.079858805438096,2.1415135644207215,False,OOS_0706_0803,True
1000PEPE,F_pw_failed_breakout,2026-07-26 15:00:00+00:00,-1,-0.060280592011233015,-0.06227434201123302,-0.061480592011233015,186,SL,3.639846743295019,6.028059201123302,False,OOS_0706_0803,True
1000PEPE,F_pw_failed_breakout,2026-07-27 08:00:00+00:00,-1,0.05384156050955421,0.051857185509554204,0.05264156050955421,177,TP,5.384156050955421,3.581301692262398,False,OOS_0706_0803,True
1000SHIB,C1_pw_tp0.5,2026-06-15 15:00:00+00:00,1,-0.01434882162508528,-0.016224863291751945,-0.01554882162508528,73,SL,4.597813354158524,1.434882162508528,False,OVERLAP_0601_0705,False
1000SHIB,C1_pw_tp0.5,2026-06-23 08:00:00+00:00,-1,0.0434016303150474,0.04119121364838073,0.0422016303150474,394,TP,4.340163031504741,2.740275829305922,False,OVERLAP_0601_0705,False
1000SHIB,C1_pw_tp0.5,2026-07-13 19:00:00+00:00,-1,-0.011800170016834843,-0.01372621168350151,-0.013000170016834843,121,SL,4.309298373391614,1.1800170016834843,False,OOS_0706_0803,False
1000SHIB,C2_pw_tp0.25,2026-06-15 15:00:00+00:00,1,-0.01434882162508528,-0.016224863291751945,-0.01554882162508528,73,SL,1.9962905115189362,1.434882162508528,False,OVERLAP_0601_0705,False
1000SHIB,C2_pw_tp0.25,2026-06-23 08:00:00+00:00,-1,0.012227362855254461,0.010424237855254462,0.011027362855254462,3,TP,1.2227362855254462,2.740275829305922,False,OVERLAP_0601_0705,False
1000SHIB,C2_pw_tp0.25,2026-07-13 19:00:00+00:00,-1,-0.011800170016834843,-0.01372621168350151,-0.013000170016834843,121,SL,1.9482884195193118,1.1800170016834843,False,OOS_0706_0803,False
1000SHIB,F_pw_failed_breakout,2026-06-15 20:00:00+00:00,-1,0.04729462875197458,0.044675878751974575,0.04609462875197458,786,TP,4.7294628751974574,2.9727593803757015,False,OVERLAP_0601_0705,False
1000SHIB,F_pw_failed_breakout,2026-07-13 20:00:00+00:00,1,-0.010047512896607791,-0.011867304563274457,-0.011247512896607791,19,SL,4.677302393038436,1.004751289660779,False,OOS_0706_0803,False
AAVE,C1_pw_tp0.5,2026-06-15 04:00:00+00:00,1,0.05326560232220591,0.05140310232220591,0.05206560232220591,60,TP,5.326560232220591,1.7894158640226105,False,OVERLAP_0601_0705,True
AAVE,C1_pw_tp0.5,2026-06-24 23:00:00+00:00,1,0.04914611005692606,0.047296110056926056,0.04794611005692606,48,TP,4.914611005692606,4.017209715800086,False,OVERLAP_0601_0705,True
AAVE,C1_pw_tp0.5,2026-07-06 17:00:00+00:00,1,-0.030671979549944103,-0.032577187883277445,-0.031871979549944106,101,SL,4.930091819699493,3.0671979549944104,False,OOS_0706_0803,True
AAVE,C2_pw_tp0.25,2026-06-15 04:00:00+00:00,1,0.022496371552975285,0.020656788219641953,0.021296371552975285,38,TP,2.2496371552975285,1.7894158640226105,False,OVERLAP_0601_0705,True
AAVE,C2_pw_tp0.25,2026-06-24 23:00:00+00:00,1,0.01729917773561046,0.015493969402277128,0.01609917773561046,5,TP,1.729917773561046,4.017209715800086,False,OVERLAP_0601_0705,True
AAVE,C2_pw_tp0.25,2026-07-06 17:00:00+00:00,1,-0.030671979549944103,-0.032577187883277445,-0.031871979549944106,101,SL,1.8129173622704478,3.0671979549944104,False,OOS_0706_0803,True
AAVE,F_pw_failed_breakout,2026-06-25 14:00:00+00:00,-1,-0.09377457721745514,-0.09561520221745515,-0.09497457721745514,39,SL,7.566916148674349,9.377457721745513,False,OVERLAP_0601_0705,True
AAVE,F_pw_failed_breakout,2026-07-06 23:00:00+00:00,-1,0.060983363356999,0.058846905023665665,0.059783363356999,323,TP,6.0983363356999,4.0887974117681605,False,OOS_0706_0803,True
ADA,C1_pw_tp0.5,2026-06-15 13:00:00+00:00,1,-0.03262002577889252,-0.03451690077889252,-0.03382002577889252,93,SL,5.024051309460193,3.262002577889252,False,OVERLAP_0601_0705,True
ADA,C1_pw_tp0.5,2026-06-23 08:00:00+00:00,-1,0.0979948253557566,0.09552086702242325,0.09679482535575659,647,TP,9.79948253557566,2.146827104568947,False,OVERLAP_0601_0705,True
ADA,C1_pw_tp0.5,2026-07-03 03:00:00+00:00,1,0.04675402025014904,0.04477797858348237,0.04555402025014904,169,TP,4.675402025014904,4.108216294710027,False,OVERLAP_0601_0705,True
ADA,C1_pw_tp0.5,2026-07-13 03:00:00+00:00,-1,-0.01572884936886293,-0.01795697436886293,-0.01692884936886293,411,SL,8.63579474342929,1.572884936886293,False,OOS_0706_0803,True
ADA,C1_pw_tp0.5,2026-07-20 22:00:00+00:00,1,0.03862028301886776,0.03672757468553443,0.03742028301886776,89,TP,3.862028301886776,1.3742768889662262,False,OOS_0706_0803,True
ADA,C1_pw_tp0.5,2026-08-02 06:00:00+00:00,1,0.031874662344678645,0.02998507901134531,0.030674662344678645,86,TP,3.1874662344678644,3.5878605417660503,False,OOS_0706_0803,True
ADA,C1_pw_tp0.5,2026-07-27 16:00:00+00:00,-1,-0.028228622058628996,-0.030404663725295662,-0.029428622058628996,361,SL,4.5627376425855415,2.8228622058628994,False,OOS_0706_0803,True
ADA,C2_pw_tp0.25,2026-06-15 13:00:00+00:00,1,-0.03262002577889252,-0.03451690077889252,-0.03382002577889252,93,SL,1.603420630678783,3.262002577889252,False,OVERLAP_0601_0705,True
ADA,C2_pw_tp0.25,2026-06-23 08:00:00+00:00,-1,0.043822768434669965,0.04169568510133663,0.042622768434669965,314,TP,4.382276843466997,2.146827104568947,False,OVERLAP_0601_0705,True
ADA,C2_pw_tp0.25,2026-07-03 03:00:00+00:00,1,0.009380583680762482,0.0074743336807624825,0.008180583680762483,102,TP,0.9380583680762482,4.108216294710027,False,OVERLAP_0601_0705,True
ADA,C2_pw_tp0.25,2026-07-13 03:00:00+00:00,-1,-0.01572884936886293,-0.01795697436886293,-0.01692884936886293,411,SL,4.005006257822289,1.572884936886293,False,OOS_0706_0803,True
ADA,C2_pw_tp0.25,2026-07-20 22:00:00+00:00,1,0.01813089622641506,0.016297562893081728,0.01693089622641506,32,TP,1.813089622641506,1.3742768889662262,False,OOS_0706_0803,True
ADA,C2_pw_tp0.25,2026-08-02 06:00:00+00:00,1,0.004592112371691073,0.002792112371691073,0.003392112371691073,0,TP,0.4592112371691073,3.5878605417660503,False,OOS_0706_0803,True
ADA,C2_pw_tp0.25,2026-07-27 16:00:00+00:00,-1,0.01362484157160954,0.011741508238276207,0.01242484157160954,80,TP,1.362484157160954,2.8228622058628994,False,OOS_0706_0803,True
ADA,F_pw_failed_breakout,2026-06-15 21:00:00+00:00,-1,0.053185595567867026,0.051031428901200354,0.05198559556786703,340,TP,5.318559556786703,5.940390248270188,False,OVERLAP_0601_0705,True
ADA,F_pw_failed_breakout,2026-07-14 13:00:00+00:00,1,-0.016039481801357135,-0.018739481801357136,-0.017239481801357134,864,TIME,8.328192473781625,4.607061375634356,False,OOS_0706_0803,True
ADA,F_pw_failed_breakout,2026-07-20 23:00:00+00:00,-1,-0.022112878442157487,-0.023973295108824153,-0.023312878442157486,58,SL,4.0508574807806,2.211287844215749,False,OOS_0706_0803,True
ADA,F_pw_failed_breakout,2026-07-28 23:00:00+00:00,1,0.061528899937849726,0.05923514993784972,0.06032889993784973,474,TP,6.152889993784973,5.187836276711697,False,OOS_0706_0803,True
ALLO,C1_pw_tp0.5,2026-06-22 14:00:00+00:00,1,-0.03767316444281923,-0.0396554561094859,-0.03887316444281923,175,SL,11.808118081180817,3.767316444281923,False,OVERLAP_0601_0705,True
ALLO,C1_pw_tp0.5,2026-06-27 11:00:00+00:00,-1,0.15124153498871332,0.1484946599887133,0.1500415349887133,909,TP,15.124153498871332,7.835660133243548,False,OVERLAP_0601_0705,True
ALLO,C1_pw_tp0.5,2026-06-29 09:00:00+00:00,-1,-0.04840819521100975,-0.05116236187767642,-0.04960819521100975,916,SL,28.370786516853926,4.8408195211009755,False,OVERLAP_0601_0705,True
ALLO,C1_pw_tp0.5,2026-07-06 18:00:00+00:00,1,-0.08914501117805565,-0.091500219511389,-0.09034501117805566,533,SL,13.713386589203576,8.914501117805566,False,OOS_0706_0803,True
ALLO,C1_pw_tp0.5,2026-07-13 19:00:00+00:00,1,0.014511102454226857,0.012711102454226858,0.013311102454226858,0,TP,1.4511102454226856,13.838758927461337,False,OOS_0706_0803,True
ALLO,C1_pw_tp0.5,2026-07-25 17:00:00+00:00,-1,-0.15185439900706618,-0.15370544067373285,-0.1530543990070662,49,SL,19.52861952861952,15.185439900706617,False,OOS_0706_0803,True
ALLO,C1_pw_tp0.5,2026-07-29 20:00:00+00:00,-1,0.14953271028037382,0.14623271028037382,0.14833271028037381,1440,TIME,37.23815662262327,2.9866962286260836,False,OOS_0706_0803,True
ALLO,C2_pw_tp0.25,2026-06-22 14:00:00+00:00,1,0.05419741697416979,0.052368250307503125,0.05299741697416979,28,TP,5.419741697416979,3.767316444281923,False,OVERLAP_0601_0705,True
ALLO,C2_pw_tp0.25,2026-06-27 11:00:00+00:00,-1,0.06191551112544339,0.05955926112544339,0.06071551112544339,534,TP,6.191551112544339,7.835660133243548,False,OVERLAP_0601_0705,True
ALLO,C2_pw_tp0.25,2026-06-29 09:00:00+00:00,-1,0.129564606741573,0.127033356741573,0.128364606741573,702,TP,12.956460674157299,4.8408195211009755,False,OVERLAP_0601_0705,True
ALLO,C2_pw_tp0.25,2026-07-06 18:00:00+00:00,1,0.03794480755265054,0.0360989742193172,0.03674480755265054,44,TP,3.794480755265054,8.914501117805566,False,OOS_0706_0803,True
ALLO,C2_pw_tp0.25,2026-07-25 17:00:00+00:00,-1,-0.15185439900706618,-0.15370544067373285,-0.1530543990070662,49,SL,5.785123966942141,15.185439900706617,False,OOS_0706_0803,True
ALLO,C2_pw_tp0.25,2026-07-29 20:00:00+00:00,-1,0.18216242346116657,0.17921659012783323,0.18096242346116656,1100,TP,18.21624234611666,2.9866962286260836,False,OOS_0706_0803,True
ALLO,F_pw_failed_breakout,2026-06-22 20:00:00+00:00,-1,0.11353401279924152,0.11084442946590818,0.11233401279924152,854,TP,11.353401279924153,12.39015288115607,False,OVERLAP_0601_0705,True
ALLO,F_pw_failed_breakout,2026-07-08 13:00:00+00:00,-1,-0.15192052047646495,-0.15405489547646495,-0.15312052047646496,321,SL,20.640892579138573,15.192052047646495,False,OOS_0706_0803,True
ALLO,F_pw_failed_breakout,2026-07-14 02:00:00+00:00,-1,0.07069167643610788,0.06886771810277453,0.06949167643610787,23,TP,7.069167643610788,27.3580643842226,False,OOS_0706_0803,True
ALLO,F_pw_failed_breakout,2026-07-25 20:00:00+00:00,1,-0.09475100942126517,-0.09745100942126518,-0.09595100942126518,864,TIME,19.11170928667564,18.960001718952782,False,OOS_0706_0803,True
ALLO,F_pw_failed_breakout,2026-07-29 21:00:00+00:00,1,-0.02424059696754087,-0.026129138634207537,-0.02544059696754087,85,SL,37.563856960408714,2.424059696754087,False,OOS_0706_0803,True
ARB,C1_pw_tp0.5,2026-06-15 13:00:00+00:00,1,-0.01695668071856278,-0.01883584738522945,-0.01815668071856278,76,SL,6.235827664399098,1.695668071856278,False,OVERLAP_0601_0705,True
ARB,C1_pw_tp0.5,2026-06-23 08:00:00+00:00,-1,0.028373266078184137,0.026568057744850805,0.027173266078184138,5,TP,2.837326607818414,3.7841850827329457,False,OVERLAP_0601_0705,True
ARB,C1_pw_tp0.5,2026-07-09 06:00:00+00:00,1,0.035799522673030895,0.03394743933969756,0.034599522673030896,50,TP,3.5799522673030895,3.4490704104703696,False,OOS_0706_0803,True
ARB,C1_pw_tp0.5,2026-07-24 04:00:00+00:00,-1,-0.011546132733242719,-0.013384674399909384,-0.012746132733242719,37,SL,5.744431418522846,1.154613273324272,False,OOS_0706_0803,True
ARB,C1_pw_tp0.5,2026-07-27 13:00:00+00:00,-1,0.05828220858895711,0.05635929192229044,0.05708220858895711,118,TP,5.828220858895711,1.1562774623962349,False,OOS_0706_0803,True
ARB,C2_pw_tp0.25,2026-06-15 13:00:00+00:00,1,-0.01695668071856278,-0.01883584738522945,-0.01815668071856278,76,SL,2.7777777777777706,1.695668071856278,False,OVERLAP_0601_0705,True
ARB,C2_pw_tp0.25,2026-07-09 06:00:00+00:00,1,0.00835322195704048,0.006552180290373815,0.007153221957040481,1,TP,0.8353221957040481,3.4490704104703696,False,OOS_0706_0803,True
ARB,C2_pw_tp0.25,2026-07-24 04:00:00+00:00,-1,-0.011546132733242719,-0.013384674399909384,-0.012746132733242719,37,SL,2.754982415005851,1.154613273324272,False,OOS_0706_0803,True
ARB,C2_pw_tp0.25,2026-07-27 13:00:00+00:00,-1,0.027300613496932573,0.025468321830265907,0.026100613496932573,31,TP,2.730061349693257,1.1562774623962349,False,OOS_0706_0803,True
ARB,F_pw_failed_breakout,2026-06-15 20:00:00+00:00,-1,0.06643757159221092,0.06378861325887758,0.06523757159221091,815,TP,6.643757159221092,3.4492470376064026,False,OVERLAP_0601_0705,True
ARB,F_pw_failed_breakout,2026-07-24 07:00:00+00:00,1,-0.017289903791262315,-0.019161778791262313,-0.018489903791262315,69,SL,5.471478463329447,1.7289903791262315,False,OOS_0706_0803,True
AVAX,C1_pw_tp0.5,2026-06-15 13:00:00+00:00,1,-0.016318894817554348,-0.018237644817554348,-0.017518894817554347,114,SL,3.5244836053733892,1.6318894817554348,False,OVERLAP_0601_0705,True
AVAX,C1_pw_tp0.5,2026-06-19 04:00:00+00:00,-1,0.021647135416666814,0.019814843750000147,0.020447135416666814,31,TP,2.164713541666681,3.865093007761463,False,OVERLAP_0601_0705,True
AVAX,C1_pw_tp0.5,2026-06-29 18:00:00+00:00,1,-0.027392397522311727,-0.029370522522311728,-0.028592397522311727,171,SL,4.022818195288199,2.739239752231173,False,OVERLAP_0601_0705,True
AVAX,C1_pw_tp0.5,2026-07-26 00:00:00+00:00,1,-0.011173941939441493,-0.01310935860610816,-0.012373941939441493,130,SL,3.0774907749077345,1.1173941939441494,False,OOS_0706_0803,True
AVAX,C1_pw_tp0.5,2026-07-23 19:00:00+00:00,-1,-0.019684001820828335,-0.02201733515416167,-0.020884001820828335,512,SL,2.4804594034136223,1.9684001820828336,False,OOS_0706_0803,True
AVAX,C1_pw_tp0.5,2026-08-01 20:00:00+00:00,-1,-0.011417481027003887,-0.013239356027003886,-0.012617481027003887,21,SL,5.508336057535137,1.1417481027003886,False,OOS_0706_0803,True
AVAX,C2_pw_tp0.25,2026-06-15 13:00:00+00:00,1,0.014372381915354603,0.012536965248687937,0.013172381915354603,34,TP,1.4372381915354604,1.6318894817554348,False,OVERLAP_0601_0705,True
AVAX,C2_pw_tp0.25,2026-06-29 18:00:00+00:00,1,-0.027392397522311727,-0.029370522522311728,-0.028592397522311727,171,SL,1.3965031856571435,2.739239752231173,False,OVERLAP_0601_0705,True
AVAX,C2_pw_tp0.25,2026-07-26 00:00:00+00:00,1,-0.011173941939441493,-0.01310935860610816,-0.012373941939441493,130,SL,1.4723247232472225,1.1173941939441494,False,OOS_0706_0803,True
AVAX,C2_pw_tp0.25,2026-07-23 19:00:00+00:00,-1,0.007457329717658223,0.005563579717658224,0.0062573297176582235,90,TP,0.7457329717658223,1.9684001820828336,False,OOS_0706_0803,True
AVAX,C2_pw_tp0.25,2026-08-01 20:00:00+00:00,-1,-0.011417481027003887,-0.013239356027003886,-0.012617481027003887,21,SL,2.6315789473684283,1.1417481027003886,False,OOS_0706_0803,True
AVAX,F_pw_failed_breakout,2026-06-15 21:00:00+00:00,-1,0.042157290303823106,0.0396572903038231,0.040957290303823106,672,TP,4.2157290303823105,3.3332892251313218,False,OVERLAP_0601_0705,True
AVAX,F_pw_failed_breakout,2026-06-30 01:00:00+00:00,-1,-0.031339056533762906,-0.03389530653376291,-0.032539056533762906,726,SL,5.075951270867791,3.133905653376291,False,OVERLAP_0601_0705,True
AVAX,F_pw_failed_breakout,2026-07-26 04:00:00+00:00,-1,0.031716693774951836,0.029483360441618502,0.030516693774951836,416,TP,3.1716693774951836,1.1061827430815419,False,OOS_0706_0803,True
AVAX,F_pw_failed_breakout,2026-07-25 14:00:00+00:00,1,0.010570987654321021,0.008768904320987689,0.009370987654321022,2,TP,1.0570987654321022,5.735622481367156,False,OOS_0706_0803,True
AVAX,F_pw_failed_breakout,2026-08-01 21:00:00+00:00,1,0.05515782622844118,0.05325990956177451,0.05395782622844118,94,TP,5.515782622844118,1.333084198783014,False,OOS_0706_0803,True
BCH,C1_pw_tp0.5,2026-06-10 03:00:00+00:00,-1,-0.01724199181705829,-0.019527408483724955,-0.01844199181705829,466,SL,25.177922659632724,1.724199181705829,False,OVERLAP_0601_0705,True
BCH,C1_pw_tp0.5,2026-06-23 08:00:00+00:00,-1,-0.022560122979403675,-0.02457678964607034,-0.023760122979403674,208,SL,8.96985583224116,2.2560122979403676,False,OVERLAP_0601_0705,True
BCH,C1_pw_tp0.5,2026-07-01 04:00:00+00:00,1,-0.027383893154732074,-0.02922555982139874,-0.028583893154732073,40,SL,4.442999566536638,2.7383893154732073,False,OVERLAP_0601_0705,True
BCH,C1_pw_tp0.5,2026-07-15 19:00:00+00:00,-1,0.05194975710096724,0.04962267376763391,0.05074975710096724,506,TP,5.194975710096724,1.411966893621836,False,OOS_0706_0803,True
BCH,C1_pw_tp0.5,2026-07-20 02:00:00+00:00,-1,-0.015978436424065077,-0.017901353090731743,-0.017178436424065077,118,SL,6.5,1.5978436424065077,False,OOS_0706_0803,True
BCH,C1_pw_tp0.5,2026-07-29 21:00:00+00:00,-1,-0.02026434969921999,-0.022088308032553322,-0.021464349699219988,23,SL,3.594389246054937,2.026434969921999,False,OOS_0706_0803,True
BCH,C2_pw_tp0.25,2026-06-10 03:00:00+00:00,-1,-0.01724199181705829,-0.019527408483724955,-0.01844199181705829,466,SL,12.397352311750373,1.724199181705829,False,OVERLAP_0601_0705,True
BCH,C2_pw_tp0.25,2026-06-23 08:00:00+00:00,-1,-0.022560122979403675,-0.02457678964607034,-0.023760122979403674,208,SL,3.9580602883355236,2.2560122979403676,False,OVERLAP_0601_0705,True
BCH,C2_pw_tp0.25,2026-07-01 04:00:00+00:00,1,-0.027383893154732074,-0.02922555982139874,-0.028583893154732073,40,SL,1.5496315561335072,2.7383893154732073,False,OVERLAP_0601_0705,True
BCH,C2_pw_tp0.25,2026-07-15 19:00:00+00:00,-1,0.02420237209505887,0.022344038761725537,0.02300237209505887,56,TP,2.420237209505887,1.411966893621836,False,OOS_0706_0803,True
BCH,C2_pw_tp0.25,2026-07-20 02:00:00+00:00,-1,-0.015978436424065077,-0.017901353090731743,-0.017178436424065077,118,SL,2.8301886792452833,1.5978436424065077,False,OOS_0706_0803,True
BCH,C2_pw_tp0.25,2026-07-29 21:00:00+00:00,-1,-0.02026434969921999,-0.022088308032553322,-0.021464349699219988,23,SL,1.2663159945450977,2.026434969921999,False,OOS_0706_0803,True
BCH,F_pw_failed_breakout,2026-06-10 04:00:00+00:00,1,-0.016133007352183176,-0.017948632352183174,-0.017333007352183176,15,SL,25.333069189242735,1.6133007352183175,False,OVERLAP_0601_0705,True
BCH,F_pw_failed_breakout,2026-06-23 22:00:00+00:00,1,-0.04399387894636678,-0.04602929561303345,-0.045193878946366776,226,SL,9.464765447406485,4.399387894636678,False,OVERLAP_0601_0705,True
BCH,F_pw_failed_breakout,2026-07-01 07:00:00+00:00,-1,-0.04194766060682623,-0.04384141060682623,-0.04314766060682623,90,SL,4.974866942637492,4.194766060682623,False,OVERLAP_0601_0705,True
BCH,F_pw_failed_breakout,2026-07-20 03:00:00+00:00,1,-0.015073150697938202,-0.01689606736460487,-0.016273150697938204,22,SL,7.253425618481966,1.5073150697938202,False,OOS_0706_0803,True
BCH,F_pw_failed_breakout,2026-07-29 23:00:00+00:00,1,0.035739848260724384,0.033754431594057714,0.034539848260724385,178,TP,3.5739848260724383,3.04518617246539,False,OOS_0706_0803,True
BICO,C1_pw_tp0.5,2026-06-15 17:00:00+00:00,1,-0.016658940218238504,-0.018487065218238504,-0.017858940218238504,27,SL,6.2406390414378485,1.6658940218238505,False,OVERLAP_0601_0705,False
BICO,C2_pw_tp0.25,2026-06-15 17:00:00+00:00,1,-0.016658940218238504,-0.018487065218238504,-0.017858940218238504,27,SL,2.9955067398901813,1.6658940218238505,False,OVERLAP_0601_0705,False
BICO,F_pw_failed_breakout,2026-06-15 18:00:00+00:00,-1,-0.03267276842948301,-0.03505401842948301,-0.03387276842948301,558,SL,5.988928032209344,3.267276842948301,False,OVERLAP_0601_0705,False
BNB,C1_pw_tp0.5,2026-06-15 07:00:00+00:00,1,-0.0052190488017182885,-0.007050298801718288,-0.006419048801718288,30,SL,2.9454616094410078,0.5219048801718289,False,OVERLAP_0601_0705,True
BNB,C1_pw_tp0.5,2026-06-18 17:00:00+00:00,-1,-0.013770140427040925,-0.01603680709370759,-0.014970140427040925,448,SL,2.614000173055314,1.3770140427040924,False,OVERLAP_0601_0705,True
BNB,C1_pw_tp0.5,2026-06-24 15:00:00+00:00,-1,0.036859649122807,0.033559649122807,0.035659649122807,1440,TIME,5.248245614035081,0.8244499465583607,False,OVERLAP_0601_0705,True
BNB,C1_pw_tp0.5,2026-07-30 11:00:00+00:00,1,0.006949760969053636,0.0050872609690536365,0.005749760969053636,60,TP,0.6949760969053637,1.806586327342765,False,OOS_0706_0803,True
BNB,C2_pw_tp0.25,2026-06-15 07:00:00+00:00,1,-0.0052190488017182885,-0.007050298801718288,-0.006419048801718288,30,SL,1.464636653554144,0.5219048801718289,False,OVERLAP_0601_0705,True
BNB,C2_pw_tp0.25,2026-06-18 17:00:00+00:00,-1,0.010309768971186458,0.008366018971186459,0.009109768971186458,138,TP,1.0309768971186457,1.3770140427040924,False,OVERLAP_0601_0705,True
BNB,C2_pw_tp0.25,2026-06-24 15:00:00+00:00,-1,0.02526754385964898,0.023444627192982313,0.02406754385964898,22,TP,2.526754385964898,0.8244499465583607,False,OVERLAP_0601_0705,True
BNB,F_pw_failed_breakout,2026-06-15 08:00:00+00:00,-1,-0.008084711359391933,-0.0099263780260586,-0.009284711359391932,40,SL,2.695879468779429,0.8084711359391933,False,OVERLAP_0601_0705,True
BNB,F_pw_failed_breakout,2026-06-19 02:00:00+00:00,1,-0.017579860412628122,-0.01941111041262812,-0.01877986041262812,30,SL,2.951988319161738,1.757986041262812,False,OVERLAP_0601_0705,True
BNB,F_pw_failed_breakout,2026-06-25 07:00:00+00:00,1,-0.047011789928680346,-0.04889824826201368,-0.048211789928680346,83,SL,5.397339401365314,4.7011789928680345,False,OVERLAP_0601_0705,True
DEXE,C1_pw_tp0.5,2026-06-13 17:00:00+00:00,-1,-0.05939264905435001,-0.06123431572101668,-0.06059264905435001,40,SL,19.61499970565725,5.939264905435001,False,OVERLAP_0601_0705,False
DEXE,C1_pw_tp0.5,2026-06-17 19:00:00+00:00,-1,-0.06863690193086039,-0.07058898526419373,-0.0698369019308604,146,SL,24.937495776741674,6.863690193086039,False,OVERLAP_0601_0705,False
DEXE,C1_pw_tp0.5,2026-06-23 02:00:00+00:00,1,0.04345667870036089,0.04161292870036089,0.04225667870036089,42,TP,4.345667870036089,14.6865406955149,False,OVERLAP_0601_0705,False
DEXE,C1_pw_tp0.5,2026-07-06 09:00:00+00:00,1,0.06009903671321893,0.058290703379885594,0.05889903671321893,8,TP,6.009903671321893,3.5784112193359126,False,OOS_0706_0803,False
DEXE,C2_pw_tp0.25,2026-06-13 17:00:00+00:00,-1,-0.05939264905435001,-0.06123431572101668,-0.06059264905435001,40,SL,9.407193736386633,5.939264905435001,False,OVERLAP_0601_0705,False
DEXE,C2_pw_tp0.25,2026-06-17 19:00:00+00:00,-1,0.10907831610243937,0.10719394110243936,0.10787831610243936,81,TP,10.907831610243937,6.863690193086039,False,OVERLAP_0601_0705,False
DEXE,C2_pw_tp0.25,2026-07-06 09:00:00+00:00,1,0.02086154203257376,0.019054250365907095,0.01966154203257376,7,TP,2.086154203257376,3.5784112193359126,False,OOS_0706_0803,False
DEXE,F_pw_failed_breakout,2026-06-13 20:00:00+00:00,1,0.05874877245681933,0.05604877245681933,0.05754877245681933,864,TIME,18.947490035237717,4.666496386801365,False,OVERLAP_0601_0705,False
DEXE,F_pw_failed_breakout,2026-06-18 07:00:00+00:00,1,-0.038637721569408534,-0.041337721569408535,-0.039837721569408534,864,TIME,28.88202881232157,15.437365752046626,False,OVERLAP_0601_0705,False
DOGE,C1_pw_tp0.5,2026-06-23 06:00:00+00:00,-1,0.053398652786282946,0.05120698611961628,0.05219865278628295,376,TP,5.339865278628294,0.9408949416219818,False,OVERLAP_0601_0705,True
DOGE,C1_pw_tp0.5,2026-06-30 13:00:00+00:00,-1,-0.035489077768646356,-0.03735470276864636,-0.036689077768646355,63,SL,7.1982201808526,3.5489077768646355,False,OVERLAP_0601_0705,True
DOGE,C1_pw_tp0.5,2026-07-23 15:00:00+00:00,-1,0.021305401168590317,0.019503317835256984,0.020105401168590317,2,TP,2.1305401168590317,1.8265416151249758,False,OOS_0706_0803,True
DOGE,C2_pw_tp0.25,2026-06-23 06:00:00+00:00,-1,0.02571953459889779,0.02389140959889779,0.02451953459889779,27,TP,2.5719534598897793,0.9408949416219818,False,OVERLAP_0601_0705,True
DOGE,C2_pw_tp0.25,2026-06-30 13:00:00+00:00,-1,-0.035489077768646356,-0.03735470276864636,-0.036689077768646355,63,SL,2.3216592507535436,3.5489077768646355,False,OVERLAP_0601_0705,True
DOGE,C2_pw_tp0.25,2026-07-23 15:00:00+00:00,-1,0.005451047456177768,0.0036510474561777684,0.004251047456177768,0,TP,0.5451047456177768,1.8265416151249758,False,OOS_0706_0803,True
DOGE,F_pw_failed_breakout,2026-06-30 19:00:00+00:00,1,0.0636237897648685,0.0609237897648685,0.0624237897648685,864,TIME,8.222683264177048,4.413537973060102,False,OVERLAP_0601_0705,True
EIGEN,C1_pw_tp0.5,2026-06-15 04:00:00+00:00,1,0.08638996138996138,0.08445454472329471,0.08518996138996138,130,TP,8.638996138996138,2.85021888321002,False,OVERLAP_0601_0705,True
EIGEN,C1_pw_tp0.5,2026-06-22 03:00:00+00:00,1,-0.07624601702198953,-0.07832830868865621,-0.07744601702198954,271,SL,11.537190082644642,7.624601702198953,False,OVERLAP_0601_0705,True
EIGEN,C1_pw_tp0.5,2026-06-30 16:00:00+00:00,-1,-0.038227318681386874,-0.040640860348053545,-0.03942731868138687,589,SL,23.567961165048537,3.8227318681386873,False,OVERLAP_0601_0705,True
EIGEN,C1_pw_tp0.5,2026-07-09 00:00:00+00:00,1,-0.04558580304358024,-0.04760142804358024,-0.04678580304358024,207,SL,7.4809466506217515,4.558580304358024,False,OOS_0706_0803,True
EIGEN,C1_pw_tp0.5,2026-07-23 23:00:00+00:00,-1,0.051850159890361014,0.04980120155702768,0.050650159890361014,239,TP,5.185015989036101,2.9565799647053423,False,OOS_0706_0803,True
EIGEN,C1_pw_tp0.5,2026-07-28 00:00:00+00:00,-1,0.08969176351692783,0.08744697185026115,0.08849176351692782,427,TP,8.969176351692782,3.0359586076490372,False,OOS_0706_0803,True
EIGEN,C2_pw_tp0.25,2026-06-15 04:00:00+00:00,1,0.04005791505791507,0.038168331724581735,0.03885791505791507,86,TP,4.005791505791507,2.85021888321002,False,OVERLAP_0601_0705,True
EIGEN,C2_pw_tp0.25,2026-06-22 03:00:00+00:00,1,0.03752066115702488,0.03568003615702488,0.03632066115702488,39,TP,3.752066115702488,7.624601702198953,False,OVERLAP_0601_0705,True
EIGEN,C2_pw_tp0.25,2026-06-30 16:00:00+00:00,-1,-0.038227318681386874,-0.040640860348053545,-0.03942731868138687,589,SL,10.885922330097088,3.8227318681386873,False,OVERLAP_0601_0705,True
EIGEN,C2_pw_tp0.25,2026-07-09 00:00:00+00:00,1,0.025571600481347743,0.023718475481347742,0.024371600481347743,51,TP,2.5571600481347745,4.558580304358024,False,OOS_0706_0803,True
EIGEN,C2_pw_tp0.25,2026-07-23 23:00:00+00:00,-1,0.017930561900411326,0.01611806190041133,0.016730561900411327,12,TP,1.7930561900411326,2.9565799647053423,False,OOS_0706_0803,True
EIGEN,C2_pw_tp0.25,2026-07-28 00:00:00+00:00,-1,0.0377716018191006,0.03564868515243393,0.0365716018191006,310,TP,3.77716018191006,3.0359586076490372,False,OOS_0706_0803,True
EIGEN,F_pw_failed_breakout,2026-06-22 19:00:00+00:00,-1,0.15847750865051896,0.15631917531718564,0.15727750865051895,344,TP,15.847750865051896,10.339134579170647,False,OVERLAP_0601_0705,True
EIGEN,F_pw_failed_breakout,2026-07-09 16:00:00+00:00,-1,0.029558701082431287,0.026858701082431286,0.028358701082431288,864,TIME,8.888426311407164,8.268432808717,False,OOS_0706_0803,True
ENA,C1_pw_tp0.5,2026-06-09 04:00:00+00:00,-1,-0.029322924590279686,-0.031235424590279687,-0.030522924590279686,108,SL,22.345679012345684,2.932292459027969,False,OVERLAP_0601_0705,False
ENA,C1_pw_tp0.5,2026-06-17 17:00:00+00:00,1,-0.041128371239248285,-0.04323045457258162,-0.042328371239248284,290,SL,9.375,4.1128371239248285,False,OVERLAP_0601_0705,False
ENA,C1_pw_tp0.5,2026-06-24 17:00:00+00:00,-1,-0.05039512439806541,-0.052257624398065416,-0.05159512439806541,60,SL,6.102117061021155,5.039512439806542,False,OVERLAP_0601_0705,False
ENA,C1_pw_tp0.5,2026-06-30 10:00:00+00:00,-1,-0.04471455727316877,-0.0470228906065021,-0.04591455727316877,488,SL,13.66758241758242,4.471455727316877,False,OVERLAP_0601_0705,False
ENA,C1_pw_tp0.5,2026-07-14 21:00:00+00:00,1,-0.017306255979584146,-0.01921042264625081,-0.018506255979584146,100,SL,6.508875739644959,1.7306255979584146,False,OOS_0706_0803,False
ENA,C1_pw_tp0.5,2026-07-21 12:00:00+00:00,1,0.04180985108820161,0.03965151775486827,0.04060985108820161,344,TP,4.180985108820161,2.322687087109208,False,OOS_0706_0803,False
ENA,C1_pw_tp0.5,2026-07-29 21:00:00+00:00,-1,-0.029488637498430073,-0.03144801249843008,-0.030688637498430073,153,SL,7.956015523932734,2.9488637498430075,False,OOS_0706_0803,False
ENA,C2_pw_tp0.25,2026-06-09 04:00:00+00:00,-1,-0.029322924590279686,-0.031235424590279687,-0.030522924590279686,108,SL,10.925925925925938,2.932292459027969,False,OVERLAP_0601_0705,False
ENA,C2_pw_tp0.25,2026-06-17 17:00:00+00:00,1,0.03663793103448276,0.03475668103448276,0.03543793103448276,78,TP,3.6637931034482762,4.1128371239248285,False,OVERLAP_0601_0705,False
ENA,C2_pw_tp0.25,2026-06-24 17:00:00+00:00,-1,-0.05039512439806541,-0.052257624398065416,-0.05159512439806541,60,SL,1.3698630136986176,5.039512439806542,False,OVERLAP_0601_0705,False
ENA,C2_pw_tp0.25,2026-06-30 10:00:00+00:00,-1,-0.04471455727316877,-0.0470228906065021,-0.04591455727316877,488,SL,5.528846153846154,4.471455727316877,False,OVERLAP_0601_0705,False
ENA,C2_pw_tp0.25,2026-07-14 21:00:00+00:00,1,-0.017306255979584146,-0.01921042264625081,-0.018506255979584146,100,SL,3.0177514792899203,1.7306255979584146,False,OOS_0706_0803,False
ENA,C2_pw_tp0.25,2026-07-21 12:00:00+00:00,1,0.015177548682703398,0.013091090349370066,0.013977548682703398,275,TP,1.51775486827034,2.322687087109208,False,OOS_0706_0803,False
ENA,C2_pw_tp0.25,2026-07-29 21:00:00+00:00,-1,-0.029488637498430073,-0.03144801249843008,-0.030688637498430073,153,SL,3.2664941785252264,2.9488637498430075,False,OOS_0706_0803,False
ENA,F_pw_failed_breakout,2026-06-09 05:00:00+00:00,1,-0.0374943414222689,-0.0394318414222689,-0.0386943414222689,132,SL,22.127139364303186,3.74943414222689,False,OVERLAP_0601_0705,False
ENA,F_pw_failed_breakout,2026-06-17 22:00:00+00:00,-1,-0.07589830583259735,-0.07772330583259736,-0.07709830583259736,24,SL,10.876803551609326,7.589830583259735,False,OVERLAP_0601_0705,False
ENA,F_pw_failed_breakout,2026-06-24 21:00:00+00:00,1,-0.06185485170575209,-0.06386631003908542,-0.06305485170575209,203,SL,8.373205741626801,6.185485170575209,False,OVERLAP_0601_0705,False
ENA,F_pw_failed_breakout,2026-07-02 03:00:00+00:00,1,0.011718750000000156,0.009018750000000157,0.010518750000000156,864,TIME,12.69531250000001,9.64419226202266,False,OVERLAP_0601_0705,False
ENA,F_pw_failed_breakout,2026-07-15 01:00:00+00:00,-1,-0.018783379721717515,-0.020734421388384182,-0.019983379721717515,145,SL,6.682577565632468,1.8783379721717515,False,OOS_0706_0803,False
ENA,F_pw_failed_breakout,2026-07-21 15:00:00+00:00,-1,-0.02264928929938744,-0.024673247632720774,-0.02384928929938744,215,SL,5.168408826945408,2.264928929938744,False,OOS_0706_0803,False
ENA,F_pw_failed_breakout,2026-07-30 02:00:00+00:00,1,0.041878172588832634,0.03917817258883263,0.040678172588832634,864,TIME,8.69289340101524,2.9853395018006093,False,OOS_0706_0803,False
ETH,C1_pw_tp0.5,2026-06-15 12:00:00+00:00,1,0.018081306344616358,0.016266723011283027,0.01688130634461636,14,TP,1.808130634461636,2.584978256238914,False,OVERLAP_0601_0705,True
ETH,C1_pw_tp0.5,2026-06-23 10:00:00+00:00,-1,-0.021964705194761763,-0.024086580194761762,-0.023164705194761763,309,SL,4.1293019873970005,2.1964705194761764,False,OVERLAP_0601_0705,True
ETH,C1_pw_tp0.5,2026-07-04 17:00:00+00:00,1,-0.009428392928191807,-0.011331517928191807,-0.010628392928191807,99,SL,7.191821132105093,0.9428392928191807,False,OVERLAP_0601_0705,True
ETH,C1_pw_tp0.5,2026-07-11 16:00:00+00:00,1,-0.009008429555251692,-0.010900096221918358,-0.010208429555251692,88,SL,6.690949969416243,0.9008429555251692,False,OOS_0706_0803,True
ETH,C1_pw_tp0.5,2026-07-14 14:00:00+00:00,1,0.012014525462343925,0.010108275462343925,0.010814525462343925,102,TP,1.2014525462343926,2.89645958977947,False,OOS_0706_0803,True
ETH,C1_pw_tp0.5,2026-08-01 20:00:00+00:00,-1,-0.008727932500750461,-0.010591474167417127,-0.00992793250075046,61,SL,2.970658415140387,0.872793250075046,False,OOS_0706_0803,True
ETH,C2_pw_tp0.25,2026-06-23 10:00:00+00:00,-1,-0.021964705194761763,-0.024086580194761762,-0.023164705194761763,309,SL,1.4405598642753326,2.1964705194761764,False,OVERLAP_0601_0705,True
ETH,C2_pw_tp0.25,2026-07-04 17:00:00+00:00,1,-0.009428392928191807,-0.011331517928191807,-0.010628392928191807,99,SL,3.44317334693489,0.9428392928191807,False,OVERLAP_0601_0705,True
ETH,C2_pw_tp0.25,2026-07-11 16:00:00+00:00,1,-0.009008429555251692,-0.010900096221918358,-0.010208429555251692,88,SL,3.1437876441706147,0.9008429555251692,False,OOS_0706_0803,True
ETH,C2_pw_tp0.25,2026-08-01 20:00:00+00:00,-1,-0.008727932500750461,-0.010591474167417127,-0.00992793250075046,61,SL,1.2834900469596076,0.872793250075046,False,OOS_0706_0803,True
ETH,F_pw_failed_breakout,2026-06-24 02:00:00+00:00,1,-0.02022161165983252,-0.02217161165983252,-0.02142161165983252,144,SL,5.2142250708503255,2.0221611659832517,False,OVERLAP_0601_0705,True
ETH,F_pw_failed_breakout,2026-07-05 01:00:00+00:00,-1,-0.02288163837095991,-0.025232680037626576,-0.02408163837095991,529,SL,7.165875600354417,2.288163837095991,False,OVERLAP_0601_0705,True
ETH,F_pw_failed_breakout,2026-07-12 00:00:00+00:00,-1,-0.02645428348898918,-0.028556366822322515,-0.02765428348898918,290,SL,6.054365041610459,2.645428348898918,False,OOS_0706_0803,True
ETH,F_pw_failed_breakout,2026-08-01 22:00:00+00:00,1,0.00781571815718161,0.005391759823848278,0.006615718157181611,599,TIME,3.250406504065042,0.9167672280622858,True,OOS_0706_0803,True
GIGGLE,C1_pw_tp0.5,2026-06-19 11:00:00+00:00,-1,-0.014187162906496228,-0.016021537906496228,-0.015387162906496228,33,SL,8.493408662900185,1.418716290649623,False,OVERLAP_0601_0705,False
GIGGLE,C1_pw_tp0.5,2026-06-22 23:00:00+00:00,-1,-0.02163058343141189,-0.023720166764745223,-0.02283058343141189,278,SL,6.135922330097081,2.163058343141189,False,OVERLAP_0601_0705,False
GIGGLE,C1_pw_tp0.5,2026-07-05 20:00:00+00:00,1,0.037641801306290905,0.035819926306290904,0.036441801306290905,21,TP,3.7641801306290903,6.634817909936383,False,OVERLAP_0601_0705,False
GIGGLE,C1_pw_tp0.5,2026-07-25 07:00:00+00:00,-1,-0.012643939519771887,-0.01458977285310522,-0.013843939519771887,140,SL,5.296442687747035,1.2643939519771887,False,OOS_0706_0803,False
GIGGLE,C2_pw_tp0.25,2026-06-19 11:00:00+00:00,-1,-0.014187162906496228,-0.016021537906496228,-0.015387162906496228,33,SL,4.246704331450099,1.418716290649623,False,OVERLAP_0601_0705,False
GIGGLE,C2_pw_tp0.25,2026-06-22 23:00:00+00:00,-1,0.025242718446601888,0.02335105177993522,0.02404271844660189,88,TP,2.5242718446601886,2.163058343141189,False,OVERLAP_0601_0705,False
GIGGLE,C2_pw_tp0.25,2026-07-25 07:00:00+00:00,-1,-0.012643939519771887,-0.01458977285310522,-0.013843939519771887,140,SL,2.411067193675887,1.2643939519771887,False,OOS_0706_0803,False
GIGGLE,F_pw_failed_breakout,2026-06-19 13:00:00+00:00,1,-0.019587504455996205,-0.02208854612266287,-0.020787504455996204,673,SL,7.964767616191905,1.9587504455996205,False,OVERLAP_0601_0705,False
GIGGLE,F_pw_failed_breakout,2026-06-23 01:00:00+00:00,1,-0.028716897451876132,-0.030583564118542798,-0.02991689745187613,64,SL,6.81731137495213,2.8716897451876133,False,OVERLAP_0601_0705,False
GIGGLE,F_pw_failed_breakout,2026-07-25 17:00:00+00:00,1,0.05660377358490571,0.05462044025157237,0.05540377358490571,176,TP,5.660377358490571,2.0612947324090527,False,OOS_0706_0803,False
HYPE,C1_pw_tp0.5,2026-06-10 06:00:00+00:00,-1,-0.021392366429805958,-0.023274658096472625,-0.022592366429805957,79,SL,18.26692400656578,2.139236642980596,False,OVERLAP_0601_0705,True
HYPE,C1_pw_tp0.5,2026-06-15 10:00:00+00:00,1,0.08813485377301732,0.08607652043968397,0.08693485377301731,248,TP,8.813485377301731,2.3716634014993954,False,OVERLAP_0601_0705,True
HYPE,C1_pw_tp0.5,2026-06-23 16:00:00+00:00,-1,-0.029303906738780392,-0.03149557340544706,-0.030503906738780392,376,SL,9.699392028822343,2.930390673878039,False,OVERLAP_0601_0705,True
HYPE,C1_pw_tp0.5,2026-07-03 15:00:00+00:00,1,-0.02265906951202982,-0.02488719451202982,-0.023859069512029818,411,SL,6.678369389089456,2.265906951202982,False,OVERLAP_0601_0705,True
HYPE,C1_pw_tp0.5,2026-07-13 06:00:00+00:00,-1,0.03953840043990951,0.03755923377324284,0.03833840043990951,172,TP,3.9538400439909513,1.9947930125591096,False,OOS_0706_0803,True
HYPE,C1_pw_tp0.5,2026-07-23 21:00:00+00:00,-1,-0.00887044713606492,-0.010790238802731587,-0.01007044713606492,115,SL,9.610300429184546,0.887044713606492,False,OOS_0706_0803,True
HYPE,C1_pw_tp0.5,2026-07-28 00:00:00+00:00,-1,0.0534949689573967,0.05095017729073003,0.0522949689573967,715,TP,5.34949689573967,1.8548951698671605,False,OOS_0706_0803,True
HYPE,C2_pw_tp0.25,2026-06-10 06:00:00+00:00,-1,-0.021392366429805958,-0.023274658096472625,-0.022592366429805957,79,SL,9.104601453850188,2.139236642980596,False,OVERLAP_0601_0705,True
HYPE,C2_pw_tp0.25,2026-06-15 10:00:00+00:00,1,0.03873435431459876,0.03671664598126543,0.03753435431459876,209,TP,3.8734354314598765,2.3716634014993954,False,OVERLAP_0601_0705,True
HYPE,C2_pw_tp0.25,2026-06-23 16:00:00+00:00,-1,0.041186830507929456,0.039079538841262786,0.039986830507929456,295,TP,4.118683050792946,2.930390673878039,False,OVERLAP_0601_0705,True
HYPE,C2_pw_tp0.25,2026-07-03 15:00:00+00:00,1,-0.02265906951202982,-0.02488719451202982,-0.023859069512029818,411,SL,2.77844898655372,2.265906951202982,False,OVERLAP_0601_0705,True
HYPE,C2_pw_tp0.25,2026-07-13 06:00:00+00:00,-1,0.014041210973299795,0.012161002639966462,0.012841210973299795,77,TP,1.4041210973299796,1.9947930125591096,False,OOS_0706_0803,True
HYPE,C2_pw_tp0.25,2026-07-23 21:00:00+00:00,-1,-0.00887044713606492,-0.010790238802731587,-0.01007044713606492,115,SL,4.933905579399134,0.887044713606492,False,OOS_0706_0803,True
HYPE,C2_pw_tp0.25,2026-07-28 00:00:00+00:00,-1,0.022751195318632695,0.020876195318632697,0.021551195318632695,72,TP,2.2751195318632695,1.8548951698671605,False,OOS_0706_0803,True
HYPE,F_pw_failed_breakout,2026-06-10 08:00:00+00:00,1,-0.018363606487433567,-0.020294856487433566,-0.019563606487433566,126,SL,18.17134214411754,1.8363606487433566,False,OVERLAP_0601_0705,True
HYPE,F_pw_failed_breakout,2026-06-24 22:00:00+00:00,1,-0.07443535892188183,-0.07643431725521517,-0.07563535892188183,191,SL,10.578137830838246,7.443535892188183,False,OVERLAP_0601_0705,True
HYPE,F_pw_failed_breakout,2026-07-05 01:00:00+00:00,-1,-0.04467914039855557,-0.04677497373188891,-0.04587914039855557,284,SL,7.434560268115109,4.467914039855557,False,OVERLAP_0601_0705,True
HYPE,F_pw_failed_breakout,2026-07-15 03:00:00+00:00,1,-0.06431203571489497,-0.06659016071489497,-0.06551203571489497,459,SL,4.531792428728157,6.431203571489497,False,OOS_0706_0803,True
HYPE,F_pw_failed_breakout,2026-07-24 04:00:00+00:00,1,-0.022404158428622523,-0.02442707509528919,-0.023604158428622523,214,SL,9.205890945335188,2.2404158428622525,False,OOS_0706_0803,True
INJ,C1_pw_tp0.5,2026-06-16 12:00:00+00:00,1,-0.03979786486828191,-0.04161557320161524,-0.04099786486828191,17,SL,6.821576763485469,3.979786486828191,False,OVERLAP_0601_0705,True
INJ,C1_pw_tp0.5,2026-06-21 23:00:00+00:00,-1,-0.018064635878819138,-0.019893802545485804,-0.019264635878819138,28,SL,10.07815713698067,1.8064635878819137,False,OVERLAP_0601_0705,True
INJ,C1_pw_tp0.5,2026-06-23 06:00:00+00:00,-1,0.1251076658053401,0.12260870747200676,0.1239076658053401,671,TP,12.51076658053401,3.7974770103448,False,OVERLAP_0601_0705,True
INJ,C1_pw_tp0.5,2026-07-11 01:00:00+00:00,1,-0.02834058752671032,-0.03043746252671032,-0.02954058752671032,285,SL,3.749751342749161,2.8340587526710324,False,OOS_0706_0803,True
INJ,C1_pw_tp0.5,2026-07-15 14:00:00+00:00,1,-0.015644756393978217,-0.017477048060644883,-0.016844756393978217,31,SL,5.513565891472859,1.5644756393978216,False,OOS_0706_0803,True
INJ,C1_pw_tp0.5,2026-07-20 13:00:00+00:00,1,-0.023543891232883644,-0.025865766232883645,-0.024743891232883643,501,SL,4.548027929798085,2.3543891232883642,False,OOS_0706_0803,True
INJ,C1_pw_tp0.5,2026-07-27 17:00:00+00:00,-1,0.06252583712277823,0.06041854545611156,0.06132583712277823,295,TP,6.252583712277823,1.5312650075660335,False,OOS_0706_0803,True
INJ,C2_pw_tp0.25,2026-06-16 12:00:00+00:00,1,-0.03979786486828191,-0.04161557320161524,-0.04099786486828191,17,SL,2.539419087136922,3.979786486828191,False,OVERLAP_0601_0705,True
INJ,C2_pw_tp0.25,2026-06-21 23:00:00+00:00,-1,-0.018064635878819138,-0.019893802545485804,-0.019264635878819138,28,SL,4.771698889345952,1.8064635878819137,False,OVERLAP_0601_0705,True
INJ,C2_pw_tp0.25,2026-06-23 06:00:00+00:00,-1,0.05135658914728685,0.04919304748062018,0.05015658914728685,349,TP,5.135658914728685,3.7974770103448,False,OVERLAP_0601_0705,True
INJ,C2_pw_tp0.25,2026-07-11 01:00:00+00:00,1,0.010791724686691801,0.008926099686691802,0.009591724686691802,63,TP,1.0791724686691802,2.8340587526710324,False,OOS_0706_0803,True
INJ,C2_pw_tp0.25,2026-07-15 14:00:00+00:00,1,-0.015644756393978217,-0.017477048060644883,-0.016844756393978217,31,SL,2.562984496124013,1.5644756393978216,False,OOS_0706_0803,True
INJ,C2_pw_tp0.25,2026-07-20 13:00:00+00:00,1,0.016418192111719142,0.014558817111719143,0.015218192111719143,57,TP,1.6418192111719143,2.3543891232883642,False,OOS_0706_0803,True
INJ,C2_pw_tp0.25,2026-07-27 17:00:00+00:00,-1,0.030022736668044805,0.02812169500137814,0.028822736668044805,97,TP,3.0022736668044803,1.5312650075660335,False,OOS_0706_0803,True
INJ,F_pw_failed_breakout,2026-06-16 13:00:00+00:00,-1,0.08793248945147678,0.0858845727848101,0.08673248945147677,238,TP,8.793248945147678,3.0459118540133776,False,OVERLAP_0601_0705,True
INJ,F_pw_failed_breakout,2026-07-12 00:00:00+00:00,-1,0.049085365853658594,0.046778074186991925,0.047885365853658594,487,TP,4.90853658536586,5.07530915150848,False,OOS_0706_0803,True
INJ,F_pw_failed_breakout,2026-07-15 17:00:00+00:00,-1,0.05501270275552087,0.052817911088854204,0.05381270275552087,379,TP,5.501270275552087,2.4580540346969233,False,OOS_0706_0803,True
INJ,F_pw_failed_breakout,2026-07-22 07:00:00+00:00,-1,-0.01732101616628173,-0.02002101616628173,-0.01852101616628173,864,TIME,5.234795996920713,5.958073495133773,False,OOS_0706_0803,True
LINK,C1_pw_tp0.5,2026-06-15 07:00:00+00:00,1,0.04081259150805274,0.038903216508052736,0.03961259150805274,105,TP,4.081259150805274,1.010837458573811,False,OVERLAP_0601_0705,False
LINK,C1_pw_tp0.5,2026-06-23 08:00:00+00:00,-1,0.04067110588849715,0.03846173088849715,0.03947110588849715,393,TP,4.067110588849715,2.314230689317392,False,OVERLAP_0601_0705,False
LINK,C1_pw_tp0.5,2026-07-14 14:00:00+00:00,1,0.022836828151361642,0.020755578151361642,0.021636828151361642,270,TP,2.283682815136164,2.5305891049804274,False,OOS_0706_0803,False
LINK,C1_pw_tp0.5,2026-07-21 05:00:00+00:00,1,-0.017992078672254545,-0.020394162005587878,-0.019192078672254545,578,SL,3.8329125545099587,1.7992078672254546,False,OOS_0706_0803,False
LINK,C1_pw_tp0.5,2026-07-27 07:00:00+00:00,1,-0.007538598557530861,-0.009363598557530863,-0.008738598557530862,24,SL,3.2221594120972115,0.7538598557530861,False,OOS_0706_0803,False
LINK,C1_pw_tp0.5,2026-07-29 21:00:00+00:00,-1,-0.018440781995609633,-0.020279323662276298,-0.019640781995609632,37,SL,2.625473195750395,1.8440781995609632,False,OOS_0706_0803,False
LINK,C2_pw_tp0.25,2026-06-15 07:00:00+00:00,1,0.019369204489995278,0.017516079489995277,0.01816920448999528,51,TP,1.9369204489995278,1.010837458573811,False,OVERLAP_0601_0705,False
LINK,C2_pw_tp0.25,2026-06-23 08:00:00+00:00,-1,0.013546154850502649,0.01174302985050265,0.012346154850502649,3,TP,1.354615485050265,2.314230689317392,False,OVERLAP_0601_0705,False
LINK,C2_pw_tp0.25,2026-07-21 05:00:00+00:00,1,-0.017992078672254545,-0.020394162005587878,-0.019192078672254545,578,SL,1.4287353683727264,1.7992078672254546,False,OOS_0706_0803,False
LINK,C2_pw_tp0.25,2026-07-27 07:00:00+00:00,1,-0.007538598557530861,-0.009363598557530863,-0.008738598557530862,24,SL,1.5884680610514144,0.7538598557530861,False,OOS_0706_0803,False
LINK,C2_pw_tp0.25,2026-07-29 21:00:00+00:00,-1,-0.018440781995609633,-0.020279323662276298,-0.019640781995609632,37,SL,0.8609109781413984,1.8440781995609632,False,OOS_0706_0803,False
LINK,F_pw_failed_breakout,2026-06-16 03:00:00+00:00,-1,0.04203891812507635,0.03948058479174301,0.04083891812507635,728,TP,4.203891812507635,5.688124269116926,False,OVERLAP_0601_0705,False
LINK,F_pw_failed_breakout,2026-07-21 18:00:00+00:00,-1,0.031090487238978993,0.028390487238978992,0.029890487238978993,864,TIME,4.756380510440817,1.8959958751991062,False,OOS_0706_0803,False
LINK,F_pw_failed_breakout,2026-07-27 08:00:00+00:00,-1,0.029835507657402147,0.02795321599073548,0.028635507657402148,79,TP,2.983550765740215,1.417156533156848,False,OOS_0706_0803,False
LINK,F_pw_failed_breakout,2026-07-29 23:00:00+00:00,1,-0.020908084024649352,-0.023194542357982684,-0.022108084024649352,467,SL,3.0734000241050863,2.090808402464935,False,OOS_0706_0803,False
LIT,C1_pw_tp0.5,2026-06-15 19:00:00+00:00,1,-0.03164549776476313,-0.033450706098096465,-0.03284549776476313,5,SL,8.963911525029111,3.164549776476313,False,OVERLAP_0601_0705,False
LIT,C1_pw_tp0.5,2026-06-30 00:00:00+00:00,1,-0.029973982671278817,-0.03203439933794548,-0.031173982671278817,250,SL,8.673469387755087,2.9973982671278816,False,OVERLAP_0601_0705,False
LIT,C1_pw_tp0.5,2026-07-06 02:00:00+00:00,1,-0.031143433225718924,-0.03306843322571893,-0.03234343322571893,120,SL,15.506958250497021,3.1143433225718926,False,OOS_0706_0803,False
LIT,C1_pw_tp0.5,2026-07-17 03:00:00+00:00,-1,-0.03567178714777407,-0.03768116214777407,-0.03687178714777407,201,SL,11.05855855855857,3.567178714777407,False,OOS_0706_0803,False
LIT,C1_pw_tp0.5,2026-07-24 06:00:00+00:00,-1,-0.03415036148077977,-0.03679723648077977,-0.03535036148077977,813,SL,11.150737042320522,3.4150361480779767,False,OOS_0706_0803,False
LIT,C2_pw_tp0.25,2026-06-15 19:00:00+00:00,1,-0.03164549776476313,-0.033450706098096465,-0.03284549776476313,5,SL,4.10360884749709,3.164549776476313,False,OVERLAP_0601_0705,False
LIT,C2_pw_tp0.25,2026-06-30 00:00:00+00:00,1,0.03719119226638013,0.035257858933046796,0.03599119226638013,128,TP,3.7191192266380133,2.9973982671278816,False,OVERLAP_0601_0705,False
LIT,C2_pw_tp0.25,2026-07-06 02:00:00+00:00,1,0.07375745526838957,0.07193037193505623,0.07255745526838957,26,TP,7.375745526838958,3.1143433225718926,False,OOS_0706_0803,False
LIT,C2_pw_tp0.25,2026-07-17 03:00:00+00:00,-1,-0.03567178714777407,-0.03768116214777407,-0.03687178714777407,201,SL,5.011261261261284,3.567178714777407,False,OOS_0706_0803,False
LIT,C2_pw_tp0.25,2026-07-24 06:00:00+00:00,-1,0.04624346172135058,0.04424033672135058,0.04504346172135058,195,TP,4.624346172135058,3.4150361480779767,False,OOS_0706_0803,False
LIT,F_pw_failed_breakout,2026-06-15 20:00:00+00:00,-1,-0.06219459450288088,-0.06413626116954756,-0.06339459450288089,136,SL,7.572115384615379,6.219459450288088,False,OVERLAP_0601_0705,False
LIT,F_pw_failed_breakout,2026-06-30 20:00:00+00:00,-1,-0.11305546370113467,-0.11515754703446801,-0.11425546370113468,290,SL,9.934676102340767,11.305546370113467,False,OVERLAP_0601_0705,False
LIT,F_pw_failed_breakout,2026-07-06 11:00:00+00:00,-1,-0.11626255940505335,-0.11812818440505336,-0.11746255940505336,63,SL,15.778853914447152,11.626255940505335,False,OOS_0706_0803,False
LIT,F_pw_failed_breakout,2026-07-17 17:00:00+00:00,1,-0.0630318973808928,-0.06560689738089281,-0.06423189738089281,744,SL,11.03006189213085,6.303189738089281,False,OOS_0706_0803,False
LTC,C1_pw_tp0.5,2026-06-15 12:00:00+00:00,1,-0.0167089475311293,-0.018834989197795964,-0.017908947531129298,313,SL,3.6899563318777244,1.67089475311293,False,OVERLAP_0601_0705,False
LTC,C1_pw_tp0.5,2026-06-23 16:00:00+00:00,-1,0.015740519914142707,0.013646769914142707,0.014540519914142708,282,TP,1.5740519914142708,3.3850597913769946,False,OVERLAP_0601_0705,False
LTC,C1_pw_tp0.5,2026-07-18 16:00:00+00:00,1,0.02604842196281897,0.0242317552961523,0.02484842196281897,16,TP,2.604842196281897,1.1388537891733612,False,OOS_0706_0803,False
LTC,C1_pw_tp0.5,2026-07-13 19:00:00+00:00,-1,-0.007733759994981185,-0.009586884994981185,-0.008933759994981185,51,SL,3.1902552204176495,0.7733759994981185,False,OOS_0706_0803,False
LTC,C1_pw_tp0.5,2026-07-29 05:00:00+00:00,-1,0.013839681133746522,0.011848014467079856,0.012639681133746522,184,TP,1.3839681133746522,2.08663800470563,False,OOS_0706_0803,False
LTC,C2_pw_tp0.25,2026-06-15 12:00:00+00:00,1,-0.0167089475311293,-0.018834989197795964,-0.017908947531129298,313,SL,1.4192139737991236,1.67089475311293,False,OVERLAP_0601_0705,False
LTC,C2_pw_tp0.25,2026-07-18 16:00:00+00:00,1,0.010538261997406059,0.008728886997406059,0.00933826199740606,9,TP,1.053826199740606,1.1388537891733612,False,OOS_0706_0803,False
LTC,C2_pw_tp0.25,2026-07-13 19:00:00+00:00,-1,-0.007733759994981185,-0.009586884994981185,-0.008933759994981185,51,SL,1.5255220417633548,0.7733759994981185,False,OOS_0706_0803,False
LTC,F_pw_failed_breakout,2026-06-16 14:00:00+00:00,-1,0.04031007751937985,0.037889244186046514,0.03911007751937985,596,TP,4.031007751937985,3.057640416274877,False,OVERLAP_0601_0705,False
LTC,F_pw_failed_breakout,2026-07-13 20:00:00+00:00,1,0.03014553014553014,0.02813303014553014,0.02894553014553014,204,TP,3.014553014553014,1.2385923609203657,False,OOS_0706_0803,False
ONDO,C1_pw_tp0.5,2026-06-15 07:00:00+00:00,1,-0.018066250136307527,-0.020041250136307528,-0.019266250136307526,168,SL,6.721915285451216,1.8066250136307527,False,OVERLAP_0601_0705,True
ONDO,C1_pw_tp0.5,2026-06-23 00:00:00+00:00,-1,0.0928180158247108,0.0905211408247108,0.0916180158247108,477,TP,9.281801582471081,1.392266689819064,False,OVERLAP_0601_0705,True
ONDO,C1_pw_tp0.5,2026-07-04 19:00:00+00:00,1,-0.013498112975617364,-0.015309571308950698,-0.014698112975617364,11,SL,7.082728592162564,1.3498112975617365,False,OVERLAP_0601_0705,True
ONDO,C1_pw_tp0.5,2026-07-14 04:00:00+00:00,-1,-0.020504423243058095,-0.022410673243058093,-0.021704423243058095,102,SL,4.0726202158979445,2.0504423243058096,False,OOS_0706_0803,True
ONDO,C1_pw_tp0.5,2026-07-21 11:00:00+00:00,1,-0.038685750076961976,-0.04141075007696198,-0.039885750076961976,888,SL,8.914824931710948,3.8685750076961978,False,OOS_0706_0803,True
ONDO,C1_pw_tp0.5,2026-07-30 14:00:00+00:00,1,-0.017486964959790397,-0.019313006626457064,-0.018686964959790397,25,SL,9.704491725768328,1.7486964959790396,False,OOS_0706_0803,True
ONDO,C2_pw_tp0.25,2026-06-15 07:00:00+00:00,1,-0.018066250136307527,-0.020041250136307528,-0.019266250136307526,168,SL,3.2557221783741186,1.8066250136307527,False,OVERLAP_0601_0705,True
ONDO,C2_pw_tp0.25,2026-06-23 00:00:00+00:00,-1,0.04519172245891654,0.04331255579224987,0.04399172245891654,76,TP,4.519172245891654,1.392266689819064,False,OVERLAP_0601_0705,True
ONDO,C2_pw_tp0.25,2026-07-04 19:00:00+00:00,1,-0.013498112975617364,-0.015309571308950698,-0.014698112975617364,11,SL,3.4252539912917372,1.3498112975617365,False,OVERLAP_0601_0705,True
ONDO,C2_pw_tp0.25,2026-07-14 04:00:00+00:00,-1,-0.020504423243058095,-0.022410673243058093,-0.021704423243058095,102,SL,1.4802093555773819,2.0504423243058096,False,OOS_0706_0803,True
ONDO,C2_pw_tp0.25,2026-07-21 11:00:00+00:00,1,0.0338962006456419,0.0318055756456419,0.0326962006456419,279,TP,3.3896200645641903,3.8685750076961978,False,OOS_0706_0803,True
ONDO,C2_pw_tp0.25,2026-07-30 14:00:00+00:00,1,-0.017486964959790397,-0.019313006626457064,-0.018686964959790397,25,SL,4.7695035460992905,1.7486964959790396,False,OOS_0706_0803,True
ONDO,F_pw_failed_breakout,2026-06-15 08:00:00+00:00,-1,-0.027868567814431075,-0.029746692814431073,-0.029068567814431075,75,SL,6.503311258278149,2.7868567814431073,False,OVERLAP_0601_0705,True
ONDO,F_pw_failed_breakout,2026-07-04 20:00:00+00:00,-1,0.024131842260152987,0.021431842260152986,0.022931842260152987,864,TIME,6.268393172454381,2.9402936492191065,False,OVERLAP_0601_0705,True
ONDO,F_pw_failed_breakout,2026-07-14 06:00:00+00:00,1,0.049580103359173046,0.04740197835917304,0.048380103359173046,363,TP,4.9580103359173044,1.9155939933465032,False,OOS_0706_0803,True
ONDO,F_pw_failed_breakout,2026-07-30 15:00:00+00:00,-1,0.08915749162278604,0.08671374162278603,0.08795749162278603,618,TP,8.915749162278603,2.577795427698553,False,OOS_0706_0803,True
PUMP,C1_pw_tp0.5,2026-06-24 17:00:00+00:00,-1,0.050319488817891465,0.0482590721512248,0.049119488817891466,250,TP,5.0319488817891465,9.269248962581601,False,OVERLAP_0601_0705,False
PUMP,C1_pw_tp0.5,2026-07-02 12:00:00+00:00,1,-0.038586530154602665,-0.04042194682126934,-0.039786530154602665,34,SL,11.107574793125409,3.8586530154602663,False,OVERLAP_0601_0705,False
PUMP,C1_pw_tp0.5,2026-07-16 17:00:00+00:00,1,-0.052227483098530605,-0.05413685809853061,-0.053427483098530605,105,SL,5.966724039013204,5.222748309853061,False,OOS_0706_0803,False
PUMP,C1_pw_tp0.5,2026-07-20 03:00:00+00:00,1,-0.027646409767978622,-0.02945578476797862,-0.02884640976797862,9,SL,15.741650294695484,2.764640976797862,False,OOS_0706_0803,False
PUMP,C1_pw_tp0.5,2026-07-27 12:00:00+00:00,1,-0.04176180676703644,-0.04372534843370311,-0.04296180676703644,157,SL,5.729653882132824,4.176180676703644,False,OOS_0706_0803,False
PUMP,C2_pw_tp0.25,2026-07-02 12:00:00+00:00,1,-0.038586530154602665,-0.04042194682126934,-0.039786530154602665,34,SL,4.789942711648632,3.8586530154602663,False,OVERLAP_0601_0705,False
PUMP,C2_pw_tp0.25,2026-07-16 17:00:00+00:00,1,-0.052227483098530605,-0.05413685809853061,-0.053427483098530605,105,SL,1.46299483648882,5.222748309853061,False,OOS_0706_0803,False
PUMP,C2_pw_tp0.25,2026-07-20 03:00:00+00:00,1,-0.027646409767978622,-0.02945578476797862,-0.02884640976797862,9,SL,7.527013752455783,2.764640976797862,False,OOS_0706_0803,False
PUMP,C2_pw_tp0.25,2026-07-27 12:00:00+00:00,1,0.018358278765201023,0.016538487098534355,0.017158278765201023,19,TP,1.8358278765201024,4.176180676703644,False,OOS_0706_0803,False
PUMP,F_pw_failed_breakout,2026-07-02 15:00:00+00:00,-1,-0.06631976174431378,-0.06839892841098046,-0.06751976174431379,268,SL,10.695364238410608,6.6319761744313785,False,OVERLAP_0601_0705,False
PUMP,F_pw_failed_breakout,2026-07-17 01:00:00+00:00,-1,-0.07445323777173399,-0.07708344610506733,-0.075653237771734,797,SL,7.53920386007237,7.445323777173399,False,OOS_0706_0803,False
PUMP,F_pw_failed_breakout,2026-07-20 04:00:00+00:00,-1,-0.05484555564352553,-0.05682993064352553,-0.05604555564352553,177,SL,14.296597257491106,5.4845555643525525,False,OOS_0706_0803,False
PUMP,F_pw_failed_breakout,2026-07-27 16:00:00+00:00,-1,0.07775119617224875,0.07561994617224874,0.07655119617224874,318,TP,7.775119617224875,5.480057317033713,False,OOS_0706_0803,False
RENDER,C1_pw_tp0.5,2026-06-10 19:00:00+00:00,-1,-0.020463399263752513,-0.022385274263752513,-0.021663399263752513,117,SL,23.036988968202465,2.0463399263752513,False,OVERLAP_0601_0705,False
RENDER,C1_pw_tp0.5,2026-06-15 04:00:00+00:00,1,-0.018571984804960757,-0.020562609804960757,-0.019771984804960757,183,SL,8.63013698630137,1.8571984804960757,False,OVERLAP_0601_0705,False
RENDER,C1_pw_tp0.5,2026-06-23 02:00:00+00:00,-1,0.07142857142857142,0.06914315476190475,0.07022857142857142,466,TP,7.142857142857142,1.7685871537885336,False,OVERLAP_0601_0705,False
RENDER,C1_pw_tp0.5,2026-07-13 14:00:00+00:00,-1,-0.008957861031161606,-0.010765152697828271,-0.010157861031161605,7,SL,3.984063745019938,0.8957861031161606,False,OOS_0706_0803,False
RENDER,C1_pw_tp0.5,2026-07-25 09:00:00+00:00,-1,-0.009023219673472733,-0.010882594673472733,-0.010223219673472733,57,SL,3.504510756419168,0.9023219673472733,False,OOS_0706_0803,False
RENDER,C1_pw_tp0.5,2026-07-28 00:00:00+00:00,-1,0.026203966005665668,0.023848757672332334,0.02500396600566567,533,TP,2.6203966005665666,2.719005891487035,False,OOS_0706_0803,False
RENDER,C2_pw_tp0.25,2026-06-10 19:00:00+00:00,-1,-0.020463399263752513,-0.022385274263752513,-0.021663399263752513,117,SL,11.35626216742374,2.0463399263752513,False,OVERLAP_0601_0705,False
RENDER,C2_pw_tp0.25,2026-06-15 04:00:00+00:00,1,-0.018571984804960757,-0.020562609804960757,-0.019771984804960757,183,SL,4.041095890410959,1.8571984804960757,False,OVERLAP_0601_0705,False
RENDER,C2_pw_tp0.25,2026-06-23 02:00:00+00:00,-1,0.03291925465838519,0.03104425465838519,0.03171925465838519,72,TP,3.291925465838519,1.7685871537885336,False,OVERLAP_0601_0705,False
RENDER,C2_pw_tp0.25,2026-07-13 14:00:00+00:00,-1,-0.008957861031161606,-0.010765152697828271,-0.010157861031161605,7,SL,1.8924302788844751,0.8957861031161606,False,OOS_0706_0803,False
RENDER,C2_pw_tp0.25,2026-07-25 09:00:00+00:00,-1,-0.009023219673472733,-0.010882594673472733,-0.010223219673472733,57,SL,1.5787647467036814,0.9023219673472733,False,OOS_0706_0803,False
RENDER,F_pw_failed_breakout,2026-06-11 04:00:00+00:00,1,0.14011516314779277,0.13741516314779276,0.13891516314779276,864,TIME,21.94497760716572,6.1655151724629995,False,OVERLAP_0601_0705,False
RENDER,F_pw_failed_breakout,2026-06-15 19:00:00+00:00,-1,0.08675166297117522,0.08409332963784187,0.08555166297117521,824,TP,8.675166297117523,4.159547738195248,False,OVERLAP_0601_0705,False
RENDER,F_pw_failed_breakout,2026-06-23 04:00:00+00:00,1,-0.021950947501041828,-0.023780114167708494,-0.023150947501041828,28,SL,7.327586206896537,2.195094750104183,False,OVERLAP_0601_0705,False
RENDER,F_pw_failed_breakout,2026-07-13 15:00:00+00:00,1,-0.01754859877899186,-0.019380890445658525,-0.01874859877899186,31,SL,3.4891375905200896,1.754859877899186,False,OOS_0706_0803,False
RENDER,F_pw_failed_breakout,2026-07-25 14:00:00+00:00,1,-0.009534032116813316,-0.012034032116813314,-0.010734032116813315,672,SL,3.6947513812154766,0.9534032116813316,False,OOS_0706_0803,False
SOL,C1_pw_tp0.5,2026-06-15 12:00:00+00:00,1,0.042987048773766745,0.04113496544043341,0.041787048773766745,50,TP,4.298704877376674,2.7407356925740083,False,OVERLAP_0601_0705,True
SOL,C1_pw_tp0.5,2026-06-24 17:00:00+00:00,-1,-0.03181687689322616,-0.03376687689322616,-0.03301687689322616,144,SL,4.132231404958688,3.181687689322616,False,OVERLAP_0601_0705,True
SOL,C1_pw_tp0.5,2026-06-29 19:00:00+00:00,1,-0.023686849864259663,-0.025601433197592997,-0.024886849864259663,110,SL,6.4104260386345775,2.3686849864259663,False,OVERLAP_0601_0705,True
SOL,C1_pw_tp0.5,2026-07-13 18:00:00+00:00,-1,-0.021901566050522236,-0.0239338577171889,-0.023101566050522236,223,SL,4.05550341868884,2.1901566050522234,False,OOS_0706_0803,True
SOL,C1_pw_tp0.5,2026-07-28 03:00:00+00:00,-1,-0.00872588111567709,-0.010680047782343757,-0.00992588111567709,148,SL,3.6337605672211506,0.8725881115677091,False,OOS_0706_0803,True
SOL,C2_pw_tp0.25,2026-06-15 12:00:00+00:00,1,0.01226233122072197,0.01044670622072197,0.01106233122072197,15,TP,1.226233122072197,2.7407356925740083,False,OVERLAP_0601_0705,True
SOL,C2_pw_tp0.25,2026-06-24 17:00:00+00:00,-1,0.010668670172802524,0.008864503506135858,0.009468670172802524,4,TP,1.0668670172802523,3.181687689322616,False,OVERLAP_0601_0705,True
SOL,C2_pw_tp0.25,2026-06-29 19:00:00+00:00,1,-0.023686849864259663,-0.025601433197592997,-0.024886849864259663,110,SL,2.788436094204818,2.3686849864259663,False,OVERLAP_0601_0705,True
SOL,C2_pw_tp0.25,2026-07-13 18:00:00+00:00,-1,-0.021901566050522236,-0.0239338577171889,-0.023101566050522236,223,SL,1.330607320016097,2.1901566050522234,False,OOS_0706_0803,True
SOL,C2_pw_tp0.25,2026-07-28 03:00:00+00:00,-1,-0.00872588111567709,-0.010680047782343757,-0.00992588111567709,148,SL,1.7827924734115141,0.8725881115677091,False,OOS_0706_0803,True
SOL,F_pw_failed_breakout,2026-06-24 22:00:00+00:00,1,-0.05766516598457746,-0.059664124317910794,-0.05886516598457746,191,SL,5.668135095447891,5.766516598457746,False,OVERLAP_0601_0705,True
SOL,F_pw_failed_breakout,2026-06-30 01:00:00+00:00,-1,-0.030419134443473137,-0.03268475944347314,-0.03161913444347314,447,SL,6.632173095014114,3.0419134443473137,False,OVERLAP_0601_0705,True
SOL,F_pw_failed_breakout,2026-07-14 13:00:00+00:00,1,-0.034464819872545266,-0.03716481987254527,-0.035664819872545266,864,TIME,3.6480686695278877,3.993849591556647,False,OOS_0706_0803,True
SOL,F_pw_failed_breakout,2026-07-28 07:00:00+00:00,1,-0.009908845245952981,-0.01179009524595298,-0.011108845245952981,78,SL,3.6711619670344553,0.9908845245952982,False,OOS_0706_0803,True
SUI,C1_pw_tp0.5,2026-06-15 12:00:00+00:00,1,-0.01853320465924067,-0.020462371325907336,-0.01973320465924067,124,SL,4.852868447082098,1.853320465924067,False,OVERLAP_0601_0705,False
SUI,C1_pw_tp0.5,2026-06-19 11:00:00+00:00,-1,-0.015445332016805256,-0.018147415350138592,-0.016645332016805257,866,SL,5.926602924634439,1.5445332016805255,False,OVERLAP_0601_0705,False
SUI,C1_pw_tp0.5,2026-06-23 09:00:00+00:00,-1,-0.02392487832076766,-0.025748836654100993,-0.02512487832076766,23,SL,9.542991064889417,2.3924878320767657,False,OVERLAP_0601_0705,False
SUI,C1_pw_tp0.5,2026-07-03 12:00:00+00:00,1,-0.017952903972965898,-0.02022998730629923,-0.019152903972965898,458,SL,5.379494007989331,1.79529039729659,False,OVERLAP_0601_0705,False
SUI,C1_pw_tp0.5,2026-07-21 05:00:00+00:00,1,-0.009939639911562787,-0.011899014911562786,-0.011139639911562787,153,SL,3.718148725949047,0.9939639911562788,False,OOS_0706_0803,False
SUI,C1_pw_tp0.5,2026-07-25 08:00:00+00:00,-1,-0.012770683986840498,-0.014671725653507163,-0.013970683986840498,97,SL,3.6552410752382234,1.2770683986840499,False,OOS_0706_0803,False
SUI,C1_pw_tp0.5,2026-07-27 16:00:00+00:00,-1,0.02247030198940881,0.01917030198940881,0.02127030198940881,1440,TIME,5.073708315442979,1.2988648494751933,False,OOS_0706_0803,False
SUI,C2_pw_tp0.25,2026-06-15 12:00:00+00:00,1,0.020864243323442243,0.019048618323442245,0.019664243323442243,15,TP,2.086424332344224,1.853320465924067,False,OVERLAP_0601_0705,False
SUI,C2_pw_tp0.25,2026-06-19 11:00:00+00:00,-1,0.027805118110236355,0.02527907644356969,0.026605118110236355,697,TP,2.7805118110236355,1.5445332016805255,False,OVERLAP_0601_0705,False
SUI,C2_pw_tp0.25,2026-06-23 09:00:00+00:00,-1,-0.02392487832076766,-0.025748836654100993,-0.02512487832076766,23,SL,4.397978614325485,2.3924878320767657,False,OVERLAP_0601_0705,False
SUI,C2_pw_tp0.25,2026-07-03 12:00:00+00:00,1,0.022436750998668337,0.020546125998668337,0.021236750998668338,87,TP,2.2436750998668336,1.79529039729659,False,OVERLAP_0601_0705,False
SUI,C2_pw_tp0.25,2026-07-21 05:00:00+00:00,1,-0.009939639911562787,-0.011899014911562786,-0.011139639911562787,153,SL,1.7615704628185207,0.9939639911562788,False,OOS_0706_0803,False
SUI,C2_pw_tp0.25,2026-07-25 08:00:00+00:00,-1,-0.012770683986840498,-0.014671725653507163,-0.013970683986840498,97,SL,1.5147205233963785,1.2770683986840499,False,OOS_0706_0803,False
SUI,C2_pw_tp0.25,2026-07-27 16:00:00+00:00,-1,0.02315013596679555,0.02126471930012888,0.02195013596679555,82,TP,2.315013596679555,1.2988648494751933,False,OOS_0706_0803,False
SUI,F_pw_failed_breakout,2026-06-15 20:00:00+00:00,-1,0.055001868693160476,0.05257686869316047,0.053801868693160476,600,TP,5.500186869316048,3.8502477887132516,False,OVERLAP_0601_0705,False
SUI,F_pw_failed_breakout,2026-06-19 14:00:00+00:00,1,-0.026894288452324205,-0.02938283011899087,-0.028094288452324204,661,SL,5.868806699232384,2.6894288452324204,False,OVERLAP_0601_0705,False
SUI,F_pw_failed_breakout,2026-06-23 11:00:00+00:00,1,-0.04980401685243917,-0.05197693351910584,-0.05100401685243917,358,SL,8.015104018238818,4.980401685243916,False,OVERLAP_0601_0705,False
SUI,F_pw_failed_breakout,2026-07-05 02:00:00+00:00,-1,0.037525218560860836,0.034825218560860835,0.036325218560860836,864,TIME,6.227303295225287,5.786480094075967,False,OVERLAP_0601_0705,False
SUI,F_pw_failed_breakout,2026-07-21 15:00:00+00:00,-1,0.039082855653986344,0.036564105653986344,0.037882855653986344,690,TP,3.9082855653986344,1.6572915898191467,False,OOS_0706_0803,False
SUI,F_pw_failed_breakout,2026-07-25 15:00:00+00:00,1,-0.01086817791647504,-0.01326192791647504,-0.01206817791647504,570,SL,4.239683436970044,1.086817791647504,False,OOS_0706_0803,False
SUI,F_pw_failed_breakout,2026-07-27 17:00:00+00:00,1,-0.013998477952740063,-0.015869311286073395,-0.015198477952740062,68,SL,5.1484164181224426,1.3998477952740063,False,OOS_0706_0803,False
TAO,C1_pw_tp0.5,2026-06-13 16:00:00+00:00,1,-0.03755434413858977,-0.03938976080525644,-0.03875434413858977,34,SL,12.850076103500754,3.7554344138589766,False,OVERLAP_0601_0705,True
TAO,C1_pw_tp0.5,2026-06-23 10:00:00+00:00,-1,-0.03122125271941378,-0.03326708605274712,-0.03242125271941378,236,SL,14.060067759362699,3.122125271941378,False,OVERLAP_0601_0705,True
TAO,C1_pw_tp0.5,2026-06-30 22:00:00+00:00,-1,-0.015234087882973757,-0.017118462882973758,-0.016434087882973757,81,SL,7.976237820640295,1.5234087882973757,False,OVERLAP_0601_0705,True
TAO,C1_pw_tp0.5,2026-07-13 20:00:00+00:00,-1,-0.013306685171219827,-0.015323351837886494,-0.014506685171219827,208,SL,4.422874868664648,1.3306685171219828,False,OOS_0706_0803,True
TAO,C2_pw_tp0.25,2026-06-13 16:00:00+00:00,1,-0.03755434413858977,-0.03938976080525644,-0.03875434413858977,34,SL,5.6792237442922415,3.7554344138589766,False,OVERLAP_0601_0705,True
TAO,C2_pw_tp0.25,2026-06-23 10:00:00+00:00,-1,-0.03122125271941378,-0.03326708605274712,-0.03242125271941378,236,SL,6.178463510667523,3.122125271941378,False,OVERLAP_0601_0705,True
TAO,C2_pw_tp0.25,2026-06-30 22:00:00+00:00,-1,-0.015234087882973757,-0.017118462882973758,-0.016434087882973757,81,SL,3.729618214356744,1.5234087882973757,False,OVERLAP_0601_0705,True
TAO,C2_pw_tp0.25,2026-07-13 20:00:00+00:00,-1,-0.013306685171219827,-0.015323351837886494,-0.014506685171219827,208,SL,2.0988642617701614,1.3306685171219828,False,OOS_0706_0803,True
TAO,F_pw_failed_breakout,2026-06-13 19:00:00+00:00,-1,-0.09273108628717999,-0.09464671128718,-0.09393108628718,111,SL,13.809765031368118,9.273108628718,False,OVERLAP_0601_0705,True
TAO,F_pw_failed_breakout,2026-06-24 06:00:00+00:00,1,-0.05137995451914123,-0.053313287852474564,-0.05257995451914123,128,SL,14.397182093811303,5.137995451914123,False,OVERLAP_0601_0705,True
TAO,F_pw_failed_breakout,2026-07-01 04:00:00+00:00,1,0.05442176870748295,0.05172176870748295,0.05322176870748295,864,TIME,8.096716947648616,3.5276680931759694,False,OVERLAP_0601_0705,True
TAO,F_pw_failed_breakout,2026-07-14 01:00:00+00:00,1,-0.01916780882624017,-0.021055308826240172,-0.02036780882624017,84,SL,4.205816554809847,1.9167808826240171,False,OOS_0706_0803,True
UNI,C1_pw_tp0.5,2026-06-15 11:00:00+00:00,1,0.028889728096676656,0.027059519763343323,0.027689728096676657,29,TP,2.8889728096676657,2.5812217372831565,False,OVERLAP_0601_0705,False
UNI,C1_pw_tp0.5,2026-07-02 14:00:00+00:00,1,0.03736263736263743,0.035265762362637426,0.03616263736263743,285,TP,3.736263736263743,3.882267918610774,False,OVERLAP_0601_0705,False
UNI,C1_pw_tp0.5,2026-07-08 07:00:00+00:00,1,-0.017190616438160954,-0.019006241438160952,-0.018390616438160954,15,SL,8.78092939046468,1.7190616438160955,False,OOS_0706_0803,False
UNI,C1_pw_tp0.5,2026-07-22 12:00:00+00:00,1,-0.017119735767785537,-0.019717652434452202,-0.018319735767785537,766,SL,3.5043639248875915,1.7119735767785538,False,OOS_0706_0803,False
UNI,C1_pw_tp0.5,2026-07-29 11:00:00+00:00,1,-0.027323754858022666,-0.029236254858022667,-0.028523754858022665,108,SL,5.468360737419034,2.7323754858022666,False,OOS_0706_0803,False
UNI,C2_pw_tp0.25,2026-06-15 11:00:00+00:00,1,0.006325528700906193,0.004521362034239526,0.005125528700906193,4,TP,0.6325528700906193,2.5812217372831565,False,OVERLAP_0601_0705,False
UNI,C2_pw_tp0.25,2026-07-02 14:00:00+00:00,1,0.0072213500784929765,0.005421350078492977,0.006021350078492977,0,TP,0.7221350078492976,3.882267918610774,False,OVERLAP_0601_0705,False
UNI,C2_pw_tp0.25,2026-07-08 07:00:00+00:00,1,-0.017190616438160954,-0.019006241438160952,-0.018390616438160954,15,SL,4.360289680144835,1.7190616438160955,False,OOS_0706_0803,False
UNI,C2_pw_tp0.25,2026-07-22 12:00:00+00:00,1,0.01395133562549592,0.012099252292162587,0.01275133562549592,50,TP,1.395133562549592,1.7119735767785538,False,OOS_0706_0803,False
UNI,C2_pw_tp0.25,2026-07-29 11:00:00+00:00,1,-0.027323754858022666,-0.029236254858022667,-0.028523754858022665,108,SL,2.0615346287992,2.7323754858022666,False,OOS_0706_0803,False
UNI,F_pw_failed_breakout,2026-07-08 08:00:00+00:00,-1,-0.0302832579757792,-0.0322988829757792,-0.0314832579757792,207,SL,8.069427527405594,3.0283257975779203,False,OOS_0706_0803,False
UNI,F_pw_failed_breakout,2026-07-22 15:00:00+00:00,-1,-0.0246450896330843,-0.02645967296641763,-0.0258450896330843,14,SL,4.1722207411356935,2.46450896330843,False,OOS_0706_0803,False
UNI,F_pw_failed_breakout,2026-07-29 20:00:00+00:00,-1,-0.04846725637289569,-0.05045788137289569,-0.049667256372895686,183,SL,5.667860798362341,4.846725637289569,False,OOS_0706_0803,False
WIF,C1_pw_tp0.5,2026-06-15 04:00:00+00:00,1,0.05451807228915647,0.0525920306224898,0.05331807228915647,121,TP,5.451807228915647,1.856855626757544,False,OVERLAP_0601_0705,True
WIF,C1_pw_tp0.5,2026-06-23 10:00:00+00:00,-1,0.04974326059050069,0.047574510590500683,0.04854326059050069,354,TP,4.974326059050068,3.353689940639222,False,OVERLAP_0601_0705,True
WIF,C1_pw_tp0.5,2026-07-08 04:00:00+00:00,-1,0.07627118644067793,0.07298056144067792,0.07507118644067792,1431,TP,7.627118644067793,1.9421872488112626,False,OOS_0706_0803,True
WIF,C1_pw_tp0.5,2026-07-25 22:00:00+00:00,1,-0.01629531436975638,-0.018103647703089712,-0.01749531436975638,8,SL,3.0360531309297905,1.629531436975638,False,OOS_0706_0803,True
WIF,C1_pw_tp0.5,2026-07-23 19:00:00+00:00,-1,0.015331010452961726,0.01330496878629506,0.014131010452961727,217,TP,1.5331010452961726,3.2890193532137757,False,OOS_0706_0803,True
WIF,C1_pw_tp0.5,2026-08-01 18:00:00+00:00,-1,-0.024889744772375245,-0.02703557810570858,-0.026089744772375245,332,SL,5.880230880230873,2.4889744772375244,False,OOS_0706_0803,True
WIF,C2_pw_tp0.25,2026-06-15 04:00:00+00:00,1,0.023644578313252916,0.021736244979919585,0.022444578313252916,104,TP,2.3644578313252915,1.856855626757544,False,OVERLAP_0601_0705,True
WIF,C2_pw_tp0.25,2026-06-23 10:00:00+00:00,-1,0.015885750962772817,0.013855542629439483,0.014685750962772817,221,TP,1.5885750962772818,3.353689940639222,False,OVERLAP_0601_0705,True
WIF,C2_pw_tp0.25,2026-07-08 04:00:00+00:00,-1,0.03531073446327678,0.03276385946327678,0.03411073446327678,717,TP,3.531073446327678,1.9421872488112626,False,OOS_0706_0803,True
WIF,C2_pw_tp0.25,2026-07-25 22:00:00+00:00,1,-0.01629531436975638,-0.018103647703089712,-0.01749531436975638,8,SL,1.3282732447817955,1.629531436975638,False,OOS_0706_0803,True
WIF,C2_pw_tp0.25,2026-08-01 18:00:00+00:00,-1,0.021464646464646502,0.01959381313131317,0.020264646464646503,68,TP,2.14646464646465,2.4889744772375244,False,OOS_0706_0803,True
WIF,F_pw_failed_breakout,2026-07-09 06:00:00+00:00,1,-0.04624104329951327,-0.048462918299513276,-0.04744104329951327,405,SL,8.078602620087347,4.624104329951327,False,OOS_0706_0803,True
WIF,F_pw_failed_breakout,2026-07-25 23:00:00+00:00,-1,-0.028620032965516084,-0.03049815796551608,-0.029820032965516084,75,SL,2.2493573264781337,2.8620032965516082,False,OOS_0706_0803,True
WIF,F_pw_failed_breakout,2026-07-25 11:00:00+00:00,1,0.035398230088495644,0.033519063421828976,0.034198230088495644,76,TP,3.5398230088495644,4.626616346292201,False,OOS_0706_0803,True
WIF,F_pw_failed_breakout,2026-08-02 22:00:00+00:00,1,-0.01333333333333323,-0.015457291666666564,-0.01453333333333323,311,TIME,6.070175438596505,5.553556844355162,True,OOS_0706_0803,True
WLD,C1_pw_tp0.5,2026-06-15 06:00:00+00:00,1,0.10809668695064224,0.10596439528397557,0.10689668695064224,319,TP,10.809668695064225,5.033832262730802,False,OVERLAP_0601_0705,True
WLD,C1_pw_tp0.5,2026-06-24 05:00:00+00:00,-1,-0.029483967743900268,-0.0312891760772336,-0.030683967743900267,5,SL,18.816373817339237,2.9483967743900266,False,OVERLAP_0601_0705,True
WLD,C1_pw_tp0.5,2026-06-29 08:00:00+00:00,-1,-0.032067940042122066,-0.0352700233754554,-0.033267940042122066,1346,SL,24.39766081871345,3.2067940042122065,False,OVERLAP_0601_0705,True
WLD,C1_pw_tp0.5,2026-07-19 18:00:00+00:00,-1,-0.023743356674211735,-0.025620440007545067,-0.024943356674211735,74,SL,9.57891801450082,2.3743356674211737,False,OOS_0706_0803,True
WLD,C1_pw_tp0.5,2026-07-24 23:00:00+00:00,-1,0.09974167623421357,0.09674375956754688,0.09854167623421356,1150,TP,9.974167623421357,3.541962958407637,False,OOS_0706_0803,True
WLD,C1_pw_tp0.5,2026-07-28 06:00:00+00:00,-1,-0.004350528278433848,-0.007650528278433847,-0.005550528278433848,1440,TIME,11.575512740832817,2.1387671130378103,False,OOS_0706_0803,True
WLD,C2_pw_tp0.25,2026-06-15 06:00:00+00:00,1,0.042469574036511075,0.040602907369844406,0.041269574036511075,64,TP,4.246957403651107,5.033832262730802,False,OVERLAP_0601_0705,True
WLD,C2_pw_tp0.25,2026-06-24 05:00:00+00:00,-1,-0.029483967743900268,-0.0312891760772336,-0.030683967743900267,5,SL,9.137864452597016,2.9483967743900266,False,OVERLAP_0601_0705,True
WLD,C2_pw_tp0.25,2026-06-29 08:00:00+00:00,-1,0.11473684210526325,0.11220767543859657,0.11353684210526324,700,TP,11.473684210526326,3.2067940042122065,False,OVERLAP_0601_0705,True
WLD,C2_pw_tp0.25,2026-07-19 18:00:00+00:00,-1,-0.023743356674211735,-0.025620440007545067,-0.024943356674211735,74,SL,4.148075850529815,2.3743356674211737,False,OOS_0706_0803,True
WLD,C2_pw_tp0.25,2026-07-24 23:00:00+00:00,-1,0.04255166475315739,0.04041312308649072,0.04135166475315739,325,TP,4.255166475315739,3.541962958407637,False,OOS_0706_0803,True
WLD,C2_pw_tp0.25,2026-07-28 06:00:00+00:00,-1,0.05430391547545048,0.05224037380878381,0.05310391547545048,253,TP,5.430391547545048,2.1387671130378103,False,OOS_0706_0803,True
WLD,F_pw_failed_breakout,2026-06-15 17:00:00+00:00,-1,-0.11810548094792062,-0.12008673094792062,-0.11930548094792062,174,SL,12.45187259362969,11.810548094792061,False,OVERLAP_0601_0705,True
WLD,F_pw_failed_breakout,2026-06-24 06:00:00+00:00,1,-0.06963699721436262,-0.07181512221436263,-0.07083699721436262,363,SL,15.396766400297338,6.963699721436262,False,OVERLAP_0601_0705,True
WLD,F_pw_failed_breakout,2026-07-26 23:00:00+00:00,1,-0.09121812364242628,-0.09335562364242629,-0.09241812364242628,324,SL,11.115819209039547,9.121812364242627,False,OOS_0706_0803,True
WLD,F_pw_failed_breakout,2026-07-28 16:00:00+00:00,1,-0.0344077587607626,-0.03629317542742927,-0.0356077587607626,82,SL,12.099260172626389,3.4407758760762603,False,OOS_0706_0803,True
XLM,C1_pw_tp0.5,2026-06-10 10:00:00+00:00,-1,-0.018277963409886504,-0.020109213409886504,-0.019477963409886504,30,SL,24.08604486935736,1.8277963409886504,False,OVERLAP_0601_0705,True
XLM,C1_pw_tp0.5,2026-06-15 15:00:00+00:00,1,0.03362893815635947,0.03182581315635947,0.03242893815635947,3,TP,3.362893815635947,4.895184585442214,False,OVERLAP_0601_0705,True
XLM,C1_pw_tp0.5,2026-06-24 17:00:00+00:00,-1,-0.027618221132910948,-0.029571346132910948,-0.028818221132910948,147,SL,15.953581692966745,2.7618221132910947,False,OVERLAP_0601_0705,True
XLM,C1_pw_tp0.5,2026-07-14 04:00:00+00:00,-1,-0.013806491503277509,-0.015710658169944176,-0.015006491503277508,100,SL,7.255582293357198,1.380649150327751,False,OOS_0706_0803,True
XLM,C1_pw_tp0.5,2026-07-21 14:00:00+00:00,1,-0.014695594426515819,-0.01660809442651582,-0.015895594426515818,108,SL,3.270232630112969,1.469559442651582,False,OOS_0706_0803,True
XLM,C1_pw_tp0.5,2026-07-24 18:00:00+00:00,-1,-0.011834933687652491,-0.013730767020985824,-0.01303493368765249,92,SL,3.8678712591756037,1.1834933687652491,False,OOS_0706_0803,True
XLM,C1_pw_tp0.5,2026-07-28 00:00:00+00:00,-1,0.005815982319413754,0.0025159823194137545,0.004615982319413754,1440,TIME,3.9083401186460573,3.0419046605414235,False,OOS_0706_0803,True
XLM,C2_pw_tp0.25,2026-06-10 10:00:00+00:00,-1,-0.018277963409886504,-0.020109213409886504,-0.019477963409886504,30,SL,11.950676299636044,1.8277963409886504,False,OVERLAP_0601_0705,True
XLM,C2_pw_tp0.25,2026-06-24 17:00:00+00:00,-1,-0.027618221132910948,-0.029571346132910948,-0.028818221132910948,147,SL,7.198633479746208,2.7618221132910947,False,OVERLAP_0601_0705,True
XLM,C2_pw_tp0.25,2026-07-14 04:00:00+00:00,-1,-0.013806491503277509,-0.015710658169944176,-0.015006491503277508,100,SL,3.364765795511767,1.380649150327751,False,OOS_0706_0803,True
XLM,C2_pw_tp0.25,2026-07-21 14:00:00+00:00,1,-0.014695594426515819,-0.01660809442651582,-0.015895594426515818,108,SL,1.3385258162686409,1.469559442651582,False,OOS_0706_0803,True
XLM,C2_pw_tp0.25,2026-07-24 18:00:00+00:00,-1,-0.011834933687652491,-0.013730767020985824,-0.01303493368765249,92,SL,1.7532467532467515,1.1834933687652491,False,OOS_0706_0803,True
XLM,C2_pw_tp0.25,2026-07-28 00:00:00+00:00,-1,0.009014772595091447,0.007075189261758114,0.007814772595091448,134,TP,0.9014772595091447,3.0419046605414235,False,OOS_0706_0803,True
XLM,F_pw_failed_breakout,2026-06-10 11:00:00+00:00,1,0.0269296925392388,0.0242296925392388,0.0257296925392388,864,TIME,23.150935282734878,2.8579159952859166,False,OVERLAP_0601_0705,True
XLM,F_pw_failed_breakout,2026-06-25 05:00:00+00:00,1,-0.03774456466522062,-0.03965289799855396,-0.03894456466522062,104,SL,16.87336988343002,3.774456466522062,False,OVERLAP_0601_0705,True
XLM,F_pw_failed_breakout,2026-07-14 12:00:00+00:00,1,0.018837608731785617,0.016137608731785616,0.017637608731785617,864,TIME,7.2275472325336585,1.9041618158390685,False,OOS_0706_0803,True
XLM,F_pw_failed_breakout,2026-07-21 17:00:00+00:00,-1,0.037416203294704485,0.03523911996137115,0.036216203294704485,362,TP,3.7416203294704484,2.4406370080351643,False,OOS_0706_0803,True
XLM,F_pw_failed_breakout,2026-07-24 21:00:00+00:00,1,-0.010941581449356143,-0.01356137311602281,-0.012141581449356143,787,SL,4.161277624697755,1.0941581449356144,False,OOS_0706_0803,True
XRP,C1_pw_tp0.5,2026-06-23 06:00:00+00:00,-1,0.07499551730320941,0.07249760063654273,0.07379551730320941,670,TP,7.499551730320942,1.0200734235175932,False,OVERLAP_0601_0705,True
XRP,C1_pw_tp0.5,2026-07-04 16:00:00+00:00,1,-0.016403004195520713,-0.018307170862187378,-0.017603004195520713,100,SL,5.880344798156541,1.6403004195520714,False,OVERLAP_0601_0705,True
XRP,C1_pw_tp0.5,2026-07-13 18:00:00+00:00,-1,-0.016108915379689573,-0.01814016537968957,-0.017308915379689573,222,SL,3.4945221004911353,1.6108915379689572,False,OOS_0706_0803,True
XRP,C1_pw_tp0.5,2026-07-21 07:00:00+00:00,1,-0.01004882225860416,-0.012519655591937493,-0.01124882225860416,644,SL,3.0177358157592877,1.004882225860416,False,OOS_0706_0803,True
XRP,C1_pw_tp0.5,2026-07-28 00:00:00+00:00,-1,-0.02245008621745077,-0.024619877884117437,-0.02365008621745077,355,SL,2.2577919639504227,2.245008621745077,False,OOS_0706_0803,True
XRP,C2_pw_tp0.25,2026-06-23 06:00:00+00:00,-1,0.03606329567868025,0.033871629012013585,0.03486329567868025,376,TP,3.606329567868025,1.0200734235175932,False,OVERLAP_0601_0705,True
XRP,C2_pw_tp0.25,2026-07-04 16:00:00+00:00,1,-0.016403004195520713,-0.018307170862187378,-0.017603004195520713,100,SL,2.5817188700179323,1.6403004195520714,False,OVERLAP_0601_0705,True
XRP,C2_pw_tp0.25,2026-07-13 18:00:00+00:00,-1,-0.016108915379689573,-0.01814016537968957,-0.017308915379689573,222,SL,1.2561390253116822,1.6108915379689572,False,OOS_0706_0803,True
XRP,C2_pw_tp0.25,2026-07-21 07:00:00+00:00,1,0.013279802347127863,0.011386052347127864,0.012079802347127864,90,TP,1.3279802347127863,1.004882225860416,False,OOS_0706_0803,True
XRP,F_pw_failed_breakout,2026-07-04 21:00:00+00:00,-1,0.03683304647160065,0.03413304647160065,0.03563304647160065,864,TIME,6.540447504302932,2.3231889392749556,False,OVERLAP_0601_0705,True
XRP,F_pw_failed_breakout,2026-07-14 06:00:00+00:00,1,0.04286915102269548,0.040902484356028807,0.04166915102269548,160,TP,4.286915102269548,1.9883809789830575,False,OOS_0706_0803,True
XRP,F_pw_failed_breakout,2026-07-29 06:00:00+00:00,1,-0.02072777521879315,-0.02342777521879315,-0.02192777521879315,864,TIME,3.459235375403058,4.142766892486193,False,OOS_0706_0803,True
ZAMA,C1_pw_tp0.5,2026-06-17 06:00:00+00:00,1,-0.03973885496982306,-0.04193260496982306,-0.04093885496982306,378,SL,6.736872475476064,3.973885496982306,False,OVERLAP_0601_0705,False
ZAMA,C1_pw_tp0.5,2026-07-06 21:00:00+00:00,1,-0.028437398715568715,-0.030340523715568713,-0.029637398715568714,99,SL,4.972771567784487,2.8437398715568714,False,OOS_0706_0803,False
ZAMA,C1_pw_tp0.5,2026-07-17 12:00:00+00:00,1,-0.01715937417781702,-0.01899895751115035,-0.01835937417781702,38,SL,4.358830146231728,1.715937417781702,False,OOS_0706_0803,False
ZAMA,C1_pw_tp0.5,2026-07-20 08:00:00+00:00,1,0.03747640873550829,0.035640992068841616,0.03627640873550829,34,TP,3.747640873550829,3.405033079787908,False,OOS_0706_0803,False
ZAMA,C2_pw_tp0.25,2026-06-17 06:00:00+00:00,1,0.023874783612233174,0.022027908612233176,0.022674783612233174,45,TP,2.3874783612233172,3.973885496982306,False,OVERLAP_0601_0705,False
ZAMA,C2_pw_tp0.25,2026-07-06 21:00:00+00:00,1,-0.028437398715568715,-0.030340523715568713,-0.029637398715568714,99,SL,1.7985096016050732,2.8437398715568714,False,OOS_0706_0803,False
ZAMA,C2_pw_tp0.25,2026-07-17 12:00:00+00:00,1,-0.01715937417781702,-0.01899895751115035,-0.01835937417781702,38,SL,1.8982002249718841,1.715937417781702,False,OOS_0706_0803,False
ZAMA,C2_pw_tp0.25,2026-07-20 08:00:00+00:00,1,0.0075492046373686296,0.0057481629707019635,0.00634920463736863,1,TP,0.754920463736863,3.405033079787908,False,OOS_0706_0803,False
ZAMA,F_pw_failed_breakout,2026-06-17 22:00:00+00:00,-1,-0.01952085181898849,-0.02222085181898849,-0.02072085181898849,864,TIME,8.414670215912452,10.006667008622241,False,OVERLAP_0601_0705,False
ZAMA,F_pw_failed_breakout,2026-07-07 03:00:00+00:00,-1,0.054478707782672414,0.05206620778267241,0.053278707782672415,588,TP,5.447870778267242,4.624089691595297,False,OOS_0706_0803,False
ZAMA,F_pw_failed_breakout,2026-07-17 14:00:00+00:00,-1,-0.021133021308598125,-0.02357156297526479,-0.022333021308598124,613,SL,4.895302773061692,2.1133021308598123,False,OOS_0706_0803,False
ZEC,C1_pw_tp0.5,2026-06-15 04:00:00+00:00,1,0.07463531057753656,0.07274468557753655,0.07343531057753655,87,TP,7.463531057753656,2.88612912003558,False,OVERLAP_0601_0705,True
ZEC,C1_pw_tp0.5,2026-06-23 08:00:00+00:00,-1,0.0946076241093056,0.09130762410930558,0.09340762410930559,1440,TIME,11.525527361663098,3.289591632466139,False,OVERLAP_0601_0705,True
ZEC,C1_pw_tp0.5,2026-07-04 16:00:00+00:00,1,-0.01111404560066153,-0.01302029560066153,-0.01231404560066153,102,SL,10.498492678725237,1.111404560066153,False,OVERLAP_0601_0705,True
ZEC,C1_pw_tp0.5,2026-07-07 17:00:00+00:00,1,-0.07698645527936045,-0.07898124694602712,-0.07818645527936045,187,SL,4.33561454171447,7.698645527936045,False,OOS_0706_0803,True
ZEC,C1_pw_tp0.5,2026-07-15 00:00:00+00:00,1,-0.04689954130006791,-0.04926099963340125,-0.04809954130006791,539,SL,6.7811166398101665,4.689954130006791,False,OOS_0706_0803,True
ZEC,C1_pw_tp0.5,2026-07-24 23:00:00+00:00,-1,-0.01749667776950826,-0.01981542776950826,-0.01869667776950826,498,SL,9.352665735644452,1.7496677769508262,False,OOS_0706_0803,True
ZEC,C1_pw_tp0.5,2026-07-28 09:00:00+00:00,-1,-0.021092971371291375,-0.02355338803795804,-0.022292971371291374,634,SL,8.060765111267582,2.1092971371291376,False,OOS_0706_0803,True
ZEC,C2_pw_tp0.25,2026-06-15 04:00:00+00:00,1,0.033223257823591215,0.03133784115692455,0.032023257823591215,82,TP,3.3223257823591217,2.88612912003558,False,OVERLAP_0601_0705,True
ZEC,C2_pw_tp0.25,2026-06-23 08:00:00+00:00,-1,0.049008771723537924,0.04681189672353792,0.047808771723537924,381,TP,4.900877172353792,3.289591632466139,False,OVERLAP_0601_0705,True
ZEC,C2_pw_tp0.25,2026-07-04 16:00:00+00:00,1,-0.01111404560066153,-0.01302029560066153,-0.01231404560066153,102,SL,5.313845822566756,1.111404560066153,False,OVERLAP_0601_0705,True
ZEC,C2_pw_tp0.25,2026-07-15 00:00:00+00:00,1,0.01909319497813119,0.017154653311464527,0.017893194978131192,133,TP,1.9093194978131192,4.689954130006791,False,OOS_0706_0803,True
ZEC,C2_pw_tp0.25,2026-07-24 23:00:00+00:00,-1,-0.01749667776950826,-0.01981542776950826,-0.01869667776950826,498,SL,4.3241189517785275,1.7496677769508262,False,OOS_0706_0803,True
ZEC,C2_pw_tp0.25,2026-07-28 09:00:00+00:00,-1,-0.021092971371291375,-0.02355338803795804,-0.022292971371291374,634,SL,3.576991188205421,2.1092971371291376,False,OOS_0706_0803,True
ZEC,F_pw_failed_breakout,2026-07-04 17:00:00+00:00,-1,-0.02967731804959316,-0.03235960971625983,-0.03087731804959316,847,SL,10.162715517241374,2.967731804959316,False,OVERLAP_0601_0705,True
ZEC,F_pw_failed_breakout,2026-07-08 09:00:00+00:00,-1,-0.09587069717607953,-0.09832798884274621,-0.09707069717607954,631,SL,10.26485143257651,9.587069717607953,False,OOS_0706_0803,True
ZEC,F_pw_failed_breakout,2026-07-16 10:00:00+00:00,-1,-0.02410453216374258,-0.02680453216374258,-0.02530453216374258,864,TIME,9.909539473684212,8.299202472079958,False,OOS_0706_0803,True
ZEC,F_pw_failed_breakout,2026-07-26 07:00:00+00:00,1,-0.04257273945260966,-0.04495503111927633,-0.04377273945260966,559,SL,9.617886178861776,4.257273945260966,False,OOS_0706_0803,True
ZEC,F_pw_failed_breakout,2026-07-28 16:00:00+00:00,1,-0.050735175032078146,-0.052685175032078146,-0.051935175032078146,144,SL,7.820024287090161,5.073517503207815,False,OOS_0706_0803,True
