symbol,entry_ts,exit_ts,side,entry,exit,gross_bps,net_bps,exit_reason,m
1000PEPE,2026-06-04 05:00:00+00:00,2026-06-04 05:00:00+00:00,-1,0.0030734,0.003027299,150.00000000000125,138.50000000000125,TP,6
1000PEPE,2026-06-05 22:00:00+00:00,2026-06-05 22:00:00+00:00,-1,0.0027489,0.0027076665,150.00000000000014,138.50000000000014,TP,6
1000PEPE,2026-06-06 00:00:00+00:00,2026-06-06 00:00:00+00:00,-1,0.0026951,0.0027355265,-149.99999999999903,-161.49999999999903,SL,6
1000PEPE,2026-06-10 17:00:00+00:00,2026-06-10 20:00:00+00:00,-1,0.0027279,0.0026869815,150.00000000000125,138.50000000000125,TP,6
1000PEPE,2026-06-29 06:00:00+00:00,2026-06-29 08:00:00+00:00,-1,0.0023649,0.0023294265,150.00000000000014,138.50000000000014,TP,6
1000PEPE,2026-07-14 18:00:00+00:00,2026-07-15 02:00:00+00:00,-1,0.0028221,0.0027797685,150.00000000000125,138.50000000000125,TP,7
1000PEPE,2026-07-20 17:00:00+00:00,2026-07-21 01:00:00+00:00,-1,0.0029137,0.0029248,-38.09589182139472,-49.59589182139472,TIME,7
1000PEPE,2026-07-21 09:00:00+00:00,2026-07-21 11:00:00+00:00,-1,0.0029289,0.0029728334999999995,-149.99999999999903,-161.49999999999903,SL,7
1000SHIB,2026-06-04 05:00:00+00:00,2026-06-04 07:00:00+00:00,-1,0.005101,0.0050244849999999995,150.00000000000014,138.50000000000014,TP,6
1000SHIB,2026-06-05 22:00:00+00:00,2026-06-05 23:00:00+00:00,-1,0.004616,0.00454676,150.00000000000014,138.50000000000014,TP,6
1000SHIB,2026-06-17 17:00:00+00:00,2026-06-17 18:00:00+00:00,-1,0.005,0.004925,150.00000000000125,138.50000000000125,TP,6
1000SHIB,2026-06-22 04:00:00+00:00,2026-06-22 11:00:00+00:00,-1,0.004654,0.004723809999999999,-149.99999999999903,-161.49999999999903,SL,6
1000SHIB,2026-06-29 06:00:00+00:00,2026-06-29 12:00:00+00:00,-1,0.004167,0.004229504999999999,-149.99999999999903,-161.49999999999903,SL,6
1000SHIB,2026-07-01 19:00:00+00:00,2026-07-01 22:00:00+00:00,-1,0.004303,0.004367545,-149.99999999999903,-161.49999999999903,SL,7
1000SHIB,2026-07-02 10:00:00+00:00,2026-07-02 13:00:00+00:00,-1,0.004309,0.004373635,-149.99999999999903,-161.49999999999903,SL,7
1000SHIB,2026-07-06 19:00:00+00:00,2026-07-06 21:00:00+00:00,-1,0.004401,0.004467015,-149.99999999999903,-161.49999999999903,SL,7
1000SHIB,2026-07-14 18:00:00+00:00,2026-07-15 02:00:00+00:00,-1,0.004223,0.0042,54.46365143263243,42.96365143263243,TIME,7
1000SHIB,2026-07-15 16:00:00+00:00,2026-07-15 16:00:00+00:00,-1,0.004275,0.004210875,150.00000000000014,138.50000000000014,TP,7
1000SHIB,2026-07-17 20:00:00+00:00,2026-07-18 03:00:00+00:00,-1,0.004136,0.004198039999999999,-149.99999999999903,-161.49999999999903,SL,7
1000SHIB,2026-07-21 09:00:00+00:00,2026-07-21 17:00:00+00:00,-1,0.004283,0.004265,42.026616857344656,30.526616857344656,TIME,7
1000SHIB,2026-07-27 00:00:00+00:00,2026-07-27 01:00:00+00:00,-1,0.005311,0.005231334999999999,150.00000000000125,138.50000000000125,TP,7
1000SHIB,2026-08-03 15:00:00+00:00,2026-08-03 16:00:00+00:00,-1,0.004897,0.0049704549999999995,-149.99999999999903,-161.49999999999903,SL,8
1000SHIB,2026-08-04 05:00:00+00:00,2026-08-04 06:00:00+00:00,-1,0.004992,0.00491712,150.00000000000014,138.50000000000014,TP,8
AAVE,2026-06-04 05:00:00+00:00,2026-06-04 05:00:00+00:00,-1,72.41,71.32385,150.00000000000014,138.50000000000014,TP,6
AAVE,2026-06-04 06:00:00+00:00,2026-06-04 06:00:00+00:00,-1,71.54,72.6131,-149.99999999999903,-161.49999999999903,SL,6
AAVE,2026-06-05 22:00:00+00:00,2026-06-05 22:00:00+00:00,-1,63.33,62.38005,150.00000000000014,138.50000000000014,TP,6
AAVE,2026-06-08 02:00:00+00:00,2026-06-08 05:00:00+00:00,-1,63.01,62.06485,150.00000000000014,138.50000000000014,TP,6
AAVE,2026-06-22 15:00:00+00:00,2026-06-22 15:00:00+00:00,-1,75.0,76.12499999999999,-149.99999999999903,-161.49999999999903,SL,6
AAVE,2026-06-25 07:00:00+00:00,2026-06-25 09:00:00+00:00,-1,81.4,82.621,-149.99999999999903,-161.49999999999903,SL,6
AAVE,2026-07-01 15:00:00+00:00,2026-07-01 17:00:00+00:00,-1,86.51,85.21235,150.00000000000014,138.50000000000014,TP,7
AAVE,2026-07-01 18:00:00+00:00,2026-07-01 22:00:00+00:00,-1,86.25,84.95625,150.00000000000014,138.50000000000014,TP,7
AAVE,2026-07-03 21:00:00+00:00,2026-07-04 01:00:00+00:00,-1,87.47,88.78204999999998,-149.99999999999903,-161.49999999999903,SL,7
AAVE,2026-07-06 00:00:00+00:00,2026-07-06 06:00:00+00:00,-1,89.0,90.335,-149.99999999999903,-161.49999999999903,SL,7
AAVE,2026-07-06 22:00:00+00:00,2026-07-06 23:00:00+00:00,-1,95.53,94.09705,150.00000000000014,138.50000000000014,TP,7
AAVE,2026-07-07 18:00:00+00:00,2026-07-07 18:00:00+00:00,-1,92.86,91.4671,150.00000000000014,138.50000000000014,TP,7
AAVE,2026-07-14 18:00:00+00:00,2026-07-15 02:00:00+00:00,-1,99.43,97.93855,150.00000000000014,138.50000000000014,TP,7
AAVE,2026-07-15 15:00:00+00:00,2026-07-15 16:00:00+00:00,-1,97.73,96.26405,150.00000000000014,138.50000000000014,TP,7
AAVE,2026-07-17 18:00:00+00:00,2026-07-17 23:00:00+00:00,-1,90.83,89.46755,149.99999999999903,138.49999999999903,TP,7
AAVE,2026-07-20 17:00:00+00:00,2026-07-21 00:00:00+00:00,-1,89.25,90.58874999999999,-149.99999999999903,-161.49999999999903,SL,7
AAVE,2026-07-29 08:00:00+00:00,2026-07-29 16:00:00+00:00,-1,98.19,98.64,-45.82951420714964,-57.32951420714964,TIME,7
AAVE,2026-08-03 17:00:00+00:00,2026-08-04 01:00:00+00:00,-1,93.06,92.94,12.894906511928816,1.3949065119288164,TIME,8
AAVE,2026-08-07 12:00:00+00:00,2026-08-07 20:00:00+00:00,-1,89.63,90.13,-55.78489345085424,-67.28489345085424,TIME,8
ADA,2026-06-04 05:00:00+00:00,2026-06-04 05:00:00+00:00,-1,0.1988,0.195818,150.00000000000014,138.50000000000014,TP,6
ADA,2026-06-04 14:00:00+00:00,2026-06-04 16:00:00+00:00,-1,0.1894,0.186559,150.00000000000014,138.50000000000014,TP,6
ADA,2026-06-05 23:00:00+00:00,2026-06-05 23:00:00+00:00,-1,0.1596,0.15720599999999998,150.00000000000014,138.50000000000014,TP,6
ADA,2026-06-06 00:00:00+00:00,2026-06-06 00:00:00+00:00,-1,0.1565,0.15884749999999997,-149.99999999999903,-161.49999999999903,SL,6
ADA,2026-06-07 08:00:00+00:00,2026-06-07 08:00:00+00:00,-1,0.1621,0.16453149999999997,-149.99999999999903,-161.49999999999903,SL,6
ADA,2026-06-10 17:00:00+00:00,2026-06-10 18:00:00+00:00,-1,0.162,0.16443,-149.99999999999903,-161.49999999999903,SL,6
ADA,2026-06-22 13:00:00+00:00,2026-06-22 15:00:00+00:00,-1,0.1619,0.1594715,150.00000000000014,138.50000000000014,TP,6
ADA,2026-07-01 19:00:00+00:00,2026-07-01 21:00:00+00:00,-1,0.1539,0.1562085,-149.99999999999903,-161.49999999999903,SL,7
ADA,2026-07-05 23:00:00+00:00,2026-07-06 03:00:00+00:00,-1,0.1905,0.1876425,150.00000000000014,138.50000000000014,TP,7
ADA,2026-07-06 19:00:00+00:00,2026-07-06 21:00:00+00:00,-1,0.1835,0.1862525,-149.99999999999903,-161.49999999999903,SL,7
ADA,2026-07-07 18:00:00+00:00,2026-07-07 19:00:00+00:00,-1,0.1778,0.175133,150.00000000000014,138.50000000000014,TP,7
ADA,2026-07-10 04:00:00+00:00,2026-07-10 12:00:00+00:00,-1,0.1675,0.1676,-5.970149253731183,-17.470149253731183,TIME,7
ADA,2026-07-14 18:00:00+00:00,2026-07-15 02:00:00+00:00,-1,0.1638,0.1627,67.15506715506692,55.65506715506692,TIME,7
ADA,2026-07-29 08:00:00+00:00,2026-07-29 16:00:00+00:00,-1,0.1643,0.1632,66.9506999391356,55.4506999391356,TIME,7
ADA,2026-08-07 12:00:00+00:00,2026-08-07 14:00:00+00:00,-1,0.2014,0.198379,150.00000000000014,138.50000000000014,TP,8
BNB,2026-06-04 05:00:00+00:00,2026-06-04 05:00:00+00:00,-1,614.68,605.4598,150.00000000000014,138.50000000000014,TP,6
BNB,2026-06-04 06:00:00+00:00,2026-06-04 09:00:00+00:00,-1,604.56,595.4916,150.00000000000014,138.50000000000014,TP,6
BNB,2026-06-05 22:00:00+00:00,2026-06-05 23:00:00+00:00,-1,576.76,568.1086,149.99999999999903,138.49999999999903,TP,6
BNB,2026-06-16 07:00:00+00:00,2026-06-16 13:00:00+00:00,-1,615.96,606.7206,150.00000000000125,138.50000000000125,TP,6
BNB,2026-06-17 16:00:00+00:00,2026-06-17 22:00:00+00:00,-1,605.95,596.86075,150.00000000000014,138.50000000000014,TP,6
BNB,2026-06-25 08:00:00+00:00,2026-06-25 11:00:00+00:00,-1,570.54,561.9819,149.99999999999903,138.49999999999903,TP,6
BNB,2026-06-29 06:00:00+00:00,2026-06-29 14:00:00+00:00,-1,553.79,551.08,48.93551707325749,37.43551707325749,TIME,6
BNB,2026-07-01 05:00:00+00:00,2026-07-01 10:00:00+00:00,-1,551.42,543.1487,150.00000000000014,138.50000000000014,TP,7
BNB,2026-07-01 22:00:00+00:00,2026-07-02 00:00:00+00:00,-1,556.62,548.2707,149.99999999999903,138.49999999999903,TP,7
BNB,2026-07-02 10:00:00+00:00,2026-07-02 13:00:00+00:00,-1,554.82,563.1423,-149.99999999999903,-161.49999999999903,SL,7
BNB,2026-07-05 23:00:00+00:00,2026-07-06 05:00:00+00:00,-1,592.08,583.1988,150.00000000000014,138.50000000000014,TP,7
BNB,2026-07-06 19:00:00+00:00,2026-07-07 03:00:00+00:00,-1,584.84,579.5,91.30702414335556,79.80702414335556,TIME,7
BNB,2026-07-09 08:00:00+00:00,2026-07-09 16:00:00+00:00,-1,573.19,570.23,51.64081718104008,40.14081718104008,TIME,7
BNB,2026-07-14 18:00:00+00:00,2026-07-15 02:00:00+00:00,-1,581.36,580.36,17.201045823586057,5.701045823586057,TIME,7
BNB,2026-07-15 15:00:00+00:00,2026-07-15 23:00:00+00:00,-1,582.17,581.03,19.5819090643623,8.0819090643623,TIME,7
BNB,2026-07-26 23:00:00+00:00,2026-07-27 07:00:00+00:00,-1,576.4,575.03,23.76821651630778,12.268216516307781,TIME,7
BNB,2026-08-03 15:00:00+00:00,2026-08-03 23:00:00+00:00,-1,590.24,589.73,8.64055299539146,-2.8594470046085405,TIME,8
BNB,2026-08-04 05:00:00+00:00,2026-08-04 13:00:00+00:00,-1,592.34,589.62,45.91957321808504,34.41957321808504,TIME,8
DOGE,2026-06-04 05:00:00+00:00,2026-06-04 07:00:00+00:00,-1,0.09071,0.08934935,150.00000000000014,138.50000000000014,TP,6
DOGE,2026-06-05 22:00:00+00:00,2026-06-05 23:00:00+00:00,-1,0.08309,0.08184364999999999,150.00000000000125,138.50000000000125,TP,6
DOGE,2026-06-06 00:00:00+00:00,2026-06-06 00:00:00+00:00,-1,0.08144,0.08266159999999999,-149.99999999999903,-161.49999999999903,SL,6
DOGE,2026-06-10 17:00:00+00:00,2026-06-10 20:00:00+00:00,-1,0.08411,0.08284835,150.00000000000014,138.50000000000014,TP,6
DOGE,2026-06-15 15:00:00+00:00,2026-06-15 22:00:00+00:00,-1,0.08951,0.08816735,150.00000000000014,138.50000000000014,TP,6
DOGE,2026-06-22 15:00:00+00:00,2026-06-22 19:00:00+00:00,-1,0.08394,0.0826809,150.00000000000014,138.50000000000014,TP,6
DOGE,2026-06-29 06:00:00+00:00,2026-06-29 14:00:00+00:00,-1,0.07306,0.07254,71.17437722420017,59.67437722420017,TIME,6
DOGE,2026-07-01 22:00:00+00:00,2026-07-01 23:00:00+00:00,-1,0.07341,0.07230885000000001,149.99999999999903,138.49999999999903,TP,7
DOGE,2026-07-06 16:00:00+00:00,2026-07-06 21:00:00+00:00,-1,0.07623,0.07737345,-149.99999999999903,-161.49999999999903,SL,7
DOGE,2026-07-09 08:00:00+00:00,2026-07-09 16:00:00+00:00,-1,0.07276,0.07268,10.995052226498991,-0.5049477735010086,TIME,7
DOGE,2026-07-20 19:00:00+00:00,2026-07-21 03:00:00+00:00,-1,0.07241,0.07276,-48.33586521198807,-59.83586521198807,TIME,7
DOGE,2026-07-30 12:00:00+00:00,2026-07-30 20:00:00+00:00,-1,0.0701,0.07055,-64.19400855920188,-75.69400855920188,TIME,7
DOGE,2026-08-07 12:00:00+00:00,2026-08-07 20:00:00+00:00,-1,0.06955,0.06971,-23.00503235082685,-34.50503235082685,TIME,8
ETH,2026-06-04 05:00:00+00:00,2026-06-04 07:00:00+00:00,-1,1804.61,1777.5408499999999,150.00000000000014,138.50000000000014,TP,6
ETH,2026-06-06 00:00:00+00:00,2026-06-06 03:00:00+00:00,-1,1581.74,1558.0139,150.00000000000014,138.50000000000014,TP,6
ETH,2026-06-10 17:00:00+00:00,2026-06-10 21:00:00+00:00,-1,1641.25,1616.63125,150.00000000000014,138.50000000000014,TP,6
ETH,2026-06-16 07:00:00+00:00,2026-06-16 08:00:00+00:00,-1,1771.08,1797.6461999999997,-149.99999999999903,-161.49999999999903,SL,6
ETH,2026-06-17 16:00:00+00:00,2026-06-17 18:00:00+00:00,-1,1772.98,1746.3853,150.00000000000014,138.50000000000014,TP,6
ETH,2026-06-22 15:00:00+00:00,2026-06-22 21:00:00+00:00,-1,1753.91,1727.6013500000001,150.00000000000014,138.50000000000014,TP,6
ETH,2026-07-05 23:00:00+00:00,2026-07-06 07:00:00+00:00,-1,1790.0,1771.37,104.07821229050373,92.57821229050373,TIME,7
ETH,2026-07-14 18:00:00+00:00,2026-07-15 02:00:00+00:00,-1,1870.78,1863.65,38.11244507638478,26.61244507638478,TIME,7
GIGGLE,2026-06-04 05:00:00+00:00,2026-06-04 05:00:00+00:00,-1,28.2,27.776999999999997,150.00000000000014,138.50000000000014,TP,6
GIGGLE,2026-06-04 06:00:00+00:00,2026-06-04 07:00:00+00:00,-1,28.21,27.78685,150.00000000000014,138.50000000000014,TP,6
GIGGLE,2026-06-07 23:00:00+00:00,2026-06-08 01:00:00+00:00,-1,29.44,28.9984,150.00000000000014,138.50000000000014,TP,6
GIGGLE,2026-06-08 02:00:00+00:00,2026-06-08 03:00:00+00:00,-1,29.38,28.9393,150.00000000000014,138.50000000000014,TP,6
GIGGLE,2026-06-10 17:00:00+00:00,2026-06-10 19:00:00+00:00,-1,27.54,27.1269,150.00000000000014,138.50000000000014,TP,6
GIGGLE,2026-06-12 11:00:00+00:00,2026-06-12 11:00:00+00:00,-1,27.26,27.668899999999997,-149.99999999999903,-161.49999999999903,SL,6
GIGGLE,2026-06-15 16:00:00+00:00,2026-06-15 19:00:00+00:00,-1,29.29,28.850649999999998,150.00000000000014,138.50000000000014,TP,6
GIGGLE,2026-06-17 18:00:00+00:00,2026-06-17 18:00:00+00:00,-1,29.22,28.781699999999997,150.00000000000014,138.50000000000014,TP,6
GIGGLE,2026-06-22 15:00:00+00:00,2026-06-22 19:00:00+00:00,-1,26.44,26.043400000000002,150.00000000000014,138.50000000000014,TP,6
GIGGLE,2026-06-29 19:00:00+00:00,2026-06-30 01:00:00+00:00,-1,24.95,24.57575,150.00000000000014,138.50000000000014,TP,6
GIGGLE,2026-07-01 22:00:00+00:00,2026-07-01 23:00:00+00:00,-1,25.09,24.71365,149.99999999999903,138.49999999999903,TP,7
GIGGLE,2026-07-02 14:00:00+00:00,2026-07-02 15:00:00+00:00,-1,25.08,24.703799999999998,150.00000000000014,138.50000000000014,TP,7
GIGGLE,2026-07-06 16:00:00+00:00,2026-07-07 00:00:00+00:00,-1,27.77,27.9,-46.81310767014723,-58.31310767014723,TIME,7
GIGGLE,2026-07-09 07:00:00+00:00,2026-07-09 15:00:00+00:00,-1,26.27,26.05,83.74571754853454,72.24571754853454,TIME,7
GIGGLE,2026-07-10 05:00:00+00:00,2026-07-10 13:00:00+00:00,-1,26.24,26.22,7.621951219511924,-3.8780487804880757,TIME,7
GIGGLE,2026-07-15 15:00:00+00:00,2026-07-15 16:00:00+00:00,-1,26.79,26.38815,150.00000000000014,138.50000000000014,TP,7
LINK,2026-06-04 05:00:00+00:00,2026-06-04 05:00:00+00:00,-1,8.213,8.089804999999998,150.00000000000125,138.50000000000125,TP,6
LINK,2026-06-04 06:00:00+00:00,2026-06-04 08:00:00+00:00,-1,8.131,8.009035,149.99999999999903,138.49999999999903,TP,6
LINK,2026-06-10 17:00:00+00:00,2026-06-10 18:00:00+00:00,-1,7.724,7.60814,150.00000000000014,138.50000000000014,TP,6
LINK,2026-06-22 15:00:00+00:00,2026-06-22 18:00:00+00:00,-1,8.013,7.892805,150.00000000000014,138.50000000000014,TP,6
LINK,2026-07-01 19:00:00+00:00,2026-07-01 21:00:00+00:00,-1,7.366,7.476489999999999,-149.99999999999903,-161.49999999999903,SL,7
LINK,2026-07-06 00:00:00+00:00,2026-07-06 05:00:00+00:00,-1,8.058,7.93713,150.00000000000014,138.50000000000014,TP,7
LINK,2026-07-14 18:00:00+00:00,2026-07-15 02:00:00+00:00,-1,8.261,8.276,-18.15760803776767,-29.65760803776767,TIME,7
LINK,2026-07-21 09:00:00+00:00,2026-07-21 17:00:00+00:00,-1,8.701,8.621,91.94345477531284,80.44345477531284,TIME,7
LINK,2026-08-03 16:00:00+00:00,2026-08-04 00:00:00+00:00,-1,8.249,8.125265,150.00000000000014,138.50000000000014,TP,8
LINK,2026-08-07 12:00:00+00:00,2026-08-07 20:00:00+00:00,-1,8.214,8.199,18.261504747991708,6.761504747991708,TIME,8
LTC,2026-06-04 05:00:00+00:00,2026-06-04 09:00:00+00:00,-1,46.46,45.7631,150.00000000000014,138.50000000000014,TP,6
LTC,2026-06-05 22:00:00+00:00,2026-06-05 23:00:00+00:00,-1,43.85,43.19225,150.00000000000014,138.50000000000014,TP,6
LTC,2026-06-07 08:00:00+00:00,2026-06-07 09:00:00+00:00,-1,41.9,42.528499999999994,-149.99999999999903,-161.49999999999903,SL,6
LTC,2026-06-10 17:00:00+00:00,2026-06-10 17:00:00+00:00,-1,42.38,41.7443,150.00000000000014,138.50000000000014,TP,6
LTC,2026-06-11 21:00:00+00:00,2026-06-12 05:00:00+00:00,-1,42.4,42.54,-33.01886792452802,-44.51886792452802,TIME,6
LTC,2026-06-15 15:00:00+00:00,2026-06-15 23:00:00+00:00,-1,45.79,45.74,10.919414719370302,-0.5805852806296983,TIME,6
LTC,2026-06-16 07:00:00+00:00,2026-06-16 08:00:00+00:00,-1,45.62,46.30429999999999,-149.99999999999903,-161.49999999999903,SL,6
LTC,2026-06-17 17:00:00+00:00,2026-06-17 19:00:00+00:00,-1,45.57,44.886449999999996,150.00000000000125,138.50000000000125,TP,6
LTC,2026-06-29 06:00:00+00:00,2026-06-29 08:00:00+00:00,-1,42.94,42.295899999999996,150.00000000000014,138.50000000000014,TP,6
LTC,2026-07-01 15:00:00+00:00,2026-07-01 15:00:00+00:00,-1,42.05,42.680749999999996,-149.99999999999903,-161.49999999999903,SL,7
LTC,2026-07-02 12:00:00+00:00,2026-07-02 13:00:00+00:00,-1,42.97,43.614549999999994,-149.99999999999903,-161.49999999999903,SL,7
LTC,2026-07-05 23:00:00+00:00,2026-07-06 02:00:00+00:00,-1,45.9,45.2115,149.99999999999903,138.49999999999903,TP,7
LTC,2026-07-09 08:00:00+00:00,2026-07-09 16:00:00+00:00,-1,44.02,43.87,34.0754202635174,22.5754202635174,TIME,7
LTC,2026-07-14 17:00:00+00:00,2026-07-14 22:00:00+00:00,-1,44.54,45.208099999999995,-149.99999999999903,-161.49999999999903,SL,7
LTC,2026-07-15 15:00:00+00:00,2026-07-15 16:00:00+00:00,-1,45.57,44.886449999999996,150.00000000000125,138.50000000000125,TP,7
LTC,2026-07-26 23:00:00+00:00,2026-07-27 01:00:00+00:00,-1,48.05,47.329249999999995,150.00000000000014,138.50000000000014,TP,7
LTC,2026-07-29 08:00:00+00:00,2026-07-29 16:00:00+00:00,-1,45.22,45.18,8.845643520566382,-2.654356479433618,TIME,7
LTC,2026-07-30 12:00:00+00:00,2026-07-30 20:00:00+00:00,-1,45.45,45.65,-44.00440044004306,-55.50440044004306,TIME,7
LTC,2026-08-03 15:00:00+00:00,2026-08-03 23:00:00+00:00,-1,44.43,44.26,38.262435291470666,26.762435291470666,TIME,8
LTC,2026-08-07 12:00:00+00:00,2026-08-07 20:00:00+00:00,-1,45.7,45.51,41.57549234135804,30.075492341358043,TIME,8
ONDO,2026-06-04 05:00:00+00:00,2026-06-04 05:00:00+00:00,-1,0.3936,0.387696,150.00000000000014,138.50000000000014,TP,6
ONDO,2026-06-04 06:00:00+00:00,2026-06-04 06:00:00+00:00,-1,0.3809,0.3866135,-149.99999999999903,-161.49999999999903,SL,6
ONDO,2026-06-04 07:00:00+00:00,2026-06-04 07:00:00+00:00,-1,0.3878,0.38198299999999996,150.00000000000014,138.50000000000014,TP,6
ONDO,2026-06-07 23:00:00+00:00,2026-06-07 23:00:00+00:00,-1,0.3424,0.34753599999999996,-149.99999999999903,-161.49999999999903,SL,6
ONDO,2026-06-10 17:00:00+00:00,2026-06-10 17:00:00+00:00,-1,0.3456,0.340416,150.00000000000014,138.50000000000014,TP,6
ONDO,2026-06-22 15:00:00+00:00,2026-06-22 16:00:00+00:00,-1,0.3362,0.331157,150.00000000000014,138.50000000000014,TP,6
ONDO,2026-06-25 06:00:00+00:00,2026-06-25 09:00:00+00:00,-1,0.3202,0.315397,150.00000000000014,138.50000000000014,TP,6
ONDO,2026-07-01 19:00:00+00:00,2026-07-01 21:00:00+00:00,-1,0.3181,0.3228715,-149.99999999999903,-161.49999999999903,SL,7
ONDO,2026-07-02 12:00:00+00:00,2026-07-02 12:00:00+00:00,-1,0.3335,0.3385025,-149.99999999999903,-161.49999999999903,SL,7
ONDO,2026-07-02 13:00:00+00:00,2026-07-02 16:00:00+00:00,-1,0.3354,0.33036899999999997,150.00000000000014,138.50000000000014,TP,7
ONDO,2026-07-06 18:00:00+00:00,2026-07-06 19:00:00+00:00,-1,0.3339,0.33890849999999995,-149.99999999999903,-161.49999999999903,SL,7
ONDO,2026-07-14 17:00:00+00:00,2026-07-15 00:00:00+00:00,-1,0.3152,0.31992799999999993,-149.99999999999903,-161.49999999999903,SL,7
ONDO,2026-07-17 20:00:00+00:00,2026-07-17 22:00:00+00:00,-1,0.3751,0.3694735,149.99999999999903,138.49999999999903,TP,7
ONDO,2026-08-03 17:00:00+00:00,2026-08-04 00:00:00+00:00,-1,0.3756,0.36996599999999996,150.00000000000125,138.50000000000125,TP,8
SOL,2026-06-04 05:00:00+00:00,2026-06-04 07:00:00+00:00,-1,70.83,69.76755,150.00000000000014,138.50000000000014,TP,6
SOL,2026-06-05 22:00:00+00:00,2026-06-05 22:00:00+00:00,-1,64.83,63.857549999999996,150.00000000000014,138.50000000000014,TP,6
SOL,2026-06-06 00:00:00+00:00,2026-06-06 00:00:00+00:00,-1,63.58,64.5337,-149.99999999999903,-161.49999999999903,SL,6
SOL,2026-06-22 13:00:00+00:00,2026-06-22 14:00:00+00:00,-1,74.38,73.26429999999999,150.00000000000014,138.50000000000014,TP,6
SOL,2026-06-22 15:00:00+00:00,2026-06-22 21:00:00+00:00,-1,73.4,72.299,150.00000000000014,138.50000000000014,TP,6
SOL,2026-07-06 00:00:00+00:00,2026-07-06 05:00:00+00:00,-1,81.54,80.3169,150.00000000000014,138.50000000000014,TP,7
SOL,2026-07-14 17:00:00+00:00,2026-07-15 01:00:00+00:00,-1,77.24,77.38,-18.125323666493554,-29.625323666493554,TIME,7
SOL,2026-07-21 09:00:00+00:00,2026-07-21 17:00:00+00:00,-1,78.33,77.7,80.42895442359143,68.92895442359143,TIME,7
SUI,2026-06-04 05:00:00+00:00,2026-06-04 05:00:00+00:00,-1,0.8042,0.792137,150.00000000000014,138.50000000000014,TP,6
SUI,2026-06-04 06:00:00+00:00,2026-06-04 06:00:00+00:00,-1,0.7936,0.8055039999999999,-149.99999999999903,-161.49999999999903,SL,6
SUI,2026-06-07 08:00:00+00:00,2026-06-07 08:00:00+00:00,-1,0.752,0.76328,-149.99999999999903,-161.49999999999903,SL,6
SUI,2026-06-07 09:00:00+00:00,2026-06-07 12:00:00+00:00,-1,0.7576,0.746236,150.00000000000014,138.50000000000014,TP,6
SUI,2026-06-10 17:00:00+00:00,2026-06-10 20:00:00+00:00,-1,0.7421,0.7309685,149.99999999999903,138.49999999999903,TP,6
SUI,2026-06-19 15:00:00+00:00,2026-06-19 23:00:00+00:00,-1,0.7136,0.7163,-37.8363228699552,-49.3363228699552,TIME,6
SUI,2026-07-01 19:00:00+00:00,2026-07-01 21:00:00+00:00,-1,0.7132,0.7238979999999998,-149.99999999999903,-161.49999999999903,SL,7
SUI,2026-07-06 00:00:00+00:00,2026-07-06 04:00:00+00:00,-1,0.7565,0.7451525,149.99999999999903,138.49999999999903,TP,7
SUI,2026-07-06 16:00:00+00:00,2026-07-06 21:00:00+00:00,-1,0.7438,0.754957,-149.99999999999903,-161.49999999999903,SL,7
SUI,2026-07-14 18:00:00+00:00,2026-07-15 02:00:00+00:00,-1,0.7559,0.751,64.8233893372141,53.323389337214095,TIME,7
SUI,2026-07-21 09:00:00+00:00,2026-07-21 17:00:00+00:00,-1,0.772,0.764,103.62694300518172,92.12694300518172,TIME,7
SUI,2026-08-07 12:00:00+00:00,2026-08-07 14:00:00+00:00,-1,0.6746,0.664481,150.00000000000014,138.50000000000014,TP,8
TAO,2026-06-04 05:00:00+00:00,2026-06-04 05:00:00+00:00,-1,221.25,217.93125,150.00000000000014,138.50000000000014,TP,6
TAO,2026-06-04 06:00:00+00:00,2026-06-04 06:00:00+00:00,-1,218.57,221.84854999999996,-149.99999999999903,-161.49999999999903,SL,6
TAO,2026-06-10 17:00:00+00:00,2026-06-10 17:00:00+00:00,-1,208.66,205.5301,150.00000000000014,138.50000000000014,TP,6
TAO,2026-06-15 15:00:00+00:00,2026-06-15 15:00:00+00:00,-1,272.46,276.54689999999994,-149.99999999999903,-161.49999999999903,SL,6
TAO,2026-06-15 16:00:00+00:00,2026-06-15 20:00:00+00:00,-1,273.01,268.91485,150.00000000000014,138.50000000000014,TP,6
TAO,2026-06-19 15:00:00+00:00,2026-06-19 17:00:00+00:00,-1,225.57,222.18644999999998,150.00000000000014,138.50000000000014,TP,6
TAO,2026-06-22 02:00:00+00:00,2026-06-22 03:00:00+00:00,-1,232.86,229.36710000000002,150.00000000000014,138.50000000000014,TP,6
TAO,2026-06-22 04:00:00+00:00,2026-06-22 07:00:00+00:00,-1,228.48,231.90719999999996,-149.99999999999903,-161.49999999999903,SL,6
TAO,2026-06-22 15:00:00+00:00,2026-06-22 23:00:00+00:00,-1,231.13,227.66305,150.00000000000014,138.50000000000014,TP,6
TAO,2026-06-25 06:00:00+00:00,2026-06-25 07:00:00+00:00,-1,219.56,222.8534,-149.99999999999903,-161.49999999999903,SL,6
TAO,2026-06-29 06:00:00+00:00,2026-06-29 13:00:00+00:00,-1,207.07,203.96394999999998,150.00000000000014,138.50000000000014,TP,6
TAO,2026-07-06 16:00:00+00:00,2026-07-06 16:00:00+00:00,-1,212.04,215.22059999999996,-149.99999999999903,-161.49999999999903,SL,7
TAO,2026-07-10 04:00:00+00:00,2026-07-10 07:00:00+00:00,-1,214.96,211.7356,150.00000000000014,138.50000000000014,TP,7
TAO,2026-07-14 18:00:00+00:00,2026-07-15 01:00:00+00:00,-1,202.08,199.0488,150.00000000000014,138.50000000000014,TP,7
TAO,2026-07-17 20:00:00+00:00,2026-07-18 04:00:00+00:00,-1,193.47,193.43,2.0675040057882565,-9.432495994211743,TIME,7
TAO,2026-07-20 18:00:00+00:00,2026-07-21 02:00:00+00:00,-1,195.86,192.9221,150.00000000000014,138.50000000000014,TP,7
TAO,2026-07-29 08:00:00+00:00,2026-07-29 16:00:00+00:00,-1,193.44,190.5384,150.00000000000014,138.50000000000014,TP,7
TAO,2026-08-03 15:00:00+00:00,2026-08-03 21:00:00+00:00,-1,189.8,192.647,-149.99999999999903,-161.49999999999903,SL,8
TAO,2026-08-07 13:00:00+00:00,2026-08-07 21:00:00+00:00,-1,193.23,193.72,-25.358381203748337,-36.85838120374834,TIME,8
UNI,2026-06-04 05:00:00+00:00,2026-06-04 07:00:00+00:00,-1,2.739,2.697915,149.99999999999903,138.49999999999903,TP,6
UNI,2026-06-08 10:00:00+00:00,2026-06-08 15:00:00+00:00,-1,2.534,2.5720099999999997,-149.99999999999903,-161.49999999999903,SL,6
UNI,2026-06-10 17:00:00+00:00,2026-06-10 18:00:00+00:00,-1,2.466,2.4290100000000003,149.99999999999903,138.49999999999903,TP,6
UNI,2026-06-11 20:00:00+00:00,2026-06-12 04:00:00+00:00,-1,2.507,2.524,-67.81013163143169,-79.31013163143169,TIME,6
UNI,2026-06-17 17:00:00+00:00,2026-06-17 19:00:00+00:00,-1,3.297,3.247545,150.00000000000014,138.50000000000014,TP,6
UNI,2026-06-22 04:00:00+00:00,2026-06-22 05:00:00+00:00,-1,3.003,3.0480449999999997,-149.99999999999903,-161.49999999999903,SL,6
UNI,2026-06-29 19:00:00+00:00,2026-06-29 21:00:00+00:00,-1,2.971,2.926435,150.00000000000014,138.50000000000014,TP,6
UNI,2026-07-01 19:00:00+00:00,2026-07-01 21:00:00+00:00,-1,2.799,2.840985,-149.99999999999903,-161.49999999999903,SL,7
UNI,2026-07-03 21:00:00+00:00,2026-07-03 22:00:00+00:00,-1,3.269,3.219965,150.00000000000014,138.50000000000014,TP,7
UNI,2026-07-06 00:00:00+00:00,2026-07-06 05:00:00+00:00,-1,3.171,3.1234349999999997,150.00000000000014,138.50000000000014,TP,7
UNI,2026-07-14 17:00:00+00:00,2026-07-15 01:00:00+00:00,-1,3.685,3.647,103.12075983717861,91.62075983717861,TIME,7
UNI,2026-07-26 23:00:00+00:00,2026-07-27 00:00:00+00:00,-1,3.896,3.83756,150.00000000000014,138.50000000000014,TP,7
UNI,2026-08-03 15:00:00+00:00,2026-08-03 15:00:00+00:00,-1,4.029,3.968565,150.00000000000014,138.50000000000014,TP,8
UNI,2026-08-03 16:00:00+00:00,2026-08-04 00:00:00+00:00,-1,3.923,3.897,66.27580932959565,54.775809329595646,TIME,8
UNI,2026-08-04 05:00:00+00:00,2026-08-04 13:00:00+00:00,-1,3.879,3.820815,150.00000000000014,138.50000000000014,TP,8
XLM,2026-06-04 07:00:00+00:00,2026-06-04 07:00:00+00:00,-1,0.21086,0.2076971,150.00000000000014,138.50000000000014,TP,6
XLM,2026-06-04 14:00:00+00:00,2026-06-04 15:00:00+00:00,-1,0.2094,0.21254099999999998,-149.99999999999903,-161.49999999999903,SL,6
XLM,2026-06-04 16:00:00+00:00,2026-06-04 19:00:00+00:00,-1,0.20682,0.20992229999999998,-149.99999999999903,-161.49999999999903,SL,6
XLM,2026-06-07 03:00:00+00:00,2026-06-07 03:00:00+00:00,-1,0.21287,0.20967695,150.00000000000014,138.50000000000014,TP,6
XLM,2026-06-07 04:00:00+00:00,2026-06-07 06:00:00+00:00,-1,0.21098,0.2078153,150.00000000000014,138.50000000000014,TP,6
XLM,2026-06-07 08:00:00+00:00,2026-06-07 08:00:00+00:00,-1,0.21011,0.20695834999999999,150.00000000000014,138.50000000000014,TP,6
XLM,2026-06-07 09:00:00+00:00,2026-06-07 12:00:00+00:00,-1,0.2067,0.2035995,150.00000000000014,138.50000000000014,TP,6
XLM,2026-06-07 23:00:00+00:00,2026-06-07 23:00:00+00:00,-1,0.20414,0.20720209999999997,-149.99999999999903,-161.49999999999903,SL,6
XLM,2026-06-08 02:00:00+00:00,2026-06-08 03:00:00+00:00,-1,0.20368,0.2006248,150.00000000000014,138.50000000000014,TP,6
XLM,2026-06-08 13:00:00+00:00,2026-06-08 14:00:00+00:00,-1,0.20395,0.20089074999999998,150.00000000000014,138.50000000000014,TP,6
XLM,2026-06-09 20:00:00+00:00,2026-06-09 22:00:00+00:00,-1,0.19565,0.19271524999999998,150.00000000000125,138.50000000000125,TP,6
XLM,2026-06-10 17:00:00+00:00,2026-06-10 18:00:00+00:00,-1,0.18714,0.1843329,150.00000000000014,138.50000000000014,TP,6
XLM,2026-06-17 17:00:00+00:00,2026-06-17 18:00:00+00:00,-1,0.2265,0.2231025,150.00000000000014,138.50000000000014,TP,6
XLM,2026-06-22 04:00:00+00:00,2026-06-22 07:00:00+00:00,-1,0.21039,0.21354584999999998,-149.99999999999903,-161.49999999999903,SL,6
XLM,2026-06-22 15:00:00+00:00,2026-06-22 16:00:00+00:00,-1,0.21081,0.20764785,150.00000000000014,138.50000000000014,TP,6
XLM,2026-06-24 23:00:00+00:00,2026-06-25 01:00:00+00:00,-1,0.18549,0.18827234999999998,-149.99999999999903,-161.49999999999903,SL,6
XLM,2026-06-25 06:00:00+00:00,2026-06-25 09:00:00+00:00,-1,0.18779,0.18497315,150.00000000000014,138.50000000000014,TP,6
XLM,2026-07-01 15:00:00+00:00,2026-07-01 15:00:00+00:00,-1,0.20002,0.2030203,-149.99999999999903,-161.49999999999903,SL,7
XLM,2026-07-01 19:00:00+00:00,2026-07-01 19:00:00+00:00,-1,0.19907,0.20205605,-149.99999999999903,-161.49999999999903,SL,7
XLM,2026-07-02 13:00:00+00:00,2026-07-02 13:00:00+00:00,-1,0.19924,0.20222859999999998,-149.99999999999903,-161.49999999999903,SL,7
XLM,2026-07-02 14:00:00+00:00,2026-07-02 14:00:00+00:00,-1,0.20163,0.19860555,150.00000000000014,138.50000000000014,TP,7
XLM,2026-07-06 01:00:00+00:00,2026-07-06 08:00:00+00:00,-1,0.20133,0.20434995,-149.99999999999903,-161.49999999999903,SL,7
XLM,2026-07-06 16:00:00+00:00,2026-07-06 21:00:00+00:00,-1,0.19965,0.20264474999999998,-149.99999999999903,-161.49999999999903,SL,7
XLM,2026-07-07 18:00:00+00:00,2026-07-07 19:00:00+00:00,-1,0.19392,0.19101120000000002,149.99999999999903,138.49999999999903,TP,7
XLM,2026-07-09 07:00:00+00:00,2026-07-09 15:00:00+00:00,-1,0.18184,0.18128,30.796304443466703,19.296304443466703,TIME,7
XLM,2026-07-14 17:00:00+00:00,2026-07-15 01:00:00+00:00,-1,0.18449,0.18377,39.02650550165365,27.526505501653652,TIME,7
XLM,2026-07-15 16:00:00+00:00,2026-07-15 18:00:00+00:00,-1,0.18614,0.1889321,-149.99999999999903,-161.49999999999903,SL,7
XLM,2026-07-17 19:00:00+00:00,2026-07-18 03:00:00+00:00,-1,0.18684,0.1846,119.88867480197118,108.38867480197118,TIME,7
XLM,2026-08-03 15:00:00+00:00,2026-08-03 23:00:00+00:00,-1,0.17226,0.17126,58.05178218971307,46.55178218971307,TIME,8
XLM,2026-08-07 12:00:00+00:00,2026-08-07 20:00:00+00:00,-1,0.16121,0.16205,-52.1059487624842,-63.6059487624842,TIME,8
XRP,2026-06-04 05:00:00+00:00,2026-06-04 07:00:00+00:00,-1,1.2009,1.1828865,150.00000000000125,138.50000000000125,TP,6
XRP,2026-06-05 22:00:00+00:00,2026-06-05 23:00:00+00:00,-1,1.1108,1.094138,150.00000000000014,138.50000000000014,TP,6
XRP,2026-06-06 00:00:00+00:00,2026-06-06 04:00:00+00:00,-1,1.0977,1.0812344999999999,150.00000000000014,138.50000000000014,TP,6
XRP,2026-06-10 17:00:00+00:00,2026-06-10 19:00:00+00:00,-1,1.1135,1.0967974999999999,150.00000000000014,138.50000000000014,TP,6
XRP,2026-06-22 04:00:00+00:00,2026-06-22 11:00:00+00:00,-1,1.1295,1.1464424999999998,-149.99999999999903,-161.49999999999903,SL,6
XRP,2026-06-22 15:00:00+00:00,2026-06-22 21:00:00+00:00,-1,1.1427,1.1255595,150.00000000000014,138.50000000000014,TP,6
XRP,2026-06-29 06:00:00+00:00,2026-06-29 12:00:00+00:00,-1,1.0478,1.063517,-149.99999999999903,-161.49999999999903,SL,6
XRP,2026-07-01 22:00:00+00:00,2026-07-02 00:00:00+00:00,-1,1.0658,1.049813,150.00000000000014,138.50000000000014,TP,7
XRP,2026-07-06 16:00:00+00:00,2026-07-06 21:00:00+00:00,-1,1.1414,1.158521,-149.99999999999903,-161.49999999999903,SL,7
XRP,2026-07-06 22:00:00+00:00,2026-07-07 02:00:00+00:00,-1,1.1535,1.1361975,150.00000000000014,138.50000000000014,TP,7
XRP,2026-07-14 18:00:00+00:00,2026-07-14 19:00:00+00:00,-1,1.1037,1.1202554999999998,-149.99999999999903,-161.49999999999903,SL,7
XRP,2026-08-07 12:00:00+00:00,2026-08-07 16:00:00+00:00,-1,1.0328,1.0173079999999999,150.00000000000014,138.50000000000014,TP,8
