sym,slot,K,H,n,mean,lo,hi,ctrl_n,ctrl_mean
BTC,0830ET,3,15,9,0.015935168541884058,-0.13459554298594628,0.18665285440132157,59,-0.11974416835139264
BTC,0830ET,3,30,9,0.043569099984395177,-0.15016220594195928,0.25650604633178153,59,-0.1011960251945101
BTC,0830ET,3,60,9,0.264453326922091,-0.07514457714676809,0.5507878807797882,59,-0.11042372097957455
BTC,0830ET,5,15,7,0.001250345732960492,-0.17121965475050108,0.2056403557543455,61,-0.11361052190140873
BTC,0830ET,5,30,7,0.06530014658184602,-0.18945190356041572,0.32377152789387587,61,-0.09894335430638462
BTC,0830ET,5,60,7,0.2367379145456517,-0.18557854068758192,0.5998153458829184,61,-0.09495221307074823
BTC,1000ET,3,15,4,-0.19195019311644543,-0.6120982628580178,0.03655573896711524,64,-0.1298052313564984
BTC,1000ET,3,30,4,-0.04137267799832778,-0.5203196864285704,0.4513301201408363,64,-0.09115671830191865
BTC,1000ET,3,60,4,0.5449796510278632,0.12785147665458527,0.8935101196841377,64,-0.18597655378766195
BTC,1000ET,5,15,1,0.03178849780494164,,,67,-0.13592722503114363
BTC,1000ET,5,30,1,0.6878350803491039,,,67,-0.09981128005470462
BTC,1000ET,5,60,1,0.766710584820128,,,67,-0.1565565884047618
BTC,1400ET_FOMC,3,15,3,-0.18268095655716632,-0.49427933792077366,0.1490578855771989,65,-0.1448372277976799
BTC,1400ET_FOMC,3,30,3,-0.41078601134278436,-0.972396007687062,-0.10993320836274949,65,-0.14461341346536097
BTC,1400ET_FOMC,3,60,3,-0.07973856421298135,-0.11313627842915343,-0.04621951711723817,65,-0.22142739667684178
BTC,1400ET_FOMC,5,15,1,0.1490578855771989,,,67,-0.15091821734474464
BTC,1400ET_FOMC,5,30,1,-0.10993320836274947,,,67,-0.15704920449125473
BTC,1400ET_FOMC,5,60,1,-0.11313627842915343,,,67,-0.21669940594335083
ETH,0830ET,3,15,7,0.1905342049929222,-0.030762687679520423,0.5105903501390255,61,-0.10023677114905512
ETH,0830ET,3,30,7,0.6197858085091347,-0.058182877046373406,1.409549540183438,61,-0.11721334367114307
ETH,0830ET,3,60,7,0.8673312271042423,0.00012256580930998696,1.8449994200770927,61,-0.07295901000207532
ETH,0830ET,5,15,6,0.17266936837902738,-0.0661118006126614,0.514478331761227,62,-0.09381806153896888
ETH,0830ET,5,30,6,0.7423688629642907,-0.03682259597041473,1.6095469852531537,62,-0.1171891368090569
ETH,0830ET,5,60,6,0.9244952213675931,-0.12711983308888908,2.0189134505938084,62,-0.06332503788068479
ETH,1000ET,3,15,5,-0.4008009883775996,-0.8237332902318666,-0.08966256793019708,63,-0.17616133763503536
ETH,1000ET,3,30,5,-0.41789723050523264,-0.9153396651105499,0.07954520410008473,63,-0.11959621061478784
ETH,1000ET,3,60,5,-0.024835936544762127,-0.8590458936329947,0.8261561208568151,63,-0.2388873683152489
ETH,1000ET,5,15,0,,,,68,-0.19267895901316506
ETH,1000ET,5,30,0,,,,68,-0.14153010913614406
ETH,1000ET,5,60,0,,,,68,-0.2231482924497719
ETH,1400ET_FOMC,3,15,2,-0.24364826469271386,,,66,-0.17190119908342788
ETH,1400ET_FOMC,3,30,2,-0.6916358363012478,,,66,-0.1888955349176126
ETH,1400ET_FOMC,3,60,2,-0.3026507986735482,,,66,-0.23020336885832207
ETH,1400ET_FOMC,5,15,1,-0.555397053016611,,,67,-0.16831908381903074
ETH,1400ET_FOMC,5,30,1,-1.1632903131949286,,,67,-0.18935950244731345
ETH,1400ET_FOMC,5,60,1,-0.3745877756302393,,,67,-0.2302109875577032
SOL,0830ET,3,15,13,0.04240499954582395,-0.08638502651584154,0.1901686808400426,55,-0.10424373094936601
SOL,0830ET,3,30,13,0.09116641738928195,-0.14294992291491895,0.3650422093055359,55,-0.11878069746799368
SOL,0830ET,3,60,13,0.300504367028903,-0.11781701665397382,0.7194253127295516,55,-0.13632729970316163
SOL,0830ET,5,15,9,0.059983634094567834,-0.10674565351800772,0.2523359523467724,59,-0.09698293076221236
SOL,0830ET,5,30,9,0.08711353219109001,-0.22250458214965013,0.4483678487973351,59,-0.10392875804065757
SOL,0830ET,5,60,9,0.45901403702289756,-0.08341032074586528,1.0313893903370948,59,-0.1308910346695632
SOL,1000ET,3,15,5,0.01228630918435386,-0.2777898903366276,0.4182962301908996,63,-0.12881563247705272
SOL,1000ET,3,30,5,-0.11472666191337817,-0.5265330496906004,0.1875572375870997,63,-0.05381262899261394
SOL,1000ET,3,60,5,0.05410039101705623,-0.7015739810245268,0.8972024708940515,63,-0.1494854256037571
SOL,1000ET,5,15,2,-0.16960826173204002,,,66,-0.11688995116164351
SOL,1000ET,5,30,2,-0.04878132463689529,,,66,-0.05857979222466333
SOL,1000ET,5,60,2,0.4621433418309506,,,66,-0.1525964627517169
SOL,1400ET_FOMC,3,15,3,-0.12030979159246352,-0.2144414463033019,-0.06644530727004117,65,-0.14955825042709606
SOL,1400ET_FOMC,3,30,3,-0.20153326247139317,-0.5922072315164713,0.10760744410229178,65,-0.14182707731695426
SOL,1400ET_FOMC,3,60,3,0.10295366110743598,0.04066407818985748,0.22629728289824871,65,-0.20267891919213446
SOL,1400ET_FOMC,5,15,1,-0.21444144630330192,,,67,-0.14728021203336322
SOL,1400ET_FOMC,5,30,1,-0.5922072315164713,,,67,-0.137778396738802
SOL,1400ET_FOMC,5,60,1,0.04189962223420174,,,67,-0.19264430427463633
XRP,0830ET,3,15,10,0.030936256334480522,-0.17893538392397818,0.24620934184753265,58,-0.10871879035972035
XRP,0830ET,3,30,10,0.08120586412558659,-0.17345437680036058,0.3378949250111292,58,-0.0833551121197937
XRP,0830ET,3,60,10,0.6543362125887753,0.11613354890751039,1.2350723603051383,58,-0.09173057522117756
XRP,0830ET,5,15,5,0.2569532852867372,0.010305922819919123,0.4620913449318545,63,-0.11557291593575653
XRP,0830ET,5,30,5,0.34641520717514707,0.08174052775793271,0.6440289824688289,63,-0.09134307773917308
XRP,0830ET,5,60,5,1.1889697673859694,0.296288404331579,1.9406757497039577,63,-0.07495015990270464
XRP,1000ET,3,15,2,-0.14170255613596822,,,66,-0.1771081738460385
XRP,1000ET,3,30,2,-0.06767904262757393,,,66,-0.10402949962791344
XRP,1000ET,3,60,2,0.4494737547050163,,,66,-0.17696177240150246
XRP,1000ET,5,15,0,,,,68,-0.17606683214868354
XRP,1000ET,5,30,0,,,,68,-0.10296036853966817
XRP,1000ET,5,60,0,,,,68,-0.15853719807484015
XRP,1400ET_FOMC,3,15,3,0.05262143247382466,-0.21178522257915466,0.2495832948350738,65,-0.2224325342514264
XRP,1400ET_FOMC,3,30,3,-0.24279578789844322,-0.46878384580080806,0.12834437086091818,65,-0.19976146775639858
XRP,1400ET_FOMC,3,60,3,-0.1003574444494643,-0.3766225165562999,0.4066561951399832,65,-0.2950221363840735
XRP,1400ET_FOMC,5,15,2,0.18482476000031434,,,66,-0.22227121134730107
XRP,1400ET_FOMC,5,30,2,-0.12980175894726076,,,66,-0.20383756439343512
XRP,1400ET_FOMC,5,60,2,0.015016839291841638,,,66,-0.2955688617711644
DOGE,0830ET,3,15,1,-0.23405759908753457,,,67,-0.10475698772673106
DOGE,0830ET,3,30,1,-0.3053435985172387,,,67,-0.0929768750567949
DOGE,0830ET,3,60,1,-0.13425719988593687,,,67,-0.11480298405656611
DOGE,0830ET,5,15,0,,,,68,-0.10665846730556641
DOGE,0830ET,5,30,0,,,,68,-0.09609991510768377
DOGE,0830ET,5,60,0,,,,68,-0.11508907546582156
DOGE,1000ET,3,15,1,-0.02511047851430037,,,67,-0.06627640841325898
DOGE,1000ET,3,30,1,-0.20133387555917648,,,67,0.007578959617281207
DOGE,1000ET,3,60,1,-0.5402250237223867,,,67,-0.00547053651290819
DOGE,1000ET,5,15,0,,,,68,-0.06567102709121547
DOGE,1000ET,5,30,0,,,,68,0.004506712041156819
DOGE,1000ET,5,60,0,,,,68,-0.01333457308951817
DOGE,1400ET_FOMC,3,15,1,-0.345542712151124,,,67,-0.18713648308208172
DOGE,1400ET_FOMC,3,30,1,-0.7543388779250154,,,67,-0.21072893543477075
DOGE,1400ET_FOMC,3,60,1,-0.06361432196222389,,,67,-0.30593118274527387
DOGE,1400ET_FOMC,5,15,0,,,,68,-0.1894659864507441
DOGE,1400ET_FOMC,5,30,0,,,,68,-0.21872319929492143
DOGE,1400ET_FOMC,5,60,0,,,,68,-0.3023676994984643
